[Licensing::Module] Trying to connect to existing licensing client channel...
Built from '6000.5/staging' branch; Version is '6000.5.4f1 (d550df8bd089) revision 13979871'; Using compiler version '194234433'; Build Type 'Release'
OS: 'Windows 11  (10.0.26200) Core' Language: 'en' Physical Memory: 16016 MB
BatchMode: 1, IsHumanControllingUs: 0, StartBugReporterOnCrash: 0, Is64bit: 1
System  architecture: x64
Process architecture: x64
Date: 2026-07-30T13:56:48Z
[Licensing::IpcConnector] Successfully connected to: "LicenseClient-User" at "2026-07-30T13:56:48.231687Z"

COMMAND LINE ARGUMENTS:
C:\Program Files\Unity\Hub\Editor\6000.5.4f1\Editor\Unity.exe
-adb2
-batchMode
-noUpm
-name
AssetImportWorkerHW0
-projectPath
C:/Users/User/InnvationChallenge/earth/My project (1)
-logFile
Logs/AssetImportWorkerHW0.log
-srvPort
56433
-parentPid
19140
-analyticsCloudUserId
anonymous
-analyticsCloudProjectId
a71e73b8-e509-432a-9909-3fdc3814ea85
-analyticsLocalProjectId
95543f3c1bdcaf14db9858cf1e7a5ca6
-licensingIpc
LicenseClient-User
-noDiagnosticSwitchPersistentStore
-job-worker-count
5
-background-job-worker-count
8
-asset-garbage-collectors
1
-force-d3d12
-name
AssetImport
Successfully changed project path to: C:/Users/User/InnvationChallenge/earth/My project (1)
C:/Users/User/InnvationChallenge/earth/My project (1)
[UnityMemory] Configuration Parameters - Can be set up in boot.config
    "memorysetup-temp-allocator-size-gi-baking-worker=262144"
    "memorysetup-temp-allocator-size-gi-baking-worker=262144"
    "memorysetup-temp-allocator-size-gi-baking-worker=262144"
    "memorysetup-temp-allocator-size-gi-baking-worker=262144"
    "memorysetup-temp-allocator-size-gi-baking-worker=262144"
    "memorysetup-temp-allocator-size-nav-mesh-worker=65536"
    "memorysetup-temp-allocator-size-audio-worker=65536"
    "memorysetup-temp-allocator-size-cloud-worker=32768"
    "memorysetup-temp-allocator-size-gfx=262144"
    "memorysetup-temp-allocator-size-preload-manager=33554432"
    "memorysetup-allocator-temp-initial-block-size-main=262144"
    "memorysetup-allocator-temp-initial-block-size-worker=262144"
    "memorysetup-temp-allocator-size-job-worker=262144"
    "memorysetup-temp-allocator-size-background-worker=32768"
    "memorysetup-bucket-allocator-granularity=16"
    "memorysetup-bucket-allocator-bucket-count=8"
    "memorysetup-bucket-allocator-block-size=33554432"
    "memorysetup-bucket-allocator-block-count=8"
    "memorysetup-main-allocator-block-size=16777216"
    "memorysetup-thread-allocator-block-size=16777216"
    "memorysetup-main-allocator-mimalloc-enabled=0"
    "memorysetup-gfx-main-allocator-block-size=16777216"
    "memorysetup-gfx-thread-allocator-block-size=16777216"
    "memorysetup-cache-allocator-block-size=4194304"
    "memorysetup-typetree-allocator-block-size=2097152"
    "memorysetup-profiler-bucket-allocator-granularity=16"
    "memorysetup-profiler-bucket-allocator-bucket-count=8"
    "memorysetup-profiler-bucket-allocator-block-size=33554432"
    "memorysetup-profiler-bucket-allocator-block-count=8"
    "memorysetup-profiler-allocator-block-size=16777216"
    "memorysetup-profiler-editor-allocator-block-size=1048576"
    "memorysetup-temp-allocator-size-main=16777216"
    "memorysetup-job-temp-allocator-block-size=2097152"
    "memorysetup-job-temp-allocator-block-size-background=1048576"
    "memorysetup-job-temp-allocator-reduction-small-platforms=262144"
Player connection [29632]  Target information:

Player connection [29632]  * "[IP] 192.168.1.9 [Port] 0 [Flags] 2 [Guid] 2789094834 [EditorId] 2789094834 [Version] 1048832 [Id] WindowsEditor(7,DESKTOP-8VBDTJF) [Debug] 1 [PackageName] WindowsEditor [ProjectName] Editor" 

Player connection [29632] Host joined multi-casting on [225.0.0.222:54997]...
Player connection [29632] Host joined alternative multi-casting on [225.0.0.222:34997]...
JobSystem: Creating JobQueue using job-worker-count value 5
Input System module state changed to: Initialized.
[Physics::Module] Initialized fallback backend.
[Physics::Module] Id: 0xdecafbad
Library Redirect Path: Library/
[Physics::Module] Selected backend.
[Physics::Module] Name: PhysX
[Physics::Module] Id: 0xf2b8ea05
[Physics::Module] SDK Version: 4.1.2
[Physics::Module] Integration Version: 1.0.0
[Physics::Module] Threading Mode: Multi-Threaded
Refreshing native plugins compatible for Editor in 59.69 ms, found 21 plugins.
Unity memory allocator detected: MetaXRAudio native memory allocations will be tracked.
Preloading 2 native plugins for Editor in 4.55 ms.
Initialize engine version: 6000.5.4f1 (d550df8bd089)
[Subsystems] Discovering subsystems at path C:/Program Files/Unity/Hub/Editor/6000.5.4f1/Editor/Data/Resources/UnitySubsystems
[Subsystems] Discovering subsystems at path C:/Users/User/InnvationChallenge/earth/My project (1)/Assets
Forcing GfxDevice: Direct3D 12
GfxDevice: creating device client; kGfxThreadingModeNonThreaded
d3d12: failed to query info queue interface (0x80004002).
Direct3D:
    Version:         Direct3D 12 [level 12.1]
    Renderer:        Intel(R) Iris(R) Xe Graphics (ID=0xa7a1)
    Vendor:          Intel
    VRAM:            8008 MB
    App VRAM Budget: 7352 MB
    Driver:          32.0.101.7076
    Unified Memory Architecture
    Cache Coherent UMA
Shader 'Meta/MRUK/Scene/HighlightsAndShadows': fallback shader 'Off' not found
Shader 'Oculus/OVRMRCameraFrameLit': fallback shader 'Alpha-Diffuse' not found
Initialize mono
Mono path[0] = 'C:/Program Files/Unity/Hub/Editor/6000.5.4f1/Editor/Data/Managed'
Mono path[1] = 'C:/Program Files/Unity/Hub/Editor/6000.5.4f1/Editor/Data/BCLExtensions/runtime/netstandard2.1'
Mono path[2] = 'C:/Program Files/Unity/Hub/Editor/6000.5.4f1/Editor/Data/MonoBleedingEdge/lib/mono/unityjit-win32'
Mono config path = 'C:/Program Files/Unity/Hub/Editor/6000.5.4f1/Editor/Data/MonoBleedingEdge/etc'
Using monoOptions --debugger-agent=transport=dt_socket,embedding=1,server=y,suspend=n,address=127.0.0.1:56048
CodeReloadManager initialized
Begin MonoManager ReloadAssembly
Registering precompiled unity dll's ...
Register platform support module: C:/Program Files/Unity/Hub/Editor/6000.5.4f1/Editor/Data/PlaybackEngines/WindowsStandaloneSupport/UnityEditor.WindowsStandalone.Extensions.dll
[Licensing::Module] Licensing is not yet initialized.
[Licensing::Client] Error: HandshakeResponse reported an error:
	ResponseCode: 505
	ResponseStatus: Unsupported protocol version '1.18.1'.
[Licensing::Module] Error: Failed to handshake to channel: "LicenseClient-User"
[Licensing::IpcConnector] LicenseClient-User channel disconnected successfully.
[Licensing::IpcConnector] Successfully connected to: "LicenseClient-User-6000.5.4" at "2026-07-30T13:56:51.8063059Z"
[Licensing::Client] Code 10 while verifying Licensing Client signature (process Id: 21220, path: "C:/Program Files/Unity/Hub/Editor/6000.5.4f1/Editor/Data/Resources/Licensing/Client/Unity.Licensing.Client.exe")
[Licensing::Module] LicensingClient has failed validation; ignoring
[Licensing::Client] Handshaking with LicensingClient:
  Version:                 1.18.1+9fbee8e
  Session Id:              7248504cba2a491faf9d4faa1607d4ee
  Correlation Id:          03914e5c135ef7d2f86a83c57df4638b
  External correlation Id: 3885375853890226101
  Machine Id:              jITQ/gih81PwLct2UbHAZ3GtFIM=
[Licensing::Module] Successfully connected to LicensingClient on channel: "LicenseClient-User-6000.5.4" (connect: 0.00s, validation: 0.00s, handshake: 0.01s)
[Licensing::IpcConnector] Successfully connected to: "LicenseClient-User-6000.5.4-notifications" at "2026-07-30T13:56:51.8218934Z"
[Licensing::Module] Licensing Background thread has ended after 3.59s
[Licensing::Module] Licensing is initialized (took 2.12s).
[Licensing::Client] Successfully resolved entitlement details
[Licensing::Module] License group:
  Id: 18968469318931-UnityPersXXXX
  Product: Unity Personal
  Type: Assigned
  Expiration: Unlimited
Register platform support module: C:/Program Files/Unity/Hub/Editor/6000.5.4f1/Editor/Data/PlaybackEngines/AndroidPlayer/UnityEditor.Android.Extensions.dll
Registered in 2.124467 seconds.
Native extension for Android target not found
Native extension for WindowsStandalone target not found
Package Manager log level set to [2]
[Package Manager] Failed to launch server process. Reason: Unity was launched with the -noUpm command-line argument
[Package Manager] Unable to send message (not connected to server process).
[Package Manager] Cannot connect to Unity Package Manager local server
ScheduleIndexationOnStartup MainProcess:False IndexOnStartup:True
Mono: successfully reloaded assembly
- Finished resetting the current domain, in  0.419 seconds
Domain Reload Profiling: 3265ms
	BeginReloadAssembly (225ms)
	RebuildCommonClasses (7ms)
	RebuildNativeTypeToScriptingClass (29ms)
	initialDomainReloadingComplete (2207ms)
	LoadAllAssembliesAndSetupDomain (376ms)
		LoadAssemblies (220ms)
		AnalyzeDomain (278ms)
			TypeCache.Refresh (276ms)
				TypeCache.ScanAssembly (254ms)
	FinalizeReload (421ms)
		SetupLoadedEditorAssemblies (0ms)
			InitializePlatformSupportModulesInManaged (12ms)
			BeforeProcessingInitializeOnLoad (103ms)
			ProcessInitializeOnLoadAttributes (109ms)
			ProcessInitializeOnLoadMethodAttributes (118ms)
Initializing Unity extensions:
[Licensing::Client] Successfully resolved entitlement details
========================================================================
Worker process is ready to serve import requests
Import Worker Mode flag is 0x00
Curl error 3: URL rejected: Malformed input to a URL function
Begin MonoManager ReloadAssembly
Symbol file LoadedFromMemory is not a mono symbol file
Script 'CharacterController' has the same name as built-in Unity component.
AddComponent and GetComponent will not work with this script.
'Packages/com.meta.xr.sdk.core/Editor/RuntimeOptimizer/RuntimeOptimizerNetworking.cs' contains partial class of Unity.Object, exactly 1 of the partial classes needs to be in a file with the same filename. This is to know the one that can be referenced from ie. GameObjects
'Packages/com.meta.xr.sdk.core/Editor/BuildingBlocks/BlocksWindow.cs' contains partial class of Unity.Object, exactly 1 of the partial classes needs to be in a file with the same filename. This is to know the one that can be referenced from ie. GameObjects
'Packages/com.meta.xr.sdk.core/Editor/RuntimeOptimizer/RuntimeOptimizerStyles.cs' contains partial class of Unity.Object, exactly 1 of the partial classes needs to be in a file with the same filename. This is to know the one that can be referenced from ie. GameObjects
'Packages/com.meta.xr.sdk.core/Editor/RuntimeOptimizer/RuntimeOptimizer.cs' contains partial class of Unity.Object, exactly 1 of the partial classes needs to be in a file with the same filename. This is to know the one that can be referenced from ie. GameObjects
'Packages/com.meta.xr.sdk.core/Editor/BuildingBlocks/BlocksWindowDetailsExtension.cs' contains partial class of Unity.Object, exactly 1 of the partial classes needs to be in a file with the same filename. This is to know the one that can be referenced from ie. GameObjects
'Packages/com.meta.xr.sdk.core/Editor/BuildingBlocks/BlocksWindowCollectionsPageExtension.cs' contains partial class of Unity.Object, exactly 1 of the partial classes needs to be in a file with the same filename. This is to know the one that can be referenced from ie. GameObjects
Refreshing native plugins compatible for Editor in 18.26 ms, found 21 plugins.
Native extension for Android target not found
Native extension for WindowsStandalone target not found
[Package Manager] Failed to launch server process. Reason: Unity was launched with the -noUpm command-line argument
[Package Manager] Unable to send message (not connected to server process).
[Package Manager] Cannot connect to Unity Package Manager local server
Refreshing native plugins compatible for Editor in 21.78 ms, found 21 plugins.
I0730 20:56:56.238757 29632 OVRTelemetry.cpp:57] Telemetry_Init: calling startSession with engineName=Unity, pluginVersion=1.205.0
I0730 20:56:56.266544 29632 OVRTelemetry.cpp:61] Telemetry_Init: startSession completed successfully
[Package Manager] Failed to launch server process. Reason: Unity was launched with the -noUpm command-line argument
[Package Manager] Unable to send message (not connected to server process).
[Package Manager] Cannot connect to Unity Package Manager local server
I0730 20:56:56.910754 29632 OVRTelemetry.cpp:57] Telemetry_Init: calling startSession with engineName=Unity, pluginVersion=1.204.0
I0730 20:56:56.932113 29632 OVRTelemetry.cpp:61] Telemetry_Init: startSession completed successfully
[Package Manager] Failed to launch server process. Reason: Unity was launched with the -noUpm command-line argument
[Package Manager] Unable to send message (not connected to server process).
[Package Manager] Cannot connect to Unity Package Manager local server
Assertion failed on expression: '!AssetDatabase::IsAssetImportWorkerProcess()'
UnityEngine.Debug:ExtractStackTraceNoAlloc (byte*,int,string)
UnityEngine.StackTraceUtility:ExtractStackTrace ()
UnityEditor.AssetDatabase:SaveAssetIfDirty (UnityEngine.GUID)
UnityEditor.AssetDatabase:SaveAssetIfDirty (UnityEngine.Object)
UnityEditor.XR.OpenXR.Features.FeatureHelpersInternal:GetAllFeatureInfo (UnityEditor.BuildTargetGroup) (at ./Library/PackageCache/com.unity.xr.openxr@58837b2992e0/Editor/FeatureSupport/FeatureHelpers.cs:323)
UnityEditor.XR.OpenXR.Features.FeatureHelpers:RefreshFeatures (UnityEditor.BuildTargetGroup) (at ./Library/PackageCache/com.unity.xr.openxr@58837b2992e0/Editor/FeatureSupport/FeatureHelpers.cs:30)
UnityEditor.XR.OpenXR.OpenXRProjectValidationRulesSetup:AddOpenXRValidationRules () (at ./Library/PackageCache/com.unity.xr.openxr@58837b2992e0/Editor/OpenXRProjectValidationRulesSetup.cs:148)
UnityEditor.XR.OpenXR.OpenXRProjectValidationRulesSetup:UpdateOpenXRProjectValidation () (at ./Library/PackageCache/com.unity.xr.openxr@58837b2992e0/Editor/OpenXRProjectValidationRulesSetup.cs:67)
UnityEditor.XR.OpenXR.OpenXRProjectValidationRulesSetup:OpenXRProjectValidationCheck () (at ./Library/PackageCache/com.unity.xr.openxr@58837b2992e0/Editor/OpenXRProjectValidationRulesSetup.cs:43)
System.Reflection.RuntimeMethodInfo:Invoke (object,System.Reflection.BindingFlags,System.Reflection.Binder,object[],System.Globalization.CultureInfo)
System.Reflection.MethodBase:Invoke (object,object[])
UnityEditor.EditorAssemblies:ProcessInitializeOnLoadMethodAttributes ()

[./Library/PackageCache/com.unity.xr.openxr@58837b2992e0/Editor/FeatureSupport/FeatureHelpers.cs line 323]

Refresh completed but there are assets queued up for importing. Check for code that modifies assets which gets called after OnPostProcessAllAssets. Additional details in Log file
UnityEngine.Debug:ExtractStackTraceNoAlloc (byte*,int,string)
UnityEngine.StackTraceUtility:ExtractStackTrace ()
UnityEditor.AssetDatabase:SaveAssetIfDirty (UnityEngine.GUID)
UnityEditor.AssetDatabase:SaveAssetIfDirty (UnityEngine.Object)
UnityEditor.XR.OpenXR.Features.FeatureHelpersInternal:GetAllFeatureInfo (UnityEditor.BuildTargetGroup) (at ./Library/PackageCache/com.unity.xr.openxr@58837b2992e0/Editor/FeatureSupport/FeatureHelpers.cs:323)
UnityEditor.XR.OpenXR.Features.FeatureHelpers:RefreshFeatures (UnityEditor.BuildTargetGroup) (at ./Library/PackageCache/com.unity.xr.openxr@58837b2992e0/Editor/FeatureSupport/FeatureHelpers.cs:30)
UnityEditor.XR.OpenXR.OpenXRProjectValidationRulesSetup:AddOpenXRValidationRules () (at ./Library/PackageCache/com.unity.xr.openxr@58837b2992e0/Editor/OpenXRProjectValidationRulesSetup.cs:148)
UnityEditor.XR.OpenXR.OpenXRProjectValidationRulesSetup:UpdateOpenXRProjectValidation () (at ./Library/PackageCache/com.unity.xr.openxr@58837b2992e0/Editor/OpenXRProjectValidationRulesSetup.cs:67)
UnityEditor.XR.OpenXR.OpenXRProjectValidationRulesSetup:OpenXRProjectValidationCheck () (at ./Library/PackageCache/com.unity.xr.openxr@58837b2992e0/Editor/OpenXRProjectValidationRulesSetup.cs:43)
System.Reflection.RuntimeMethodInfo:Invoke (object,System.Reflection.BindingFlags,System.Reflection.Binder,object[],System.Globalization.CultureInfo)
System.Reflection.MethodBase:Invoke (object,object[])
UnityEditor.EditorAssemblies:ProcessInitializeOnLoadMethodAttributes ()

[./Library/PackageCache/com.unity.xr.openxr@58837b2992e0/Editor/FeatureSupport/FeatureHelpers.cs line 323]

Assets queued for import after Refresh completed:
	Assets/XR/Settings/OpenXRPackageSettings.asset
Asset Pipeline Refresh (id=66046be566de254498d367e277f64d8c): Total: 0.003 seconds - Initiated by StopAssetImportingV2(NoUpdateAssetOptions)
Assertion failed on expression: 'm_Ptr'
UnityEngine.Debug:ExtractStackTraceNoAlloc (byte*,int,string)
UnityEngine.StackTraceUtility:ExtractStackTrace ()
UnityEditor.AssetDatabase:SaveAssetIfDirty (UnityEngine.GUID)
UnityEditor.AssetDatabase:SaveAssetIfDirty (UnityEngine.Object)
UnityEditor.XR.OpenXR.Features.FeatureHelpersInternal:GetAllFeatureInfo (UnityEditor.BuildTargetGroup) (at ./Library/PackageCache/com.unity.xr.openxr@58837b2992e0/Editor/FeatureSupport/FeatureHelpers.cs:323)
UnityEditor.XR.OpenXR.Features.FeatureHelpers:RefreshFeatures (UnityEditor.BuildTargetGroup) (at ./Library/PackageCache/com.unity.xr.openxr@58837b2992e0/Editor/FeatureSupport/FeatureHelpers.cs:30)
UnityEditor.XR.OpenXR.OpenXRProjectValidationRulesSetup:AddOpenXRValidationRules () (at ./Library/PackageCache/com.unity.xr.openxr@58837b2992e0/Editor/OpenXRProjectValidationRulesSetup.cs:148)
UnityEditor.XR.OpenXR.OpenXRProjectValidationRulesSetup:UpdateOpenXRProjectValidation () (at ./Library/PackageCache/com.unity.xr.openxr@58837b2992e0/Editor/OpenXRProjectValidationRulesSetup.cs:67)
UnityEditor.XR.OpenXR.OpenXRProjectValidationRulesSetup:OpenXRProjectValidationCheck () (at ./Library/PackageCache/com.unity.xr.openxr@58837b2992e0/Editor/OpenXRProjectValidationRulesSetup.cs:43)
System.Reflection.RuntimeMethodInfo:Invoke (object,System.Reflection.BindingFlags,System.Reflection.Binder,object[],System.Globalization.CultureInfo)
System.Reflection.MethodBase:Invoke (object,object[])
UnityEditor.EditorAssemblies:ProcessInitializeOnLoadMethodAttributes ()

[./Library/PackageCache/com.unity.xr.openxr@58837b2992e0/Editor/FeatureSupport/FeatureHelpers.cs line 323]

Assertion failed on expression: '!AssetDatabase::IsAssetImportWorkerProcess()'
UnityEngine.Debug:ExtractStackTraceNoAlloc (byte*,int,string)
UnityEngine.StackTraceUtility:ExtractStackTrace ()
UnityEditor.AssetDatabase:SaveAssetIfDirty (UnityEngine.GUID)
UnityEditor.AssetDatabase:SaveAssetIfDirty (UnityEngine.Object)
UnityEditor.XR.OpenXR.Features.FeatureHelpersInternal:GetAllFeatureInfo (UnityEditor.BuildTargetGroup) (at ./Library/PackageCache/com.unity.xr.openxr@58837b2992e0/Editor/FeatureSupport/FeatureHelpers.cs:323)
UnityEditor.XR.OpenXR.Features.FeatureHelpers:RefreshFeatures (UnityEditor.BuildTargetGroup) (at ./Library/PackageCache/com.unity.xr.openxr@58837b2992e0/Editor/FeatureSupport/FeatureHelpers.cs:30)
UnityEditor.XR.OpenXR.OpenXRProjectValidationRulesSetup:AddOpenXRValidationRules () (at ./Library/PackageCache/com.unity.xr.openxr@58837b2992e0/Editor/OpenXRProjectValidationRulesSetup.cs:148)
UnityEditor.XR.OpenXR.OpenXRProjectValidationRulesSetup:UpdateOpenXRProjectValidation () (at ./Library/PackageCache/com.unity.xr.openxr@58837b2992e0/Editor/OpenXRProjectValidationRulesSetup.cs:67)
UnityEditor.XR.OpenXR.OpenXRProjectValidationRulesSetup:OpenXRProjectValidationCheck () (at ./Library/PackageCache/com.unity.xr.openxr@58837b2992e0/Editor/OpenXRProjectValidationRulesSetup.cs:43)
System.Reflection.RuntimeMethodInfo:Invoke (object,System.Reflection.BindingFlags,System.Reflection.Binder,object[],System.Globalization.CultureInfo)
System.Reflection.MethodBase:Invoke (object,object[])
UnityEditor.EditorAssemblies:ProcessInitializeOnLoadMethodAttributes ()

[./Library/PackageCache/com.unity.xr.openxr@58837b2992e0/Editor/FeatureSupport/FeatureHelpers.cs line 323]

Refresh completed but there are assets queued up for importing. Check for code that modifies assets which gets called after OnPostProcessAllAssets. Additional details in Log file
UnityEngine.Debug:ExtractStackTraceNoAlloc (byte*,int,string)
UnityEngine.StackTraceUtility:ExtractStackTrace ()
UnityEditor.AssetDatabase:SaveAssetIfDirty (UnityEngine.GUID)
UnityEditor.AssetDatabase:SaveAssetIfDirty (UnityEngine.Object)
UnityEditor.XR.OpenXR.Features.FeatureHelpersInternal:GetAllFeatureInfo (UnityEditor.BuildTargetGroup) (at ./Library/PackageCache/com.unity.xr.openxr@58837b2992e0/Editor/FeatureSupport/FeatureHelpers.cs:323)
UnityEditor.XR.OpenXR.Features.FeatureHelpers:RefreshFeatures (UnityEditor.BuildTargetGroup) (at ./Library/PackageCache/com.unity.xr.openxr@58837b2992e0/Editor/FeatureSupport/FeatureHelpers.cs:30)
UnityEditor.XR.OpenXR.OpenXRProjectValidationRulesSetup:AddOpenXRValidationRules () (at ./Library/PackageCache/com.unity.xr.openxr@58837b2992e0/Editor/OpenXRProjectValidationRulesSetup.cs:148)
UnityEditor.XR.OpenXR.OpenXRProjectValidationRulesSetup:UpdateOpenXRProjectValidation () (at ./Library/PackageCache/com.unity.xr.openxr@58837b2992e0/Editor/OpenXRProjectValidationRulesSetup.cs:67)
UnityEditor.XR.OpenXR.OpenXRProjectValidationRulesSetup:OpenXRProjectValidationCheck () (at ./Library/PackageCache/com.unity.xr.openxr@58837b2992e0/Editor/OpenXRProjectValidationRulesSetup.cs:43)
System.Reflection.RuntimeMethodInfo:Invoke (object,System.Reflection.BindingFlags,System.Reflection.Binder,object[],System.Globalization.CultureInfo)
System.Reflection.MethodBase:Invoke (object,object[])
UnityEditor.EditorAssemblies:ProcessInitializeOnLoadMethodAttributes ()

[./Library/PackageCache/com.unity.xr.openxr@58837b2992e0/Editor/FeatureSupport/FeatureHelpers.cs line 323]

Assets queued for import after Refresh completed:
	Assets/XR/Settings/OpenXRPackageSettings.asset
Asset Pipeline Refresh (id=ac3ea65ec621da74588a724204e710ff): Total: 0.000 seconds - Initiated by StopAssetImportingV2(NoUpdateAssetOptions)
Assertion failed on expression: 'm_Ptr'
UnityEngine.Debug:ExtractStackTraceNoAlloc (byte*,int,string)
UnityEngine.StackTraceUtility:ExtractStackTrace ()
UnityEditor.AssetDatabase:SaveAssetIfDirty (UnityEngine.GUID)
UnityEditor.AssetDatabase:SaveAssetIfDirty (UnityEngine.Object)
UnityEditor.XR.OpenXR.Features.FeatureHelpersInternal:GetAllFeatureInfo (UnityEditor.BuildTargetGroup) (at ./Library/PackageCache/com.unity.xr.openxr@58837b2992e0/Editor/FeatureSupport/FeatureHelpers.cs:323)
UnityEditor.XR.OpenXR.Features.FeatureHelpers:RefreshFeatures (UnityEditor.BuildTargetGroup) (at ./Library/PackageCache/com.unity.xr.openxr@58837b2992e0/Editor/FeatureSupport/FeatureHelpers.cs:30)
UnityEditor.XR.OpenXR.OpenXRProjectValidationRulesSetup:AddOpenXRValidationRules () (at ./Library/PackageCache/com.unity.xr.openxr@58837b2992e0/Editor/OpenXRProjectValidationRulesSetup.cs:148)
UnityEditor.XR.OpenXR.OpenXRProjectValidationRulesSetup:UpdateOpenXRProjectValidation () (at ./Library/PackageCache/com.unity.xr.openxr@58837b2992e0/Editor/OpenXRProjectValidationRulesSetup.cs:67)
UnityEditor.XR.OpenXR.OpenXRProjectValidationRulesSetup:OpenXRProjectValidationCheck () (at ./Library/PackageCache/com.unity.xr.openxr@58837b2992e0/Editor/OpenXRProjectValidationRulesSetup.cs:43)
System.Reflection.RuntimeMethodInfo:Invoke (object,System.Reflection.BindingFlags,System.Reflection.Binder,object[],System.Globalization.CultureInfo)
System.Reflection.MethodBase:Invoke (object,object[])
UnityEditor.EditorAssemblies:ProcessInitializeOnLoadMethodAttributes ()

[./Library/PackageCache/com.unity.xr.openxr@58837b2992e0/Editor/FeatureSupport/FeatureHelpers.cs line 323]

ScheduleIndexationOnStartup MainProcess:False IndexOnStartup:True
Mono: successfully reloaded assembly
[Package Manager] Failed to launch server process. Reason: Unity was launched with the -noUpm command-line argument
[Package Manager] Unable to send message (not connected to server process).
[Package Manager] Cannot connect to Unity Package Manager local server
[Package Manager] Failed to launch server process. Reason: Unity was launched with the -noUpm command-line argument
[Package Manager] Unable to send message (not connected to server process).
[Package Manager] Cannot connect to Unity Package Manager local server
- Finished resetting the current domain, in  2.741 seconds
Domain Reload Profiling: 4048ms
	BeginReloadAssembly (182ms)
		DisableScriptedObjects (5ms)
		CreateAndSetChildDomain (33ms)
	RebuildCommonClasses (8ms)
	RebuildNativeTypeToScriptingClass (15ms)
	initialDomainReloadingComplete (73ms)
	LoadAllAssembliesAndSetupDomain (1028ms)
		LoadAssemblies (470ms)
		AnalyzeDomain (474ms)
			TypeCache.Refresh (320ms)
				TypeCache.ScanAssembly (287ms)
			BuildScriptInfoCaches (140ms)
			ResolveRequiredComponents (11ms)
	FinalizeReload (2741ms)
		SetupLoadedEditorAssemblies (0ms)
			InitializePlatformSupportModulesInManaged (9ms)
			BeforeProcessingInitializeOnLoad (185ms)
			ProcessInitializeOnLoadAttributes (1487ms)
			ProcessInitializeOnLoadMethodAttributes (376ms)
			AfterProcessingInitializeOnLoad (6ms)
		AwakeInstancesAfterBackupRestoration (3ms)
AcceleratorClientConnectionCallback - disconnected - :0
Shader 'Meta/MRUK/Scene/HighlightsAndShadows': fallback shader 'Off' not found
Shader 'Oculus/OVRMRCameraFrameLit': fallback shader 'Alpha-Diffuse' not found
Launched and connected shader compiler UnityShaderCompiler.exe after 0.01 seconds
Refreshing native plugins compatible for Editor in 14.45 ms, found 21 plugins.
Unloading 27 Unused Serialized files (Serialized files now loaded: 0)
Curl error 3: URL rejected: Malformed input to a URL function
Unloading 10711 unused Assets / (6.8 MB). Loaded Objects now: 11644.
Memory consumption went from 430.8 MB to 424.1 MB.
Total: 20.444500 ms (FindLiveObjects: 1.122300 ms CreateObjectMapping: 4.496900 ms MarkObjects: 10.978400 ms  DeleteObjects: 3.590500 ms)

========================================================================
Received Prepare
AcceleratorClientConnectionCallback - disconnected - :0
Refreshing native plugins compatible for Editor in 18.67 ms, found 21 plugins.
Unloading 27 Unused Serialized files (Serialized files now loaded: 0)
Unloading 27 unused Assets / (2.8 MB). Loaded Objects now: 11644.
Memory consumption went from 421.5 MB to 418.7 MB.
Total: 11.165000 ms (FindLiveObjects: 0.508400 ms CreateObjectMapping: 1.440400 ms MarkObjects: 8.662100 ms  DeleteObjects: 0.552800 ms)

Prepare: number of updated asset objects reloaded= 0
Shader 'Meta/MRUK/Scene/HighlightsAndShadows': fallback shader 'Off' not found
Shader 'Oculus/OVRMRCameraFrameLit': fallback shader 'Alpha-Diffuse' not found
========================================================================
Received Prepare
AcceleratorClientConnectionCallback - disconnected - :0
Refreshing native plugins compatible for Editor in 15.72 ms, found 21 plugins.
Unloading 27 Unused Serialized files (Serialized files now loaded: 0)
Unloading 27 unused Assets / (2.8 MB). Loaded Objects now: 11644.
Memory consumption went from 425.3 MB to 422.5 MB.
Total: 12.570400 ms (FindLiveObjects: 0.482100 ms CreateObjectMapping: 1.999400 ms MarkObjects: 9.651100 ms  DeleteObjects: 0.436300 ms)

Prepare: number of updated asset objects reloaded= 0
Shader 'Meta/MRUK/Scene/HighlightsAndShadows': fallback shader 'Off' not found
Shader 'Oculus/OVRMRCameraFrameLit': fallback shader 'Alpha-Diffuse' not found
========================================================================
Received Import Request.
  Time of request: 2026-07-30T13:57:31.9811711Z
  Time since last request: 831724.45159429998603 seconds.
  importAddress: GUID: cb05afcdd457ccd4494135c17da93b90 - Path: Assets/Backup.unity - Importer: ScriptedImporter/UnityEditor.QuickSearchModule:UnityEditor.Search:ASIAI0B
Importing 'GUID: cb05afcdd457ccd4494135c17da93b90 - Path: Assets/Backup.unity - Importer: ScriptedImporter/UnityEditor.QuickSearchModule:UnityEditor.Search:ASIAI0B' with importer (ScriptedImporter : UnityEditor.QuickSearchModule:UnityEditor.Search:ASIAI0B)
Imported 'GUID: cb05afcdd457ccd4494135c17da93b90' -> (Import Result ID: '1dcde5cdc4af30d1973f88d5a634ecab') in 15.528 seconds [static and dynamic dependencies]. Details - ImportResultOutputID=a73bdfec4f9f9a619092c59d01162736 DependenciesID=979e5cf916740376211eac463a763ba4 StaticDependenciesID=8f2026b712a129a70726c91f4e5130a4 
Number of updated asset objects reloaded before import = 0
Number of asset objects unloaded after import = 1
========================================================================
Received Prepare
AcceleratorClientConnectionCallback - disconnected - :0
[Licensing::Client] Successfully resolved entitlement details
Begin MonoManager ReloadAssembly
Symbol file LoadedFromMemory is not a mono symbol file
Script 'CharacterController' has the same name as built-in Unity component.
AddComponent and GetComponent will not work with this script.
'Packages/com.meta.xr.sdk.core/Editor/RuntimeOptimizer/RuntimeOptimizerNetworking.cs' contains partial class of Unity.Object, exactly 1 of the partial classes needs to be in a file with the same filename. This is to know the one that can be referenced from ie. GameObjects
'Packages/com.meta.xr.sdk.core/Editor/BuildingBlocks/BlocksWindow.cs' contains partial class of Unity.Object, exactly 1 of the partial classes needs to be in a file with the same filename. This is to know the one that can be referenced from ie. GameObjects
'Packages/com.meta.xr.sdk.core/Editor/RuntimeOptimizer/RuntimeOptimizerStyles.cs' contains partial class of Unity.Object, exactly 1 of the partial classes needs to be in a file with the same filename. This is to know the one that can be referenced from ie. GameObjects
'Packages/com.meta.xr.sdk.core/Editor/RuntimeOptimizer/RuntimeOptimizer.cs' contains partial class of Unity.Object, exactly 1 of the partial classes needs to be in a file with the same filename. This is to know the one that can be referenced from ie. GameObjects
'Packages/com.meta.xr.sdk.core/Editor/BuildingBlocks/BlocksWindowDetailsExtension.cs' contains partial class of Unity.Object, exactly 1 of the partial classes needs to be in a file with the same filename. This is to know the one that can be referenced from ie. GameObjects
'Packages/com.meta.xr.sdk.core/Editor/BuildingBlocks/BlocksWindowCollectionsPageExtension.cs' contains partial class of Unity.Object, exactly 1 of the partial classes needs to be in a file with the same filename. This is to know the one that can be referenced from ie. GameObjects
Refreshing native plugins compatible for Editor in 21.91 ms, found 21 plugins.
Native extension for Android target not found
Native extension for WindowsStandalone target not found
[Package Manager] Failed to launch server process. Reason: Unity was launched with the -noUpm command-line argument
[Package Manager] Unable to send message (not connected to server process).
[Package Manager] Cannot connect to Unity Package Manager local server
Refreshing native plugins compatible for Editor in 26.92 ms, found 21 plugins.
[Package Manager] Failed to launch server process. Reason: Unity was launched with the -noUpm command-line argument
[Package Manager] Unable to send message (not connected to server process).
[Package Manager] Cannot connect to Unity Package Manager local server
[Package Manager] Failed to launch server process. Reason: Unity was launched with the -noUpm command-line argument
[Package Manager] Unable to send message (not connected to server process).
[Package Manager] Cannot connect to Unity Package Manager local server
ScheduleIndexationOnStartup MainProcess:False IndexOnStartup:True
Mono: successfully reloaded assembly
[Package Manager] Failed to launch server process. Reason: Unity was launched with the -noUpm command-line argument
[Package Manager] Unable to send message (not connected to server process).
[Package Manager] Cannot connect to Unity Package Manager local server
- Finished resetting the current domain, in  1.716 seconds
Domain Reload Profiling: 2768ms
	BeginReloadAssembly (288ms)
		DisableScriptedObjects (5ms)
		CreateAndSetChildDomain (84ms)
	RebuildCommonClasses (12ms)
	RebuildNativeTypeToScriptingClass (18ms)
	initialDomainReloadingComplete (86ms)
	LoadAllAssembliesAndSetupDomain (647ms)
		LoadAssemblies (539ms)
		AnalyzeDomain (33ms)
			TypeCache.Refresh (13ms)
			ResolveRequiredComponents (11ms)
	FinalizeReload (1718ms)
		SetupLoadedEditorAssemblies (0ms)
			InitializePlatformSupportModulesInManaged (12ms)
			BeforeProcessingInitializeOnLoad (131ms)
			ProcessInitializeOnLoadAttributes (706ms)
			ProcessInitializeOnLoadMethodAttributes (368ms)
			AfterProcessingInitializeOnLoad (7ms)
		AwakeInstancesAfterBackupRestoration (17ms)
Refreshing native plugins compatible for Editor in 25.21 ms, found 21 plugins.
Unloading 27 Unused Serialized files (Serialized files now loaded: 0)
Unloading 10692 unused Assets / (6.6 MB). Loaded Objects now: 11692.
Memory consumption went from 432.1 MB to 425.5 MB.
Total: 25.789400 ms (FindLiveObjects: 2.001900 ms CreateObjectMapping: 6.235300 ms MarkObjects: 13.723400 ms  DeleteObjects: 3.826900 ms)

Prepare: number of updated asset objects reloaded= 0
Shader 'Meta/MRUK/Scene/HighlightsAndShadows': fallback shader 'Off' not found
Shader 'Oculus/OVRMRCameraFrameLit': fallback shader 'Alpha-Diffuse' not found
========================================================================
Received Prepare
AcceleratorClientConnectionCallback - disconnected - :0
Refreshing native plugins compatible for Editor in 17.69 ms, found 21 plugins.
Unloading 27 Unused Serialized files (Serialized files now loaded: 0)
Unloading 27 unused Assets / (2.8 MB). Loaded Objects now: 11692.
Memory consumption went from 427.9 MB to 425.1 MB.
Total: 16.623900 ms (FindLiveObjects: 0.700400 ms CreateObjectMapping: 1.791100 ms MarkObjects: 13.442900 ms  DeleteObjects: 0.687500 ms)

Prepare: number of updated asset objects reloaded= 0
Shader 'Meta/MRUK/Scene/HighlightsAndShadows': fallback shader 'Off' not found
Shader 'Oculus/OVRMRCameraFrameLit': fallback shader 'Alpha-Diffuse' not found
========================================================================
Received Prepare
AcceleratorClientConnectionCallback - disconnected - :0
Refreshing native plugins compatible for Editor in 32.49 ms, found 21 plugins.
Unloading 27 Unused Serialized files (Serialized files now loaded: 0)
Unloading 27 unused Assets / (2.8 MB). Loaded Objects now: 11692.
Memory consumption went from 431.7 MB to 428.9 MB.
Total: 15.815400 ms (FindLiveObjects: 1.059200 ms CreateObjectMapping: 1.809100 ms MarkObjects: 12.383700 ms  DeleteObjects: 0.561000 ms)

Prepare: number of updated asset objects reloaded= 0
Shader 'Meta/MRUK/Scene/HighlightsAndShadows': fallback shader 'Off' not found
Shader 'Oculus/OVRMRCameraFrameLit': fallback shader 'Alpha-Diffuse' not found
========================================================================
Received Prepare
AcceleratorClientConnectionCallback - disconnected - :0
[Licensing::Client] Successfully resolved entitlement details
Begin MonoManager ReloadAssembly
Symbol file LoadedFromMemory is not a mono symbol file
Script 'CharacterController' has the same name as built-in Unity component.
AddComponent and GetComponent will not work with this script.
'Packages/com.meta.xr.sdk.core/Editor/RuntimeOptimizer/RuntimeOptimizerNetworking.cs' contains partial class of Unity.Object, exactly 1 of the partial classes needs to be in a file with the same filename. This is to know the one that can be referenced from ie. GameObjects
'Packages/com.meta.xr.sdk.core/Editor/BuildingBlocks/BlocksWindow.cs' contains partial class of Unity.Object, exactly 1 of the partial classes needs to be in a file with the same filename. This is to know the one that can be referenced from ie. GameObjects
'Packages/com.meta.xr.sdk.core/Editor/RuntimeOptimizer/RuntimeOptimizerStyles.cs' contains partial class of Unity.Object, exactly 1 of the partial classes needs to be in a file with the same filename. This is to know the one that can be referenced from ie. GameObjects
'Packages/com.meta.xr.sdk.core/Editor/RuntimeOptimizer/RuntimeOptimizer.cs' contains partial class of Unity.Object, exactly 1 of the partial classes needs to be in a file with the same filename. This is to know the one that can be referenced from ie. GameObjects
'Packages/com.meta.xr.sdk.core/Editor/BuildingBlocks/BlocksWindowDetailsExtension.cs' contains partial class of Unity.Object, exactly 1 of the partial classes needs to be in a file with the same filename. This is to know the one that can be referenced from ie. GameObjects
'Packages/com.meta.xr.sdk.core/Editor/BuildingBlocks/BlocksWindowCollectionsPageExtension.cs' contains partial class of Unity.Object, exactly 1 of the partial classes needs to be in a file with the same filename. This is to know the one that can be referenced from ie. GameObjects
Refreshing native plugins compatible for Editor in 25.65 ms, found 21 plugins.
Native extension for Android target not found
Native extension for WindowsStandalone target not found
[Package Manager] Failed to launch server process. Reason: Unity was launched with the -noUpm command-line argument
[Package Manager] Unable to send message (not connected to server process).
[Package Manager] Cannot connect to Unity Package Manager local server
Refreshing native plugins compatible for Editor in 22.41 ms, found 21 plugins.
[Package Manager] Failed to launch server process. Reason: Unity was launched with the -noUpm command-line argument
[Package Manager] Unable to send message (not connected to server process).
[Package Manager] Cannot connect to Unity Package Manager local server
[Package Manager] Failed to launch server process. Reason: Unity was launched with the -noUpm command-line argument
[Package Manager] Unable to send message (not connected to server process).
[Package Manager] Cannot connect to Unity Package Manager local server
ScheduleIndexationOnStartup MainProcess:False IndexOnStartup:True
Mono: successfully reloaded assembly
[Package Manager] Failed to launch server process. Reason: Unity was launched with the -noUpm command-line argument
[Package Manager] Unable to send message (not connected to server process).
[Package Manager] Cannot connect to Unity Package Manager local server
- Finished resetting the current domain, in  1.281 seconds
Domain Reload Profiling: 2336ms
	BeginReloadAssembly (271ms)
		DisableScriptedObjects (6ms)
		CreateAndSetChildDomain (76ms)
	RebuildCommonClasses (9ms)
	RebuildNativeTypeToScriptingClass (15ms)
	initialDomainReloadingComplete (86ms)
	LoadAllAssembliesAndSetupDomain (672ms)
		LoadAssemblies (539ms)
		AnalyzeDomain (39ms)
			TypeCache.Refresh (13ms)
			ResolveRequiredComponents (15ms)
	FinalizeReload (1282ms)
		SetupLoadedEditorAssemblies (0ms)
			InitializePlatformSupportModulesInManaged (12ms)
			BeforeProcessingInitializeOnLoad (97ms)
			ProcessInitializeOnLoadAttributes (543ms)
			ProcessInitializeOnLoadMethodAttributes (281ms)
			AfterProcessingInitializeOnLoad (6ms)
		AwakeInstancesAfterBackupRestoration (24ms)
Refreshing native plugins compatible for Editor in 16.90 ms, found 21 plugins.
Unloading 27 Unused Serialized files (Serialized files now loaded: 0)
Unloading 10692 unused Assets / (6.4 MB). Loaded Objects now: 11697.
Memory consumption went from 444.0 MB to 437.6 MB.
Total: 29.846100 ms (FindLiveObjects: 2.094400 ms CreateObjectMapping: 10.767300 ms MarkObjects: 13.040500 ms  DeleteObjects: 3.941500 ms)

Prepare: number of updated asset objects reloaded= 0
Shader 'Meta/MRUK/Scene/HighlightsAndShadows': fallback shader 'Off' not found
Shader 'Oculus/OVRMRCameraFrameLit': fallback shader 'Alpha-Diffuse' not found
========================================================================
Received Prepare
AcceleratorClientConnectionCallback - disconnected - :0
Refreshing native plugins compatible for Editor in 15.95 ms, found 21 plugins.
Unloading 27 Unused Serialized files (Serialized files now loaded: 0)
Unloading 27 unused Assets / (2.8 MB). Loaded Objects now: 11697.
Memory consumption went from 439.8 MB to 437.0 MB.
Total: 13.446400 ms (FindLiveObjects: 0.474700 ms CreateObjectMapping: 1.460200 ms MarkObjects: 11.065600 ms  DeleteObjects: 0.444700 ms)

Prepare: number of updated asset objects reloaded= 0
Shader 'Meta/MRUK/Scene/HighlightsAndShadows': fallback shader 'Off' not found
Shader 'Oculus/OVRMRCameraFrameLit': fallback shader 'Alpha-Diffuse' not found
========================================================================
Received Prepare
AcceleratorClientConnectionCallback - disconnected - :0
Refreshing native plugins compatible for Editor in 19.41 ms, found 21 plugins.
Unloading 27 Unused Serialized files (Serialized files now loaded: 0)
Unloading 27 unused Assets / (2.8 MB). Loaded Objects now: 11697.
Memory consumption went from 443.7 MB to 440.8 MB.
Total: 16.006800 ms (FindLiveObjects: 1.038200 ms CreateObjectMapping: 2.645700 ms MarkObjects: 11.880300 ms  DeleteObjects: 0.440500 ms)

Prepare: number of updated asset objects reloaded= 0
Shader 'Meta/MRUK/Scene/HighlightsAndShadows': fallback shader 'Off' not found
Shader 'Oculus/OVRMRCameraFrameLit': fallback shader 'Alpha-Diffuse' not found
========================================================================
Received Prepare
AcceleratorClientConnectionCallback - disconnected - :0
Script 'CharacterController' has the same name as built-in Unity component.
AddComponent and GetComponent will not work with this script.
'Packages/com.meta.xr.sdk.core/Editor/RuntimeOptimizer/RuntimeOptimizerNetworking.cs' contains partial class of Unity.Object, exactly 1 of the partial classes needs to be in a file with the same filename. This is to know the one that can be referenced from ie. GameObjects
'Packages/com.meta.xr.sdk.core/Editor/BuildingBlocks/BlocksWindow.cs' contains partial class of Unity.Object, exactly 1 of the partial classes needs to be in a file with the same filename. This is to know the one that can be referenced from ie. GameObjects
'Packages/com.meta.xr.sdk.core/Editor/RuntimeOptimizer/RuntimeOptimizerStyles.cs' contains partial class of Unity.Object, exactly 1 of the partial classes needs to be in a file with the same filename. This is to know the one that can be referenced from ie. GameObjects
'Packages/com.meta.xr.sdk.core/Editor/RuntimeOptimizer/RuntimeOptimizer.cs' contains partial class of Unity.Object, exactly 1 of the partial classes needs to be in a file with the same filename. This is to know the one that can be referenced from ie. GameObjects
'Packages/com.meta.xr.sdk.core/Editor/BuildingBlocks/BlocksWindowDetailsExtension.cs' contains partial class of Unity.Object, exactly 1 of the partial classes needs to be in a file with the same filename. This is to know the one that can be referenced from ie. GameObjects
'Packages/com.meta.xr.sdk.core/Editor/BuildingBlocks/BlocksWindowCollectionsPageExtension.cs' contains partial class of Unity.Object, exactly 1 of the partial classes needs to be in a file with the same filename. This is to know the one that can be referenced from ie. GameObjects
Refreshing native plugins compatible for Editor in 47.92 ms, found 21 plugins.
Unloading 27 Unused Serialized files (Serialized files now loaded: 0)
Unloading 10612 unused Assets / (8.6 MB). Loaded Objects now: 11689.
Memory consumption went from 455.0 MB to 446.4 MB.
Total: 50.808500 ms (FindLiveObjects: 3.462200 ms CreateObjectMapping: 12.772700 ms MarkObjects: 23.506400 ms  DeleteObjects: 11.064100 ms)

Prepare: number of updated asset objects reloaded= 0
Shader 'Meta/MRUK/Scene/HighlightsAndShadows': fallback shader 'Off' not found
Shader 'Oculus/OVRMRCameraFrameLit': fallback shader 'Alpha-Diffuse' not found
========================================================================
Received Prepare
AcceleratorClientConnectionCallback - disconnected - :0
[Licensing::Client] Successfully resolved entitlement details
Begin MonoManager ReloadAssembly
Symbol file LoadedFromMemory is not a mono symbol file
Script 'CharacterController' has the same name as built-in Unity component.
AddComponent and GetComponent will not work with this script.
'Packages/com.meta.xr.sdk.core/Editor/RuntimeOptimizer/RuntimeOptimizerNetworking.cs' contains partial class of Unity.Object, exactly 1 of the partial classes needs to be in a file with the same filename. This is to know the one that can be referenced from ie. GameObjects
'Packages/com.meta.xr.sdk.core/Editor/BuildingBlocks/BlocksWindow.cs' contains partial class of Unity.Object, exactly 1 of the partial classes needs to be in a file with the same filename. This is to know the one that can be referenced from ie. GameObjects
'Packages/com.meta.xr.sdk.core/Editor/RuntimeOptimizer/RuntimeOptimizerStyles.cs' contains partial class of Unity.Object, exactly 1 of the partial classes needs to be in a file with the same filename. This is to know the one that can be referenced from ie. GameObjects
'Packages/com.meta.xr.sdk.core/Editor/RuntimeOptimizer/RuntimeOptimizer.cs' contains partial class of Unity.Object, exactly 1 of the partial classes needs to be in a file with the same filename. This is to know the one that can be referenced from ie. GameObjects
'Packages/com.meta.xr.sdk.core/Editor/BuildingBlocks/BlocksWindowDetailsExtension.cs' contains partial class of Unity.Object, exactly 1 of the partial classes needs to be in a file with the same filename. This is to know the one that can be referenced from ie. GameObjects
'Packages/com.meta.xr.sdk.core/Editor/BuildingBlocks/BlocksWindowCollectionsPageExtension.cs' contains partial class of Unity.Object, exactly 1 of the partial classes needs to be in a file with the same filename. This is to know the one that can be referenced from ie. GameObjects
Refreshing native plugins compatible for Editor in 25.61 ms, found 21 plugins.
Native extension for Android target not found
Native extension for WindowsStandalone target not found
[Package Manager] Failed to launch server process. Reason: Unity was launched with the -noUpm command-line argument
[Package Manager] Unable to send message (not connected to server process).
[Package Manager] Cannot connect to Unity Package Manager local server
Refreshing native plugins compatible for Editor in 30.39 ms, found 21 plugins.
[Package Manager] Failed to launch server process. Reason: Unity was launched with the -noUpm command-line argument
[Package Manager] Unable to send message (not connected to server process).
[Package Manager] Cannot connect to Unity Package Manager local server
[Package Manager] Failed to launch server process. Reason: Unity was launched with the -noUpm command-line argument
[Package Manager] Unable to send message (not connected to server process).
[Package Manager] Cannot connect to Unity Package Manager local server
ScheduleIndexationOnStartup MainProcess:False IndexOnStartup:True
Mono: successfully reloaded assembly
[Package Manager] Failed to launch server process. Reason: Unity was launched with the -noUpm command-line argument
[Package Manager] Unable to send message (not connected to server process).
[Package Manager] Cannot connect to Unity Package Manager local server
- Finished resetting the current domain, in  1.914 seconds
Domain Reload Profiling: 8004ms
	BeginReloadAssembly (408ms)
		DisableScriptedObjects (8ms)
		CreateAndSetChildDomain (94ms)
	RebuildCommonClasses (21ms)
	RebuildNativeTypeToScriptingClass (28ms)
	initialDomainReloadingComplete (127ms)
	LoadAllAssembliesAndSetupDomain (5504ms)
		LoadAssemblies (4554ms)
		AnalyzeDomain (852ms)
			TypeCache.Refresh (473ms)
				TypeCache.ScanAssembly (425ms)
			BuildScriptInfoCaches (359ms)
			ResolveRequiredComponents (18ms)
	FinalizeReload (1916ms)
		SetupLoadedEditorAssemblies (0ms)
			InitializePlatformSupportModulesInManaged (13ms)
			BeforeProcessingInitializeOnLoad (200ms)
			ProcessInitializeOnLoadAttributes (839ms)
			ProcessInitializeOnLoadMethodAttributes (354ms)
			AfterProcessingInitializeOnLoad (11ms)
		AwakeInstancesAfterBackupRestoration (30ms)
Refreshing native plugins compatible for Editor in 20.17 ms, found 21 plugins.
Unloading 27 Unused Serialized files (Serialized files now loaded: 0)
Unloading 10692 unused Assets / (6.8 MB). Loaded Objects now: 11702.
Memory consumption went from 475.2 MB to 468.4 MB.
Total: 25.744600 ms (FindLiveObjects: 1.601600 ms CreateObjectMapping: 6.224100 ms MarkObjects: 13.867600 ms  DeleteObjects: 4.048000 ms)

Prepare: number of updated asset objects reloaded= 0
Shader 'Meta/MRUK/Scene/HighlightsAndShadows': fallback shader 'Off' not found
Shader 'Oculus/OVRMRCameraFrameLit': fallback shader 'Alpha-Diffuse' not found
========================================================================
Received Prepare
AcceleratorClientConnectionCallback - disconnected - :0
Refreshing native plugins compatible for Editor in 112.75 ms, found 21 plugins.
Unloading 27 Unused Serialized files (Serialized files now loaded: 0)
Unloading 27 unused Assets / (2.8 MB). Loaded Objects now: 11702.
Memory consumption went from 471.0 MB to 468.2 MB.
Total: 40.479700 ms (FindLiveObjects: 2.742100 ms CreateObjectMapping: 5.988000 ms MarkObjects: 30.278600 ms  DeleteObjects: 1.466900 ms)

Prepare: number of updated asset objects reloaded= 0
Shader 'Meta/MRUK/Scene/HighlightsAndShadows': fallback shader 'Off' not found
Shader 'Oculus/OVRMRCameraFrameLit': fallback shader 'Alpha-Diffuse' not found
========================================================================
Received Prepare
AcceleratorClientConnectionCallback - disconnected - :0
Script 'CharacterController' has the same name as built-in Unity component.
AddComponent and GetComponent will not work with this script.
'Packages/com.meta.xr.sdk.core/Editor/RuntimeOptimizer/RuntimeOptimizerNetworking.cs' contains partial class of Unity.Object, exactly 1 of the partial classes needs to be in a file with the same filename. This is to know the one that can be referenced from ie. GameObjects
'Packages/com.meta.xr.sdk.core/Editor/BuildingBlocks/BlocksWindow.cs' contains partial class of Unity.Object, exactly 1 of the partial classes needs to be in a file with the same filename. This is to know the one that can be referenced from ie. GameObjects
'Packages/com.meta.xr.sdk.core/Editor/RuntimeOptimizer/RuntimeOptimizerStyles.cs' contains partial class of Unity.Object, exactly 1 of the partial classes needs to be in a file with the same filename. This is to know the one that can be referenced from ie. GameObjects
'Packages/com.meta.xr.sdk.core/Editor/RuntimeOptimizer/RuntimeOptimizer.cs' contains partial class of Unity.Object, exactly 1 of the partial classes needs to be in a file with the same filename. This is to know the one that can be referenced from ie. GameObjects
'Packages/com.meta.xr.sdk.core/Editor/BuildingBlocks/BlocksWindowDetailsExtension.cs' contains partial class of Unity.Object, exactly 1 of the partial classes needs to be in a file with the same filename. This is to know the one that can be referenced from ie. GameObjects
'Packages/com.meta.xr.sdk.core/Editor/BuildingBlocks/BlocksWindowCollectionsPageExtension.cs' contains partial class of Unity.Object, exactly 1 of the partial classes needs to be in a file with the same filename. This is to know the one that can be referenced from ie. GameObjects
Refreshing native plugins compatible for Editor in 77.02 ms, found 21 plugins.
Unloading 27 Unused Serialized files (Serialized files now loaded: 0)
Unloading 10612 unused Assets / (7.0 MB). Loaded Objects now: 11694.
Memory consumption went from 482.4 MB to 475.4 MB.
Total: 43.174500 ms (FindLiveObjects: 2.051800 ms CreateObjectMapping: 9.052600 ms MarkObjects: 25.436400 ms  DeleteObjects: 6.631000 ms)

Prepare: number of updated asset objects reloaded= 0
Shader 'Meta/MRUK/Scene/HighlightsAndShadows': fallback shader 'Off' not found
Shader 'Oculus/OVRMRCameraFrameLit': fallback shader 'Alpha-Diffuse' not found
========================================================================
Received Prepare
AcceleratorClientConnectionCallback - disconnected - :0
[Licensing::Client] Successfully resolved entitlement details
Begin MonoManager ReloadAssembly
Symbol file LoadedFromMemory is not a mono symbol file
Script 'CharacterController' has the same name as built-in Unity component.
AddComponent and GetComponent will not work with this script.
'Packages/com.meta.xr.sdk.core/Editor/RuntimeOptimizer/RuntimeOptimizerNetworking.cs' contains partial class of Unity.Object, exactly 1 of the partial classes needs to be in a file with the same filename. This is to know the one that can be referenced from ie. GameObjects
'Packages/com.meta.xr.sdk.core/Editor/BuildingBlocks/BlocksWindow.cs' contains partial class of Unity.Object, exactly 1 of the partial classes needs to be in a file with the same filename. This is to know the one that can be referenced from ie. GameObjects
'Packages/com.meta.xr.sdk.core/Editor/RuntimeOptimizer/RuntimeOptimizerStyles.cs' contains partial class of Unity.Object, exactly 1 of the partial classes needs to be in a file with the same filename. This is to know the one that can be referenced from ie. GameObjects
'Packages/com.meta.xr.sdk.core/Editor/RuntimeOptimizer/RuntimeOptimizer.cs' contains partial class of Unity.Object, exactly 1 of the partial classes needs to be in a file with the same filename. This is to know the one that can be referenced from ie. GameObjects
'Packages/com.meta.xr.sdk.core/Editor/BuildingBlocks/BlocksWindowDetailsExtension.cs' contains partial class of Unity.Object, exactly 1 of the partial classes needs to be in a file with the same filename. This is to know the one that can be referenced from ie. GameObjects
'Packages/com.meta.xr.sdk.core/Editor/BuildingBlocks/BlocksWindowCollectionsPageExtension.cs' contains partial class of Unity.Object, exactly 1 of the partial classes needs to be in a file with the same filename. This is to know the one that can be referenced from ie. GameObjects
Refreshing native plugins compatible for Editor in 20.06 ms, found 21 plugins.
Native extension for Android target not found
Native extension for WindowsStandalone target not found
[Package Manager] Failed to launch server process. Reason: Unity was launched with the -noUpm command-line argument
[Package Manager] Unable to send message (not connected to server process).
[Package Manager] Cannot connect to Unity Package Manager local server
Refreshing native plugins compatible for Editor in 16.50 ms, found 21 plugins.
[Package Manager] Failed to launch server process. Reason: Unity was launched with the -noUpm command-line argument
[Package Manager] Unable to send message (not connected to server process).
[Package Manager] Cannot connect to Unity Package Manager local server
[Package Manager] Failed to launch server process. Reason: Unity was launched with the -noUpm command-line argument
[Package Manager] Unable to send message (not connected to server process).
[Package Manager] Cannot connect to Unity Package Manager local server
ScheduleIndexationOnStartup MainProcess:False IndexOnStartup:True
Mono: successfully reloaded assembly
[Package Manager] Failed to launch server process. Reason: Unity was launched with the -noUpm command-line argument
[Package Manager] Unable to send message (not connected to server process).
[Package Manager] Cannot connect to Unity Package Manager local server
- Finished resetting the current domain, in  1.288 seconds
Domain Reload Profiling: 6476ms
	BeginReloadAssembly (298ms)
		DisableScriptedObjects (8ms)
		CreateAndSetChildDomain (73ms)
	RebuildCommonClasses (10ms)
	RebuildNativeTypeToScriptingClass (17ms)
	initialDomainReloadingComplete (92ms)
	LoadAllAssembliesAndSetupDomain (4770ms)
		LoadAssemblies (4112ms)
		AnalyzeDomain (571ms)
			TypeCache.Refresh (305ms)
				TypeCache.ScanAssembly (272ms)
			BuildScriptInfoCaches (249ms)
			ResolveRequiredComponents (13ms)
	FinalizeReload (1289ms)
		SetupLoadedEditorAssemblies (0ms)
			InitializePlatformSupportModulesInManaged (13ms)
			BeforeProcessingInitializeOnLoad (110ms)
			ProcessInitializeOnLoadAttributes (544ms)
			ProcessInitializeOnLoadMethodAttributes (304ms)
			AfterProcessingInitializeOnLoad (6ms)
		AwakeInstancesAfterBackupRestoration (22ms)
Refreshing native plugins compatible for Editor in 20.57 ms, found 21 plugins.
Unloading 27 Unused Serialized files (Serialized files now loaded: 0)
Unloading 10692 unused Assets / (8.1 MB). Loaded Objects now: 11707.
Memory consumption went from 491.7 MB to 483.6 MB.
Total: 21.924900 ms (FindLiveObjects: 1.346500 ms CreateObjectMapping: 6.035100 ms MarkObjects: 9.296300 ms  DeleteObjects: 5.245200 ms)

Prepare: number of updated asset objects reloaded= 0
Shader 'Meta/MRUK/Scene/HighlightsAndShadows': fallback shader 'Off' not found
Shader 'Oculus/OVRMRCameraFrameLit': fallback shader 'Alpha-Diffuse' not found
========================================================================
Received Prepare
AcceleratorClientConnectionCallback - disconnected - :0
Refreshing native plugins compatible for Editor in 18.52 ms, found 21 plugins.
Unloading 27 Unused Serialized files (Serialized files now loaded: 0)
Unloading 27 unused Assets / (2.8 MB). Loaded Objects now: 11707.
Memory consumption went from 487.5 MB to 484.7 MB.
Total: 12.178900 ms (FindLiveObjects: 0.705400 ms CreateObjectMapping: 1.682100 ms MarkObjects: 9.246900 ms  DeleteObjects: 0.542700 ms)

Prepare: number of updated asset objects reloaded= 0
Shader 'Meta/MRUK/Scene/HighlightsAndShadows': fallback shader 'Off' not found
Shader 'Oculus/OVRMRCameraFrameLit': fallback shader 'Alpha-Diffuse' not found
========================================================================
Received Prepare
AcceleratorClientConnectionCallback - disconnected - :0
Refreshing native plugins compatible for Editor in 32.71 ms, found 21 plugins.
Unloading 27 Unused Serialized files (Serialized files now loaded: 0)
Unloading 27 unused Assets / (2.8 MB). Loaded Objects now: 11707.
Memory consumption went from 491.3 MB to 488.5 MB.
Total: 18.992700 ms (FindLiveObjects: 1.154000 ms CreateObjectMapping: 3.276100 ms MarkObjects: 13.968900 ms  DeleteObjects: 0.591200 ms)

Prepare: number of updated asset objects reloaded= 0
Shader 'Meta/MRUK/Scene/HighlightsAndShadows': fallback shader 'Off' not found
Shader 'Oculus/OVRMRCameraFrameLit': fallback shader 'Alpha-Diffuse' not found
========================================================================
Received Prepare
AcceleratorClientConnectionCallback - disconnected - :0
Script 'CharacterController' has the same name as built-in Unity component.
AddComponent and GetComponent will not work with this script.
'Packages/com.meta.xr.sdk.core/Editor/RuntimeOptimizer/RuntimeOptimizerNetworking.cs' contains partial class of Unity.Object, exactly 1 of the partial classes needs to be in a file with the same filename. This is to know the one that can be referenced from ie. GameObjects
'Packages/com.meta.xr.sdk.core/Editor/BuildingBlocks/BlocksWindow.cs' contains partial class of Unity.Object, exactly 1 of the partial classes needs to be in a file with the same filename. This is to know the one that can be referenced from ie. GameObjects
'Packages/com.meta.xr.sdk.core/Editor/RuntimeOptimizer/RuntimeOptimizerStyles.cs' contains partial class of Unity.Object, exactly 1 of the partial classes needs to be in a file with the same filename. This is to know the one that can be referenced from ie. GameObjects
'Packages/com.meta.xr.sdk.core/Editor/RuntimeOptimizer/RuntimeOptimizer.cs' contains partial class of Unity.Object, exactly 1 of the partial classes needs to be in a file with the same filename. This is to know the one that can be referenced from ie. GameObjects
'Packages/com.meta.xr.sdk.core/Editor/BuildingBlocks/BlocksWindowDetailsExtension.cs' contains partial class of Unity.Object, exactly 1 of the partial classes needs to be in a file with the same filename. This is to know the one that can be referenced from ie. GameObjects
'Packages/com.meta.xr.sdk.core/Editor/BuildingBlocks/BlocksWindowCollectionsPageExtension.cs' contains partial class of Unity.Object, exactly 1 of the partial classes needs to be in a file with the same filename. This is to know the one that can be referenced from ie. GameObjects
Refreshing native plugins compatible for Editor in 38.56 ms, found 21 plugins.
Unloading 27 Unused Serialized files (Serialized files now loaded: 0)
Unloading 10612 unused Assets / (8.6 MB). Loaded Objects now: 11699.
Memory consumption went from 502.7 MB to 494.1 MB.
Total: 46.229600 ms (FindLiveObjects: 2.090500 ms CreateObjectMapping: 9.824100 ms MarkObjects: 25.422800 ms  DeleteObjects: 8.889000 ms)

Prepare: number of updated asset objects reloaded= 0
Shader 'Meta/MRUK/Scene/HighlightsAndShadows': fallback shader 'Off' not found
Shader 'Oculus/OVRMRCameraFrameLit': fallback shader 'Alpha-Diffuse' not found
========================================================================
Received Prepare
AcceleratorClientConnectionCallback - disconnected - :0
[Licensing::Client] Successfully resolved entitlement details
Begin MonoManager ReloadAssembly
Symbol file LoadedFromMemory is not a mono symbol file
Script 'CharacterController' has the same name as built-in Unity component.
AddComponent and GetComponent will not work with this script.
'Packages/com.meta.xr.sdk.core/Editor/RuntimeOptimizer/RuntimeOptimizerNetworking.cs' contains partial class of Unity.Object, exactly 1 of the partial classes needs to be in a file with the same filename. This is to know the one that can be referenced from ie. GameObjects
'Packages/com.meta.xr.sdk.core/Editor/BuildingBlocks/BlocksWindow.cs' contains partial class of Unity.Object, exactly 1 of the partial classes needs to be in a file with the same filename. This is to know the one that can be referenced from ie. GameObjects
'Packages/com.meta.xr.sdk.core/Editor/RuntimeOptimizer/RuntimeOptimizerStyles.cs' contains partial class of Unity.Object, exactly 1 of the partial classes needs to be in a file with the same filename. This is to know the one that can be referenced from ie. GameObjects
'Packages/com.meta.xr.sdk.core/Editor/RuntimeOptimizer/RuntimeOptimizer.cs' contains partial class of Unity.Object, exactly 1 of the partial classes needs to be in a file with the same filename. This is to know the one that can be referenced from ie. GameObjects
'Packages/com.meta.xr.sdk.core/Editor/BuildingBlocks/BlocksWindowDetailsExtension.cs' contains partial class of Unity.Object, exactly 1 of the partial classes needs to be in a file with the same filename. This is to know the one that can be referenced from ie. GameObjects
'Packages/com.meta.xr.sdk.core/Editor/BuildingBlocks/BlocksWindowCollectionsPageExtension.cs' contains partial class of Unity.Object, exactly 1 of the partial classes needs to be in a file with the same filename. This is to know the one that can be referenced from ie. GameObjects
Refreshing native plugins compatible for Editor in 54.55 ms, found 21 plugins.
Native extension for Android target not found
Native extension for WindowsStandalone target not found
[Package Manager] Failed to launch server process. Reason: Unity was launched with the -noUpm command-line argument
[Package Manager] Unable to send message (not connected to server process).
[Package Manager] Cannot connect to Unity Package Manager local server
Refreshing native plugins compatible for Editor in 41.18 ms, found 21 plugins.
[Package Manager] Failed to launch server process. Reason: Unity was launched with the -noUpm command-line argument
[Package Manager] Unable to send message (not connected to server process).
[Package Manager] Cannot connect to Unity Package Manager local server
[Package Manager] Failed to launch server process. Reason: Unity was launched with the -noUpm command-line argument
[Package Manager] Unable to send message (not connected to server process).
[Package Manager] Cannot connect to Unity Package Manager local server
ScheduleIndexationOnStartup MainProcess:False IndexOnStartup:True
Mono: successfully reloaded assembly
[Package Manager] Failed to launch server process. Reason: Unity was launched with the -noUpm command-line argument
[Package Manager] Unable to send message (not connected to server process).
[Package Manager] Cannot connect to Unity Package Manager local server
- Finished resetting the current domain, in  2.389 seconds
Domain Reload Profiling: 7205ms
	BeginReloadAssembly (391ms)
		DisableScriptedObjects (7ms)
		CreateAndSetChildDomain (103ms)
	RebuildCommonClasses (16ms)
	RebuildNativeTypeToScriptingClass (22ms)
	initialDomainReloadingComplete (102ms)
	LoadAllAssembliesAndSetupDomain (4283ms)
		LoadAssemblies (3439ms)
		AnalyzeDomain (653ms)
			TypeCache.Refresh (23ms)
			BuildScriptInfoCaches (596ms)
			ResolveRequiredComponents (29ms)
	FinalizeReload (2391ms)
		SetupLoadedEditorAssemblies (0ms)
			InitializePlatformSupportModulesInManaged (18ms)
			BeforeProcessingInitializeOnLoad (201ms)
			ProcessInitializeOnLoadAttributes (951ms)
			ProcessInitializeOnLoadMethodAttributes (558ms)
			AfterProcessingInitializeOnLoad (12ms)
		AwakeInstancesAfterBackupRestoration (55ms)
Refreshing native plugins compatible for Editor in 35.91 ms, found 21 plugins.
Unloading 27 Unused Serialized files (Serialized files now loaded: 0)
Unloading 10692 unused Assets / (8.5 MB). Loaded Objects now: 11712.
Memory consumption went from 505.3 MB to 496.8 MB.
Total: 35.326700 ms (FindLiveObjects: 1.722100 ms CreateObjectMapping: 7.851000 ms MarkObjects: 17.928600 ms  DeleteObjects: 7.822300 ms)

Prepare: number of updated asset objects reloaded= 0
Shader 'Meta/MRUK/Scene/HighlightsAndShadows': fallback shader 'Off' not found
Shader 'Oculus/OVRMRCameraFrameLit': fallback shader 'Alpha-Diffuse' not found
========================================================================
Received Prepare
AcceleratorClientConnectionCallback - disconnected - :0
Refreshing native plugins compatible for Editor in 37.51 ms, found 21 plugins.
Unloading 27 Unused Serialized files (Serialized files now loaded: 0)
Unloading 27 unused Assets / (2.8 MB). Loaded Objects now: 11712.
Memory consumption went from 501.1 MB to 498.3 MB.
Total: 20.621800 ms (FindLiveObjects: 1.265200 ms CreateObjectMapping: 5.168900 ms MarkObjects: 13.501300 ms  DeleteObjects: 0.683900 ms)

Prepare: number of updated asset objects reloaded= 0
Shader 'Meta/MRUK/Scene/HighlightsAndShadows': fallback shader 'Off' not found
Shader 'Oculus/OVRMRCameraFrameLit': fallback shader 'Alpha-Diffuse' not found
========================================================================
Received Prepare
AcceleratorClientConnectionCallback - disconnected - :0
Refreshing native plugins compatible for Editor in 26.65 ms, found 21 plugins.
Unloading 27 Unused Serialized files (Serialized files now loaded: 0)
Unloading 27 unused Assets / (2.8 MB). Loaded Objects now: 11712.
Memory consumption went from 504.9 MB to 502.1 MB.
Total: 20.193300 ms (FindLiveObjects: 1.445500 ms CreateObjectMapping: 2.405700 ms MarkObjects: 15.524300 ms  DeleteObjects: 0.815400 ms)

Prepare: number of updated asset objects reloaded= 0
Shader 'Meta/MRUK/Scene/HighlightsAndShadows': fallback shader 'Off' not found
Shader 'Oculus/OVRMRCameraFrameLit': fallback shader 'Alpha-Diffuse' not found
========================================================================
Received Prepare
AcceleratorClientConnectionCallback - disconnected - :0
Begin MonoManager ReloadAssembly
Symbol file LoadedFromMemory is not a mono symbol file
Script 'CharacterController' has the same name as built-in Unity component.
AddComponent and GetComponent will not work with this script.
'Packages/com.meta.xr.sdk.core/Editor/RuntimeOptimizer/RuntimeOptimizerNetworking.cs' contains partial class of Unity.Object, exactly 1 of the partial classes needs to be in a file with the same filename. This is to know the one that can be referenced from ie. GameObjects
'Packages/com.meta.xr.sdk.core/Editor/BuildingBlocks/BlocksWindow.cs' contains partial class of Unity.Object, exactly 1 of the partial classes needs to be in a file with the same filename. This is to know the one that can be referenced from ie. GameObjects
'Packages/com.meta.xr.sdk.core/Editor/RuntimeOptimizer/RuntimeOptimizerStyles.cs' contains partial class of Unity.Object, exactly 1 of the partial classes needs to be in a file with the same filename. This is to know the one that can be referenced from ie. GameObjects
'Packages/com.meta.xr.sdk.core/Editor/RuntimeOptimizer/RuntimeOptimizer.cs' contains partial class of Unity.Object, exactly 1 of the partial classes needs to be in a file with the same filename. This is to know the one that can be referenced from ie. GameObjects
'Packages/com.meta.xr.sdk.core/Editor/BuildingBlocks/BlocksWindowDetailsExtension.cs' contains partial class of Unity.Object, exactly 1 of the partial classes needs to be in a file with the same filename. This is to know the one that can be referenced from ie. GameObjects
'Packages/com.meta.xr.sdk.core/Editor/BuildingBlocks/BlocksWindowCollectionsPageExtension.cs' contains partial class of Unity.Object, exactly 1 of the partial classes needs to be in a file with the same filename. This is to know the one that can be referenced from ie. GameObjects
Refreshing native plugins compatible for Editor in 38.23 ms, found 21 plugins.
Native extension for Android target not found
Native extension for WindowsStandalone target not found
[Package Manager] Failed to launch server process. Reason: Unity was launched with the -noUpm command-line argument
[Package Manager] Unable to send message (not connected to server process).
[Package Manager] Cannot connect to Unity Package Manager local server
Refreshing native plugins compatible for Editor in 23.56 ms, found 21 plugins.
[Package Manager] Failed to launch server process. Reason: Unity was launched with the -noUpm command-line argument
[Package Manager] Unable to send message (not connected to server process).
[Package Manager] Cannot connect to Unity Package Manager local server
[Package Manager] Failed to launch server process. Reason: Unity was launched with the -noUpm command-line argument
[Package Manager] Unable to send message (not connected to server process).
[Package Manager] Cannot connect to Unity Package Manager local server
ScheduleIndexationOnStartup MainProcess:False IndexOnStartup:True
Mono: successfully reloaded assembly
[Package Manager] Failed to launch server process. Reason: Unity was launched with the -noUpm command-line argument
[Package Manager] Unable to send message (not connected to server process).
[Package Manager] Cannot connect to Unity Package Manager local server
- Finished resetting the current domain, in  1.544 seconds
Domain Reload Profiling: 2902ms
	BeginReloadAssembly (345ms)
		DisableScriptedObjects (6ms)
		CreateAndSetChildDomain (90ms)
	RebuildCommonClasses (19ms)
	RebuildNativeTypeToScriptingClass (25ms)
	initialDomainReloadingComplete (138ms)
	LoadAllAssembliesAndSetupDomain (830ms)
		LoadAssemblies (640ms)
		AnalyzeDomain (46ms)
			TypeCache.Refresh (15ms)
			ResolveRequiredComponents (19ms)
	FinalizeReload (1545ms)
		SetupLoadedEditorAssemblies (0ms)
			InitializePlatformSupportModulesInManaged (10ms)
			BeforeProcessingInitializeOnLoad (131ms)
			ProcessInitializeOnLoadAttributes (681ms)
			ProcessInitializeOnLoadMethodAttributes (295ms)
			AfterProcessingInitializeOnLoad (6ms)
		AwakeInstancesAfterBackupRestoration (24ms)
Refreshing native plugins compatible for Editor in 17.55 ms, found 21 plugins.
Unloading 27 Unused Serialized files (Serialized files now loaded: 0)
Unloading 10692 unused Assets / (8.5 MB). Loaded Objects now: 11717.
Memory consumption went from 0.50 GB to 508.3 MB.
Total: 22.229000 ms (FindLiveObjects: 1.141900 ms CreateObjectMapping: 4.963800 ms MarkObjects: 10.934200 ms  DeleteObjects: 5.187700 ms)

Prepare: number of updated asset objects reloaded= 0
Shader 'Meta/MRUK/Scene/HighlightsAndShadows': fallback shader 'Off' not found
Shader 'Oculus/OVRMRCameraFrameLit': fallback shader 'Alpha-Diffuse' not found
========================================================================
Received Prepare
AcceleratorClientConnectionCallback - disconnected - :0
Refreshing native plugins compatible for Editor in 19.74 ms, found 21 plugins.
Unloading 27 Unused Serialized files (Serialized files now loaded: 0)
Unloading 27 unused Assets / (2.8 MB). Loaded Objects now: 11717.
Memory consumption went from 0.50 GB to 509.7 MB.
Total: 12.008600 ms (FindLiveObjects: 0.538900 ms CreateObjectMapping: 1.489800 ms MarkObjects: 9.283000 ms  DeleteObjects: 0.695400 ms)

Prepare: number of updated asset objects reloaded= 0
Shader 'Meta/MRUK/Scene/HighlightsAndShadows': fallback shader 'Off' not found
Shader 'Oculus/OVRMRCameraFrameLit': fallback shader 'Alpha-Diffuse' not found
========================================================================
Received Prepare
AcceleratorClientConnectionCallback - disconnected - :0
Refreshing native plugins compatible for Editor in 20.78 ms, found 21 plugins.
Unloading 27 Unused Serialized files (Serialized files now loaded: 0)
Unloading 27 unused Assets / (2.8 MB). Loaded Objects now: 11717.
Memory consumption went from 0.50 GB to 0.50 GB.
Total: 17.066100 ms (FindLiveObjects: 0.673300 ms CreateObjectMapping: 2.226100 ms MarkObjects: 13.552500 ms  DeleteObjects: 0.612000 ms)

Prepare: number of updated asset objects reloaded= 0
Shader 'Meta/MRUK/Scene/HighlightsAndShadows': fallback shader 'Off' not found
Shader 'Oculus/OVRMRCameraFrameLit': fallback shader 'Alpha-Diffuse' not found
========================================================================
Received Prepare
AcceleratorClientConnectionCallback - disconnected - :0
Script 'CharacterController' has the same name as built-in Unity component.
AddComponent and GetComponent will not work with this script.
'Packages/com.meta.xr.sdk.core/Editor/RuntimeOptimizer/RuntimeOptimizerNetworking.cs' contains partial class of Unity.Object, exactly 1 of the partial classes needs to be in a file with the same filename. This is to know the one that can be referenced from ie. GameObjects
'Packages/com.meta.xr.sdk.core/Editor/BuildingBlocks/BlocksWindow.cs' contains partial class of Unity.Object, exactly 1 of the partial classes needs to be in a file with the same filename. This is to know the one that can be referenced from ie. GameObjects
'Packages/com.meta.xr.sdk.core/Editor/RuntimeOptimizer/RuntimeOptimizerStyles.cs' contains partial class of Unity.Object, exactly 1 of the partial classes needs to be in a file with the same filename. This is to know the one that can be referenced from ie. GameObjects
'Packages/com.meta.xr.sdk.core/Editor/RuntimeOptimizer/RuntimeOptimizer.cs' contains partial class of Unity.Object, exactly 1 of the partial classes needs to be in a file with the same filename. This is to know the one that can be referenced from ie. GameObjects
'Packages/com.meta.xr.sdk.core/Editor/BuildingBlocks/BlocksWindowDetailsExtension.cs' contains partial class of Unity.Object, exactly 1 of the partial classes needs to be in a file with the same filename. This is to know the one that can be referenced from ie. GameObjects
'Packages/com.meta.xr.sdk.core/Editor/BuildingBlocks/BlocksWindowCollectionsPageExtension.cs' contains partial class of Unity.Object, exactly 1 of the partial classes needs to be in a file with the same filename. This is to know the one that can be referenced from ie. GameObjects
Refreshing native plugins compatible for Editor in 50.59 ms, found 21 plugins.
Unloading 27 Unused Serialized files (Serialized files now loaded: 0)
Unloading 10612 unused Assets / (8.4 MB). Loaded Objects now: 11709.
Memory consumption went from 0.51 GB to 0.51 GB.
Total: 53.327800 ms (FindLiveObjects: 2.608300 ms CreateObjectMapping: 14.848100 ms MarkObjects: 26.751700 ms  DeleteObjects: 9.116600 ms)

Prepare: number of updated asset objects reloaded= 0
Shader 'Meta/MRUK/Scene/HighlightsAndShadows': fallback shader 'Off' not found
Shader 'Oculus/OVRMRCameraFrameLit': fallback shader 'Alpha-Diffuse' not found
========================================================================
Received Prepare
AcceleratorClientConnectionCallback - disconnected - :0
[Licensing::Client] Successfully resolved entitlement details
Begin MonoManager ReloadAssembly
Symbol file LoadedFromMemory is not a mono symbol file
Script 'CharacterController' has the same name as built-in Unity component.
AddComponent and GetComponent will not work with this script.
'Packages/com.meta.xr.sdk.core/Editor/RuntimeOptimizer/RuntimeOptimizerNetworking.cs' contains partial class of Unity.Object, exactly 1 of the partial classes needs to be in a file with the same filename. This is to know the one that can be referenced from ie. GameObjects
'Packages/com.meta.xr.sdk.core/Editor/BuildingBlocks/BlocksWindow.cs' contains partial class of Unity.Object, exactly 1 of the partial classes needs to be in a file with the same filename. This is to know the one that can be referenced from ie. GameObjects
'Packages/com.meta.xr.sdk.core/Editor/RuntimeOptimizer/RuntimeOptimizerStyles.cs' contains partial class of Unity.Object, exactly 1 of the partial classes needs to be in a file with the same filename. This is to know the one that can be referenced from ie. GameObjects
'Packages/com.meta.xr.sdk.core/Editor/RuntimeOptimizer/RuntimeOptimizer.cs' contains partial class of Unity.Object, exactly 1 of the partial classes needs to be in a file with the same filename. This is to know the one that can be referenced from ie. GameObjects
'Packages/com.meta.xr.sdk.core/Editor/BuildingBlocks/BlocksWindowDetailsExtension.cs' contains partial class of Unity.Object, exactly 1 of the partial classes needs to be in a file with the same filename. This is to know the one that can be referenced from ie. GameObjects
'Packages/com.meta.xr.sdk.core/Editor/BuildingBlocks/BlocksWindowCollectionsPageExtension.cs' contains partial class of Unity.Object, exactly 1 of the partial classes needs to be in a file with the same filename. This is to know the one that can be referenced from ie. GameObjects
Refreshing native plugins compatible for Editor in 54.89 ms, found 21 plugins.
Native extension for Android target not found
Native extension for WindowsStandalone target not found
[Package Manager] Failed to launch server process. Reason: Unity was launched with the -noUpm command-line argument
[Package Manager] Unable to send message (not connected to server process).
[Package Manager] Cannot connect to Unity Package Manager local server
Refreshing native plugins compatible for Editor in 37.36 ms, found 21 plugins.
[Package Manager] Failed to launch server process. Reason: Unity was launched with the -noUpm command-line argument
[Package Manager] Unable to send message (not connected to server process).
[Package Manager] Cannot connect to Unity Package Manager local server
[Package Manager] Failed to launch server process. Reason: Unity was launched with the -noUpm command-line argument
[Package Manager] Unable to send message (not connected to server process).
[Package Manager] Cannot connect to Unity Package Manager local server
ScheduleIndexationOnStartup MainProcess:False IndexOnStartup:True
Mono: successfully reloaded assembly
[Package Manager] Failed to launch server process. Reason: Unity was launched with the -noUpm command-line argument
[Package Manager] Unable to send message (not connected to server process).
[Package Manager] Cannot connect to Unity Package Manager local server
- Finished resetting the current domain, in  2.418 seconds
Domain Reload Profiling: 5153ms
	BeginReloadAssembly (445ms)
		DisableScriptedObjects (15ms)
		CreateAndSetChildDomain (116ms)
	RebuildCommonClasses (18ms)
	RebuildNativeTypeToScriptingClass (30ms)
	initialDomainReloadingComplete (150ms)
	LoadAllAssembliesAndSetupDomain (2090ms)
		LoadAssemblies (981ms)
		AnalyzeDomain (852ms)
			TypeCache.Refresh (30ms)
			BuildScriptInfoCaches (792ms)
			ResolveRequiredComponents (24ms)
	FinalizeReload (2420ms)
		SetupLoadedEditorAssemblies (0ms)
			InitializePlatformSupportModulesInManaged (16ms)
			BeforeProcessingInitializeOnLoad (204ms)
			ProcessInitializeOnLoadAttributes (1134ms)
			ProcessInitializeOnLoadMethodAttributes (468ms)
			AfterProcessingInitializeOnLoad (9ms)
		AwakeInstancesAfterBackupRestoration (46ms)
Refreshing native plugins compatible for Editor in 31.05 ms, found 21 plugins.
Unloading 27 Unused Serialized files (Serialized files now loaded: 0)
Unloading 10692 unused Assets / (7.4 MB). Loaded Objects now: 11722.
Memory consumption went from 0.52 GB to 0.51 GB.
Total: 32.677000 ms (FindLiveObjects: 1.635200 ms CreateObjectMapping: 6.743400 ms MarkObjects: 17.290600 ms  DeleteObjects: 7.005700 ms)

Prepare: number of updated asset objects reloaded= 0
Shader 'Meta/MRUK/Scene/HighlightsAndShadows': fallback shader 'Off' not found
Shader 'Oculus/OVRMRCameraFrameLit': fallback shader 'Alpha-Diffuse' not found
========================================================================
Received Prepare
AcceleratorClientConnectionCallback - disconnected - :0
Refreshing native plugins compatible for Editor in 37.53 ms, found 21 plugins.
Unloading 27 Unused Serialized files (Serialized files now loaded: 0)
Unloading 27 unused Assets / (2.8 MB). Loaded Objects now: 11722.
Memory consumption went from 0.52 GB to 0.51 GB.
Total: 18.914000 ms (FindLiveObjects: 0.757300 ms CreateObjectMapping: 2.463200 ms MarkObjects: 14.703100 ms  DeleteObjects: 0.988000 ms)

Prepare: number of updated asset objects reloaded= 0
Shader 'Meta/MRUK/Scene/HighlightsAndShadows': fallback shader 'Off' not found
Shader 'Oculus/OVRMRCameraFrameLit': fallback shader 'Alpha-Diffuse' not found
========================================================================
Received Prepare
AcceleratorClientConnectionCallback - disconnected - :0
Refreshing native plugins compatible for Editor in 34.19 ms, found 21 plugins.
Unloading 27 Unused Serialized files (Serialized files now loaded: 0)
Unloading 27 unused Assets / (2.8 MB). Loaded Objects now: 11722.
Memory consumption went from 0.52 GB to 0.52 GB.
Total: 19.166800 ms (FindLiveObjects: 0.955700 ms CreateObjectMapping: 2.774200 ms MarkObjects: 14.523400 ms  DeleteObjects: 0.910900 ms)

Prepare: number of updated asset objects reloaded= 0
Shader 'Meta/MRUK/Scene/HighlightsAndShadows': fallback shader 'Off' not found
Shader 'Oculus/OVRMRCameraFrameLit': fallback shader 'Alpha-Diffuse' not found
========================================================================
Received Prepare
AcceleratorClientConnectionCallback - disconnected - :0
Begin MonoManager ReloadAssembly
Symbol file LoadedFromMemory is not a mono symbol file
Script 'CharacterController' has the same name as built-in Unity component.
AddComponent and GetComponent will not work with this script.
'Packages/com.meta.xr.sdk.core/Editor/RuntimeOptimizer/RuntimeOptimizerNetworking.cs' contains partial class of Unity.Object, exactly 1 of the partial classes needs to be in a file with the same filename. This is to know the one that can be referenced from ie. GameObjects
'Packages/com.meta.xr.sdk.core/Editor/BuildingBlocks/BlocksWindow.cs' contains partial class of Unity.Object, exactly 1 of the partial classes needs to be in a file with the same filename. This is to know the one that can be referenced from ie. GameObjects
'Packages/com.meta.xr.sdk.core/Editor/RuntimeOptimizer/RuntimeOptimizerStyles.cs' contains partial class of Unity.Object, exactly 1 of the partial classes needs to be in a file with the same filename. This is to know the one that can be referenced from ie. GameObjects
'Packages/com.meta.xr.sdk.core/Editor/RuntimeOptimizer/RuntimeOptimizer.cs' contains partial class of Unity.Object, exactly 1 of the partial classes needs to be in a file with the same filename. This is to know the one that can be referenced from ie. GameObjects
'Packages/com.meta.xr.sdk.core/Editor/BuildingBlocks/BlocksWindowDetailsExtension.cs' contains partial class of Unity.Object, exactly 1 of the partial classes needs to be in a file with the same filename. This is to know the one that can be referenced from ie. GameObjects
'Packages/com.meta.xr.sdk.core/Editor/BuildingBlocks/BlocksWindowCollectionsPageExtension.cs' contains partial class of Unity.Object, exactly 1 of the partial classes needs to be in a file with the same filename. This is to know the one that can be referenced from ie. GameObjects
Refreshing native plugins compatible for Editor in 20.60 ms, found 21 plugins.
Native extension for Android target not found
Native extension for WindowsStandalone target not found
[Package Manager] Failed to launch server process. Reason: Unity was launched with the -noUpm command-line argument
[Package Manager] Unable to send message (not connected to server process).
[Package Manager] Cannot connect to Unity Package Manager local server
Refreshing native plugins compatible for Editor in 39.98 ms, found 21 plugins.
[Package Manager] Failed to launch server process. Reason: Unity was launched with the -noUpm command-line argument
[Package Manager] Unable to send message (not connected to server process).
[Package Manager] Cannot connect to Unity Package Manager local server
[Package Manager] Failed to launch server process. Reason: Unity was launched with the -noUpm command-line argument
[Package Manager] Unable to send message (not connected to server process).
[Package Manager] Cannot connect to Unity Package Manager local server
ScheduleIndexationOnStartup MainProcess:False IndexOnStartup:True
Mono: successfully reloaded assembly
[Package Manager] Failed to launch server process. Reason: Unity was launched with the -noUpm command-line argument
[Package Manager] Unable to send message (not connected to server process).
[Package Manager] Cannot connect to Unity Package Manager local server
- Finished resetting the current domain, in  1.539 seconds
Domain Reload Profiling: 2979ms
	BeginReloadAssembly (328ms)
		DisableScriptedObjects (6ms)
		CreateAndSetChildDomain (78ms)
	RebuildCommonClasses (17ms)
	RebuildNativeTypeToScriptingClass (27ms)
	initialDomainReloadingComplete (160ms)
	LoadAllAssembliesAndSetupDomain (907ms)
		LoadAssemblies (732ms)
		AnalyzeDomain (64ms)
			TypeCache.Refresh (15ms)
			ResolveRequiredComponents (28ms)
	FinalizeReload (1541ms)
		SetupLoadedEditorAssemblies (0ms)
			InitializePlatformSupportModulesInManaged (12ms)
			BeforeProcessingInitializeOnLoad (144ms)
			ProcessInitializeOnLoadAttributes (665ms)
			ProcessInitializeOnLoadMethodAttributes (327ms)
			AfterProcessingInitializeOnLoad (8ms)
		AwakeInstancesAfterBackupRestoration (27ms)
Refreshing native plugins compatible for Editor in 25.05 ms, found 21 plugins.
Unloading 27 Unused Serialized files (Serialized files now loaded: 0)
Unloading 10692 unused Assets / (10.4 MB). Loaded Objects now: 11727.
Memory consumption went from 0.53 GB to 0.52 GB.
Total: 27.539900 ms (FindLiveObjects: 1.195500 ms CreateObjectMapping: 4.913100 ms MarkObjects: 13.425900 ms  DeleteObjects: 8.003200 ms)

Prepare: number of updated asset objects reloaded= 0
Shader 'Meta/MRUK/Scene/HighlightsAndShadows': fallback shader 'Off' not found
Shader 'Oculus/OVRMRCameraFrameLit': fallback shader 'Alpha-Diffuse' not found
========================================================================
Received Prepare
AcceleratorClientConnectionCallback - disconnected - :0
Refreshing native plugins compatible for Editor in 18.06 ms, found 21 plugins.
Unloading 27 Unused Serialized files (Serialized files now loaded: 0)
Unloading 27 unused Assets / (2.8 MB). Loaded Objects now: 11727.
Memory consumption went from 0.53 GB to 0.52 GB.
Total: 12.078800 ms (FindLiveObjects: 0.572900 ms CreateObjectMapping: 1.734700 ms MarkObjects: 9.203000 ms  DeleteObjects: 0.566500 ms)

Prepare: number of updated asset objects reloaded= 0
Shader 'Meta/MRUK/Scene/HighlightsAndShadows': fallback shader 'Off' not found
Shader 'Oculus/OVRMRCameraFrameLit': fallback shader 'Alpha-Diffuse' not found
========================================================================
Received Prepare
AcceleratorClientConnectionCallback - disconnected - :0
Refreshing native plugins compatible for Editor in 22.01 ms, found 21 plugins.
Unloading 27 Unused Serialized files (Serialized files now loaded: 0)
Unloading 27 unused Assets / (2.8 MB). Loaded Objects now: 11727.
Memory consumption went from 0.53 GB to 0.53 GB.
Total: 18.644300 ms (FindLiveObjects: 1.162200 ms CreateObjectMapping: 2.101800 ms MarkObjects: 14.511300 ms  DeleteObjects: 0.866000 ms)

Prepare: number of updated asset objects reloaded= 0
Shader 'Meta/MRUK/Scene/HighlightsAndShadows': fallback shader 'Off' not found
Shader 'Oculus/OVRMRCameraFrameLit': fallback shader 'Alpha-Diffuse' not found
========================================================================
Received Prepare
AcceleratorClientConnectionCallback - disconnected - :0
Script 'CharacterController' has the same name as built-in Unity component.
AddComponent and GetComponent will not work with this script.
'Packages/com.meta.xr.sdk.core/Editor/RuntimeOptimizer/RuntimeOptimizerNetworking.cs' contains partial class of Unity.Object, exactly 1 of the partial classes needs to be in a file with the same filename. This is to know the one that can be referenced from ie. GameObjects
'Packages/com.meta.xr.sdk.core/Editor/BuildingBlocks/BlocksWindow.cs' contains partial class of Unity.Object, exactly 1 of the partial classes needs to be in a file with the same filename. This is to know the one that can be referenced from ie. GameObjects
'Packages/com.meta.xr.sdk.core/Editor/RuntimeOptimizer/RuntimeOptimizerStyles.cs' contains partial class of Unity.Object, exactly 1 of the partial classes needs to be in a file with the same filename. This is to know the one that can be referenced from ie. GameObjects
'Packages/com.meta.xr.sdk.core/Editor/RuntimeOptimizer/RuntimeOptimizer.cs' contains partial class of Unity.Object, exactly 1 of the partial classes needs to be in a file with the same filename. This is to know the one that can be referenced from ie. GameObjects
'Packages/com.meta.xr.sdk.core/Editor/BuildingBlocks/BlocksWindowDetailsExtension.cs' contains partial class of Unity.Object, exactly 1 of the partial classes needs to be in a file with the same filename. This is to know the one that can be referenced from ie. GameObjects
'Packages/com.meta.xr.sdk.core/Editor/BuildingBlocks/BlocksWindowCollectionsPageExtension.cs' contains partial class of Unity.Object, exactly 1 of the partial classes needs to be in a file with the same filename. This is to know the one that can be referenced from ie. GameObjects
Refreshing native plugins compatible for Editor in 27.86 ms, found 21 plugins.
Unloading 27 Unused Serialized files (Serialized files now loaded: 0)
Unloading 10612 unused Assets / (12.3 MB). Loaded Objects now: 11719.
Memory consumption went from 0.54 GB to 0.53 GB.
Total: 173.796000 ms (FindLiveObjects: 1.915900 ms CreateObjectMapping: 9.088200 ms MarkObjects: 18.326800 ms  DeleteObjects: 144.461500 ms)

Prepare: number of updated asset objects reloaded= 0
Shader 'Meta/MRUK/Scene/HighlightsAndShadows': fallback shader 'Off' not found
Shader 'Oculus/OVRMRCameraFrameLit': fallback shader 'Alpha-Diffuse' not found
========================================================================
Received Prepare
AcceleratorClientConnectionCallback - disconnected - :0
[Licensing::Client] Successfully resolved entitlement details
Begin MonoManager ReloadAssembly
Symbol file LoadedFromMemory is not a mono symbol file
Script 'CharacterController' has the same name as built-in Unity component.
AddComponent and GetComponent will not work with this script.
'Packages/com.meta.xr.sdk.core/Editor/RuntimeOptimizer/RuntimeOptimizerNetworking.cs' contains partial class of Unity.Object, exactly 1 of the partial classes needs to be in a file with the same filename. This is to know the one that can be referenced from ie. GameObjects
'Packages/com.meta.xr.sdk.core/Editor/BuildingBlocks/BlocksWindow.cs' contains partial class of Unity.Object, exactly 1 of the partial classes needs to be in a file with the same filename. This is to know the one that can be referenced from ie. GameObjects
'Packages/com.meta.xr.sdk.core/Editor/RuntimeOptimizer/RuntimeOptimizerStyles.cs' contains partial class of Unity.Object, exactly 1 of the partial classes needs to be in a file with the same filename. This is to know the one that can be referenced from ie. GameObjects
'Packages/com.meta.xr.sdk.core/Editor/RuntimeOptimizer/RuntimeOptimizer.cs' contains partial class of Unity.Object, exactly 1 of the partial classes needs to be in a file with the same filename. This is to know the one that can be referenced from ie. GameObjects
'Packages/com.meta.xr.sdk.core/Editor/BuildingBlocks/BlocksWindowDetailsExtension.cs' contains partial class of Unity.Object, exactly 1 of the partial classes needs to be in a file with the same filename. This is to know the one that can be referenced from ie. GameObjects
'Packages/com.meta.xr.sdk.core/Editor/BuildingBlocks/BlocksWindowCollectionsPageExtension.cs' contains partial class of Unity.Object, exactly 1 of the partial classes needs to be in a file with the same filename. This is to know the one that can be referenced from ie. GameObjects
Refreshing native plugins compatible for Editor in 35.64 ms, found 21 plugins.
Native extension for Android target not found
Native extension for WindowsStandalone target not found
[Package Manager] Failed to launch server process. Reason: Unity was launched with the -noUpm command-line argument
[Package Manager] Unable to send message (not connected to server process).
[Package Manager] Cannot connect to Unity Package Manager local server
Refreshing native plugins compatible for Editor in 34.61 ms, found 21 plugins.
[Package Manager] Failed to launch server process. Reason: Unity was launched with the -noUpm command-line argument
[Package Manager] Unable to send message (not connected to server process).
[Package Manager] Cannot connect to Unity Package Manager local server
[Package Manager] Failed to launch server process. Reason: Unity was launched with the -noUpm command-line argument
[Package Manager] Unable to send message (not connected to server process).
[Package Manager] Cannot connect to Unity Package Manager local server
ScheduleIndexationOnStartup MainProcess:False IndexOnStartup:True
Mono: successfully reloaded assembly
[Package Manager] Failed to launch server process. Reason: Unity was launched with the -noUpm command-line argument
[Package Manager] Unable to send message (not connected to server process).
[Package Manager] Cannot connect to Unity Package Manager local server
- Finished resetting the current domain, in  2.467 seconds
Domain Reload Profiling: 4878ms
	BeginReloadAssembly (489ms)
		DisableScriptedObjects (8ms)
		CreateAndSetChildDomain (117ms)
	RebuildCommonClasses (24ms)
	RebuildNativeTypeToScriptingClass (40ms)
	initialDomainReloadingComplete (162ms)
	LoadAllAssembliesAndSetupDomain (1694ms)
		LoadAssemblies (975ms)
		AnalyzeDomain (621ms)
			TypeCache.Refresh (31ms)
			BuildScriptInfoCaches (565ms)
			ResolveRequiredComponents (20ms)
	FinalizeReload (2470ms)
		SetupLoadedEditorAssemblies (0ms)
			InitializePlatformSupportModulesInManaged (17ms)
			BeforeProcessingInitializeOnLoad (231ms)
			ProcessInitializeOnLoadAttributes (1102ms)
			ProcessInitializeOnLoadMethodAttributes (468ms)
			AfterProcessingInitializeOnLoad (9ms)
		AwakeInstancesAfterBackupRestoration (34ms)
Refreshing native plugins compatible for Editor in 21.97 ms, found 21 plugins.
Unloading 27 Unused Serialized files (Serialized files now loaded: 0)
Unloading 10692 unused Assets / (9.9 MB). Loaded Objects now: 11732.
Memory consumption went from 0.55 GB to 0.54 GB.
Total: 33.802600 ms (FindLiveObjects: 1.478500 ms CreateObjectMapping: 7.266800 ms MarkObjects: 16.200200 ms  DeleteObjects: 8.854100 ms)

Prepare: number of updated asset objects reloaded= 0
Shader 'Meta/MRUK/Scene/HighlightsAndShadows': fallback shader 'Off' not found
Shader 'Oculus/OVRMRCameraFrameLit': fallback shader 'Alpha-Diffuse' not found
========================================================================
Received Prepare
AcceleratorClientConnectionCallback - disconnected - :0
Refreshing native plugins compatible for Editor in 39.96 ms, found 21 plugins.
Unloading 27 Unused Serialized files (Serialized files now loaded: 0)
Unloading 27 unused Assets / (2.8 MB). Loaded Objects now: 11732.
Memory consumption went from 0.54 GB to 0.54 GB.
Total: 21.351000 ms (FindLiveObjects: 1.182900 ms CreateObjectMapping: 3.060600 ms MarkObjects: 16.204400 ms  DeleteObjects: 0.899000 ms)

Prepare: number of updated asset objects reloaded= 0
Shader 'Meta/MRUK/Scene/HighlightsAndShadows': fallback shader 'Off' not found
Shader 'Oculus/OVRMRCameraFrameLit': fallback shader 'Alpha-Diffuse' not found
========================================================================
Received Prepare
AcceleratorClientConnectionCallback - disconnected - :0
Refreshing native plugins compatible for Editor in 37.80 ms, found 21 plugins.
Unloading 27 Unused Serialized files (Serialized files now loaded: 0)
Unloading 27 unused Assets / (2.8 MB). Loaded Objects now: 11732.
Memory consumption went from 0.55 GB to 0.54 GB.
Total: 27.587000 ms (FindLiveObjects: 2.086900 ms CreateObjectMapping: 4.942500 ms MarkObjects: 19.587200 ms  DeleteObjects: 0.968100 ms)

Prepare: number of updated asset objects reloaded= 0
Shader 'Meta/MRUK/Scene/HighlightsAndShadows': fallback shader 'Off' not found
Shader 'Oculus/OVRMRCameraFrameLit': fallback shader 'Alpha-Diffuse' not found
========================================================================
Received Prepare
AcceleratorClientConnectionCallback - disconnected - :0
Begin MonoManager ReloadAssembly
Symbol file LoadedFromMemory is not a mono symbol file
Script 'CharacterController' has the same name as built-in Unity component.
AddComponent and GetComponent will not work with this script.
'Packages/com.meta.xr.sdk.core/Editor/RuntimeOptimizer/RuntimeOptimizerNetworking.cs' contains partial class of Unity.Object, exactly 1 of the partial classes needs to be in a file with the same filename. This is to know the one that can be referenced from ie. GameObjects
'Packages/com.meta.xr.sdk.core/Editor/BuildingBlocks/BlocksWindow.cs' contains partial class of Unity.Object, exactly 1 of the partial classes needs to be in a file with the same filename. This is to know the one that can be referenced from ie. GameObjects
'Packages/com.meta.xr.sdk.core/Editor/RuntimeOptimizer/RuntimeOptimizerStyles.cs' contains partial class of Unity.Object, exactly 1 of the partial classes needs to be in a file with the same filename. This is to know the one that can be referenced from ie. GameObjects
'Packages/com.meta.xr.sdk.core/Editor/RuntimeOptimizer/RuntimeOptimizer.cs' contains partial class of Unity.Object, exactly 1 of the partial classes needs to be in a file with the same filename. This is to know the one that can be referenced from ie. GameObjects
'Packages/com.meta.xr.sdk.core/Editor/BuildingBlocks/BlocksWindowDetailsExtension.cs' contains partial class of Unity.Object, exactly 1 of the partial classes needs to be in a file with the same filename. This is to know the one that can be referenced from ie. GameObjects
'Packages/com.meta.xr.sdk.core/Editor/BuildingBlocks/BlocksWindowCollectionsPageExtension.cs' contains partial class of Unity.Object, exactly 1 of the partial classes needs to be in a file with the same filename. This is to know the one that can be referenced from ie. GameObjects
Refreshing native plugins compatible for Editor in 31.71 ms, found 21 plugins.
Native extension for Android target not found
Native extension for WindowsStandalone target not found
[Package Manager] Failed to launch server process. Reason: Unity was launched with the -noUpm command-line argument
[Package Manager] Unable to send message (not connected to server process).
[Package Manager] Cannot connect to Unity Package Manager local server
Refreshing native plugins compatible for Editor in 19.43 ms, found 21 plugins.
[Package Manager] Failed to launch server process. Reason: Unity was launched with the -noUpm command-line argument
[Package Manager] Unable to send message (not connected to server process).
[Package Manager] Cannot connect to Unity Package Manager local server
[Package Manager] Failed to launch server process. Reason: Unity was launched with the -noUpm command-line argument
[Package Manager] Unable to send message (not connected to server process).
[Package Manager] Cannot connect to Unity Package Manager local server
ScheduleIndexationOnStartup MainProcess:False IndexOnStartup:True
Mono: successfully reloaded assembly
[Package Manager] Failed to launch server process. Reason: Unity was launched with the -noUpm command-line argument
[Package Manager] Unable to send message (not connected to server process).
[Package Manager] Cannot connect to Unity Package Manager local server
- Finished resetting the current domain, in  1.716 seconds
Domain Reload Profiling: 3624ms
	BeginReloadAssembly (518ms)
		DisableScriptedObjects (12ms)
		CreateAndSetChildDomain (106ms)
	RebuildCommonClasses (19ms)
	RebuildNativeTypeToScriptingClass (41ms)
	initialDomainReloadingComplete (170ms)
	LoadAllAssembliesAndSetupDomain (1158ms)
		LoadAssemblies (1017ms)
		AnalyzeDomain (52ms)
			TypeCache.Refresh (15ms)
			ResolveRequiredComponents (23ms)
	FinalizeReload (1717ms)
		SetupLoadedEditorAssemblies (0ms)
			InitializePlatformSupportModulesInManaged (13ms)
			BeforeProcessingInitializeOnLoad (159ms)
			ProcessInitializeOnLoadAttributes (711ms)
			ProcessInitializeOnLoadMethodAttributes (382ms)
			AfterProcessingInitializeOnLoad (9ms)
		AwakeInstancesAfterBackupRestoration (36ms)
Refreshing native plugins compatible for Editor in 25.29 ms, found 21 plugins.
Unloading 27 Unused Serialized files (Serialized files now loaded: 0)
Unloading 10692 unused Assets / (9.7 MB). Loaded Objects now: 11737.
Memory consumption went from 0.56 GB to 0.55 GB.
Total: 30.619900 ms (FindLiveObjects: 1.322800 ms CreateObjectMapping: 6.447800 ms MarkObjects: 13.952500 ms  DeleteObjects: 8.894700 ms)

Prepare: number of updated asset objects reloaded= 0
Shader 'Meta/MRUK/Scene/HighlightsAndShadows': fallback shader 'Off' not found
Shader 'Oculus/OVRMRCameraFrameLit': fallback shader 'Alpha-Diffuse' not found
========================================================================
Received Prepare
AcceleratorClientConnectionCallback - disconnected - :0
Refreshing native plugins compatible for Editor in 22.12 ms, found 21 plugins.
Unloading 27 Unused Serialized files (Serialized files now loaded: 0)
Unloading 27 unused Assets / (2.8 MB). Loaded Objects now: 11737.
Memory consumption went from 0.55 GB to 0.55 GB.
Total: 16.999600 ms (FindLiveObjects: 0.777400 ms CreateObjectMapping: 2.186600 ms MarkObjects: 13.486600 ms  DeleteObjects: 0.547000 ms)

Prepare: number of updated asset objects reloaded= 0
Shader 'Meta/MRUK/Scene/HighlightsAndShadows': fallback shader 'Off' not found
Shader 'Oculus/OVRMRCameraFrameLit': fallback shader 'Alpha-Diffuse' not found
========================================================================
Received Prepare
AcceleratorClientConnectionCallback - disconnected - :0
Refreshing native plugins compatible for Editor in 28.41 ms, found 21 plugins.
Unloading 27 Unused Serialized files (Serialized files now loaded: 0)
Unloading 27 unused Assets / (2.8 MB). Loaded Objects now: 11737.
Memory consumption went from 0.56 GB to 0.55 GB.
Total: 15.889700 ms (FindLiveObjects: 0.846600 ms CreateObjectMapping: 1.908600 ms MarkObjects: 12.291200 ms  DeleteObjects: 0.839900 ms)

Prepare: number of updated asset objects reloaded= 0
Shader 'Meta/MRUK/Scene/HighlightsAndShadows': fallback shader 'Off' not found
Shader 'Oculus/OVRMRCameraFrameLit': fallback shader 'Alpha-Diffuse' not found
========================================================================
Received Prepare
AcceleratorClientConnectionCallback - disconnected - :0
Script 'CharacterController' has the same name as built-in Unity component.
AddComponent and GetComponent will not work with this script.
'Packages/com.meta.xr.sdk.core/Editor/RuntimeOptimizer/RuntimeOptimizerNetworking.cs' contains partial class of Unity.Object, exactly 1 of the partial classes needs to be in a file with the same filename. This is to know the one that can be referenced from ie. GameObjects
'Packages/com.meta.xr.sdk.core/Editor/BuildingBlocks/BlocksWindow.cs' contains partial class of Unity.Object, exactly 1 of the partial classes needs to be in a file with the same filename. This is to know the one that can be referenced from ie. GameObjects
'Packages/com.meta.xr.sdk.core/Editor/RuntimeOptimizer/RuntimeOptimizerStyles.cs' contains partial class of Unity.Object, exactly 1 of the partial classes needs to be in a file with the same filename. This is to know the one that can be referenced from ie. GameObjects
'Packages/com.meta.xr.sdk.core/Editor/RuntimeOptimizer/RuntimeOptimizer.cs' contains partial class of Unity.Object, exactly 1 of the partial classes needs to be in a file with the same filename. This is to know the one that can be referenced from ie. GameObjects
'Packages/com.meta.xr.sdk.core/Editor/BuildingBlocks/BlocksWindowDetailsExtension.cs' contains partial class of Unity.Object, exactly 1 of the partial classes needs to be in a file with the same filename. This is to know the one that can be referenced from ie. GameObjects
'Packages/com.meta.xr.sdk.core/Editor/BuildingBlocks/BlocksWindowCollectionsPageExtension.cs' contains partial class of Unity.Object, exactly 1 of the partial classes needs to be in a file with the same filename. This is to know the one that can be referenced from ie. GameObjects
Refreshing native plugins compatible for Editor in 35.94 ms, found 21 plugins.
Unloading 27 Unused Serialized files (Serialized files now loaded: 0)
Unloading 10612 unused Assets / (8.3 MB). Loaded Objects now: 11729.
Memory consumption went from 0.57 GB to 0.56 GB.
Total: 41.333000 ms (FindLiveObjects: 2.142200 ms CreateObjectMapping: 8.449500 ms MarkObjects: 20.038400 ms  DeleteObjects: 10.700000 ms)

Prepare: number of updated asset objects reloaded= 0
Shader 'Meta/MRUK/Scene/HighlightsAndShadows': fallback shader 'Off' not found
Shader 'Oculus/OVRMRCameraFrameLit': fallback shader 'Alpha-Diffuse' not found
========================================================================
Received Prepare
AcceleratorClientConnectionCallback - disconnected - :0
[Licensing::Client] Successfully resolved entitlement details
Begin MonoManager ReloadAssembly
Symbol file LoadedFromMemory is not a mono symbol file
Script 'CharacterController' has the same name as built-in Unity component.
AddComponent and GetComponent will not work with this script.
'Packages/com.meta.xr.sdk.core/Editor/RuntimeOptimizer/RuntimeOptimizerNetworking.cs' contains partial class of Unity.Object, exactly 1 of the partial classes needs to be in a file with the same filename. This is to know the one that can be referenced from ie. GameObjects
'Packages/com.meta.xr.sdk.core/Editor/BuildingBlocks/BlocksWindow.cs' contains partial class of Unity.Object, exactly 1 of the partial classes needs to be in a file with the same filename. This is to know the one that can be referenced from ie. GameObjects
'Packages/com.meta.xr.sdk.core/Editor/RuntimeOptimizer/RuntimeOptimizerStyles.cs' contains partial class of Unity.Object, exactly 1 of the partial classes needs to be in a file with the same filename. This is to know the one that can be referenced from ie. GameObjects
'Packages/com.meta.xr.sdk.core/Editor/RuntimeOptimizer/RuntimeOptimizer.cs' contains partial class of Unity.Object, exactly 1 of the partial classes needs to be in a file with the same filename. This is to know the one that can be referenced from ie. GameObjects
'Packages/com.meta.xr.sdk.core/Editor/BuildingBlocks/BlocksWindowDetailsExtension.cs' contains partial class of Unity.Object, exactly 1 of the partial classes needs to be in a file with the same filename. This is to know the one that can be referenced from ie. GameObjects
'Packages/com.meta.xr.sdk.core/Editor/BuildingBlocks/BlocksWindowCollectionsPageExtension.cs' contains partial class of Unity.Object, exactly 1 of the partial classes needs to be in a file with the same filename. This is to know the one that can be referenced from ie. GameObjects
Refreshing native plugins compatible for Editor in 35.15 ms, found 21 plugins.
Native extension for Android target not found
Native extension for WindowsStandalone target not found
[Package Manager] Failed to launch server process. Reason: Unity was launched with the -noUpm command-line argument
[Package Manager] Unable to send message (not connected to server process).
[Package Manager] Cannot connect to Unity Package Manager local server
Refreshing native plugins compatible for Editor in 35.26 ms, found 21 plugins.
[Package Manager] Failed to launch server process. Reason: Unity was launched with the -noUpm command-line argument
[Package Manager] Unable to send message (not connected to server process).
[Package Manager] Cannot connect to Unity Package Manager local server
[Package Manager] Failed to launch server process. Reason: Unity was launched with the -noUpm command-line argument
[Package Manager] Unable to send message (not connected to server process).
[Package Manager] Cannot connect to Unity Package Manager local server
ScheduleIndexationOnStartup MainProcess:False IndexOnStartup:True
Mono: successfully reloaded assembly
[Package Manager] Failed to launch server process. Reason: Unity was launched with the -noUpm command-line argument
[Package Manager] Unable to send message (not connected to server process).
[Package Manager] Cannot connect to Unity Package Manager local server
- Finished resetting the current domain, in  2.461 seconds
Domain Reload Profiling: 4945ms
	BeginReloadAssembly (509ms)
		DisableScriptedObjects (9ms)
		CreateAndSetChildDomain (117ms)
	RebuildCommonClasses (20ms)
	RebuildNativeTypeToScriptingClass (39ms)
	initialDomainReloadingComplete (178ms)
	LoadAllAssembliesAndSetupDomain (1735ms)
		LoadAssemblies (992ms)
		AnalyzeDomain (614ms)
			TypeCache.Refresh (31ms)
			BuildScriptInfoCaches (565ms)
			ResolveRequiredComponents (15ms)
	FinalizeReload (2463ms)
		SetupLoadedEditorAssemblies (0ms)
			InitializePlatformSupportModulesInManaged (15ms)
			BeforeProcessingInitializeOnLoad (229ms)
			ProcessInitializeOnLoadAttributes (1080ms)
			ProcessInitializeOnLoadMethodAttributes (459ms)
			AfterProcessingInitializeOnLoad (9ms)
		AwakeInstancesAfterBackupRestoration (51ms)
Refreshing native plugins compatible for Editor in 22.07 ms, found 21 plugins.
Unloading 27 Unused Serialized files (Serialized files now loaded: 0)
Unloading 10692 unused Assets / (6.6 MB). Loaded Objects now: 11742.
Memory consumption went from 0.58 GB to 0.57 GB.
Total: 28.007600 ms (FindLiveObjects: 1.943800 ms CreateObjectMapping: 7.292600 ms MarkObjects: 12.977500 ms  DeleteObjects: 5.791300 ms)

Prepare: number of updated asset objects reloaded= 0
Shader 'Meta/MRUK/Scene/HighlightsAndShadows': fallback shader 'Off' not found
Shader 'Oculus/OVRMRCameraFrameLit': fallback shader 'Alpha-Diffuse' not found
========================================================================
Received Prepare
AcceleratorClientConnectionCallback - disconnected - :0
Refreshing native plugins compatible for Editor in 35.70 ms, found 21 plugins.
Unloading 27 Unused Serialized files (Serialized files now loaded: 0)
Unloading 27 unused Assets / (2.8 MB). Loaded Objects now: 11742.
Memory consumption went from 0.57 GB to 0.57 GB.
Total: 25.616400 ms (FindLiveObjects: 1.186600 ms CreateObjectMapping: 4.395200 ms MarkObjects: 19.207300 ms  DeleteObjects: 0.824900 ms)

Prepare: number of updated asset objects reloaded= 0
Shader 'Meta/MRUK/Scene/HighlightsAndShadows': fallback shader 'Off' not found
Shader 'Oculus/OVRMRCameraFrameLit': fallback shader 'Alpha-Diffuse' not found
========================================================================
Received Prepare
AcceleratorClientConnectionCallback - disconnected - :0
Refreshing native plugins compatible for Editor in 28.48 ms, found 21 plugins.
Unloading 27 Unused Serialized files (Serialized files now loaded: 0)
Unloading 27 unused Assets / (2.8 MB). Loaded Objects now: 11742.
Memory consumption went from 0.58 GB to 0.57 GB.
Total: 20.154700 ms (FindLiveObjects: 1.234600 ms CreateObjectMapping: 4.451000 ms MarkObjects: 13.707100 ms  DeleteObjects: 0.760000 ms)

Prepare: number of updated asset objects reloaded= 0
Shader 'Meta/MRUK/Scene/HighlightsAndShadows': fallback shader 'Off' not found
Shader 'Oculus/OVRMRCameraFrameLit': fallback shader 'Alpha-Diffuse' not found
========================================================================
Received Prepare
AcceleratorClientConnectionCallback - disconnected - :0
Begin MonoManager ReloadAssembly
Symbol file LoadedFromMemory is not a mono symbol file
Script 'CharacterController' has the same name as built-in Unity component.
AddComponent and GetComponent will not work with this script.
'Packages/com.meta.xr.sdk.core/Editor/RuntimeOptimizer/RuntimeOptimizerNetworking.cs' contains partial class of Unity.Object, exactly 1 of the partial classes needs to be in a file with the same filename. This is to know the one that can be referenced from ie. GameObjects
'Packages/com.meta.xr.sdk.core/Editor/BuildingBlocks/BlocksWindow.cs' contains partial class of Unity.Object, exactly 1 of the partial classes needs to be in a file with the same filename. This is to know the one that can be referenced from ie. GameObjects
'Packages/com.meta.xr.sdk.core/Editor/RuntimeOptimizer/RuntimeOptimizerStyles.cs' contains partial class of Unity.Object, exactly 1 of the partial classes needs to be in a file with the same filename. This is to know the one that can be referenced from ie. GameObjects
'Packages/com.meta.xr.sdk.core/Editor/RuntimeOptimizer/RuntimeOptimizer.cs' contains partial class of Unity.Object, exactly 1 of the partial classes needs to be in a file with the same filename. This is to know the one that can be referenced from ie. GameObjects
'Packages/com.meta.xr.sdk.core/Editor/BuildingBlocks/BlocksWindowDetailsExtension.cs' contains partial class of Unity.Object, exactly 1 of the partial classes needs to be in a file with the same filename. This is to know the one that can be referenced from ie. GameObjects
'Packages/com.meta.xr.sdk.core/Editor/BuildingBlocks/BlocksWindowCollectionsPageExtension.cs' contains partial class of Unity.Object, exactly 1 of the partial classes needs to be in a file with the same filename. This is to know the one that can be referenced from ie. GameObjects
Refreshing native plugins compatible for Editor in 18.02 ms, found 21 plugins.
Native extension for Android target not found
Native extension for WindowsStandalone target not found
[Package Manager] Failed to launch server process. Reason: Unity was launched with the -noUpm command-line argument
[Package Manager] Unable to send message (not connected to server process).
[Package Manager] Cannot connect to Unity Package Manager local server
Refreshing native plugins compatible for Editor in 17.33 ms, found 21 plugins.
[Package Manager] Failed to launch server process. Reason: Unity was launched with the -noUpm command-line argument
[Package Manager] Unable to send message (not connected to server process).
[Package Manager] Cannot connect to Unity Package Manager local server
[Package Manager] Failed to launch server process. Reason: Unity was launched with the -noUpm command-line argument
[Package Manager] Unable to send message (not connected to server process).
[Package Manager] Cannot connect to Unity Package Manager local server
ScheduleIndexationOnStartup MainProcess:False IndexOnStartup:True
Mono: successfully reloaded assembly
[Package Manager] Failed to launch server process. Reason: Unity was launched with the -noUpm command-line argument
[Package Manager] Unable to send message (not connected to server process).
[Package Manager] Cannot connect to Unity Package Manager local server
- Finished resetting the current domain, in  1.467 seconds
Domain Reload Profiling: 2887ms
	BeginReloadAssembly (435ms)
		DisableScriptedObjects (12ms)
		CreateAndSetChildDomain (112ms)
	RebuildCommonClasses (21ms)
	RebuildNativeTypeToScriptingClass (35ms)
	initialDomainReloadingComplete (106ms)
	LoadAllAssembliesAndSetupDomain (822ms)
		LoadAssemblies (722ms)
		AnalyzeDomain (47ms)
			TypeCache.Refresh (16ms)
			ResolveRequiredComponents (17ms)
	FinalizeReload (1469ms)
		SetupLoadedEditorAssemblies (0ms)
			InitializePlatformSupportModulesInManaged (9ms)
			BeforeProcessingInitializeOnLoad (114ms)
			ProcessInitializeOnLoadAttributes (623ms)
			ProcessInitializeOnLoadMethodAttributes (351ms)
			AfterProcessingInitializeOnLoad (11ms)
		AwakeInstancesAfterBackupRestoration (41ms)
Refreshing native plugins compatible for Editor in 29.11 ms, found 21 plugins.
Unloading 27 Unused Serialized files (Serialized files now loaded: 0)
Unloading 10692 unused Assets / (8.5 MB). Loaded Objects now: 11747.
Memory consumption went from 0.59 GB to 0.58 GB.
Total: 32.948100 ms (FindLiveObjects: 2.305700 ms CreateObjectMapping: 6.923200 ms MarkObjects: 15.005100 ms  DeleteObjects: 8.711000 ms)

Prepare: number of updated asset objects reloaded= 0
Shader 'Meta/MRUK/Scene/HighlightsAndShadows': fallback shader 'Off' not found
Shader 'Oculus/OVRMRCameraFrameLit': fallback shader 'Alpha-Diffuse' not found
========================================================================
Received Prepare
AcceleratorClientConnectionCallback - disconnected - :0
Refreshing native plugins compatible for Editor in 23.05 ms, found 21 plugins.
Unloading 27 Unused Serialized files (Serialized files now loaded: 0)
Unloading 27 unused Assets / (2.8 MB). Loaded Objects now: 11747.
Memory consumption went from 0.58 GB to 0.58 GB.
Total: 16.774700 ms (FindLiveObjects: 0.584500 ms CreateObjectMapping: 1.999500 ms MarkObjects: 13.646100 ms  DeleteObjects: 0.542500 ms)

Prepare: number of updated asset objects reloaded= 0
Shader 'Meta/MRUK/Scene/HighlightsAndShadows': fallback shader 'Off' not found
Shader 'Oculus/OVRMRCameraFrameLit': fallback shader 'Alpha-Diffuse' not found
========================================================================
Received Prepare
AcceleratorClientConnectionCallback - disconnected - :0
Refreshing native plugins compatible for Editor in 26.90 ms, found 21 plugins.
Unloading 27 Unused Serialized files (Serialized files now loaded: 0)
Unloading 27 unused Assets / (2.8 MB). Loaded Objects now: 11747.
Memory consumption went from 0.59 GB to 0.58 GB.
Total: 21.835100 ms (FindLiveObjects: 1.622500 ms CreateObjectMapping: 4.589000 ms MarkObjects: 14.846400 ms  DeleteObjects: 0.774600 ms)

Prepare: number of updated asset objects reloaded= 0
Shader 'Meta/MRUK/Scene/HighlightsAndShadows': fallback shader 'Off' not found
Shader 'Oculus/OVRMRCameraFrameLit': fallback shader 'Alpha-Diffuse' not found
========================================================================
Received Prepare
AcceleratorClientConnectionCallback - disconnected - :0
Script 'CharacterController' has the same name as built-in Unity component.
AddComponent and GetComponent will not work with this script.
'Packages/com.meta.xr.sdk.core/Editor/RuntimeOptimizer/RuntimeOptimizerNetworking.cs' contains partial class of Unity.Object, exactly 1 of the partial classes needs to be in a file with the same filename. This is to know the one that can be referenced from ie. GameObjects
'Packages/com.meta.xr.sdk.core/Editor/BuildingBlocks/BlocksWindow.cs' contains partial class of Unity.Object, exactly 1 of the partial classes needs to be in a file with the same filename. This is to know the one that can be referenced from ie. GameObjects
'Packages/com.meta.xr.sdk.core/Editor/RuntimeOptimizer/RuntimeOptimizerStyles.cs' contains partial class of Unity.Object, exactly 1 of the partial classes needs to be in a file with the same filename. This is to know the one that can be referenced from ie. GameObjects
'Packages/com.meta.xr.sdk.core/Editor/RuntimeOptimizer/RuntimeOptimizer.cs' contains partial class of Unity.Object, exactly 1 of the partial classes needs to be in a file with the same filename. This is to know the one that can be referenced from ie. GameObjects
'Packages/com.meta.xr.sdk.core/Editor/BuildingBlocks/BlocksWindowDetailsExtension.cs' contains partial class of Unity.Object, exactly 1 of the partial classes needs to be in a file with the same filename. This is to know the one that can be referenced from ie. GameObjects
'Packages/com.meta.xr.sdk.core/Editor/BuildingBlocks/BlocksWindowCollectionsPageExtension.cs' contains partial class of Unity.Object, exactly 1 of the partial classes needs to be in a file with the same filename. This is to know the one that can be referenced from ie. GameObjects
Refreshing native plugins compatible for Editor in 44.35 ms, found 21 plugins.
Unloading 27 Unused Serialized files (Serialized files now loaded: 0)
Unloading 10612 unused Assets / (6.9 MB). Loaded Objects now: 11739.
Memory consumption went from 0.60 GB to 0.59 GB.
Total: 44.845400 ms (FindLiveObjects: 2.125100 ms CreateObjectMapping: 13.655200 ms MarkObjects: 22.001700 ms  DeleteObjects: 7.060700 ms)

Prepare: number of updated asset objects reloaded= 0
Shader 'Meta/MRUK/Scene/HighlightsAndShadows': fallback shader 'Off' not found
Shader 'Oculus/OVRMRCameraFrameLit': fallback shader 'Alpha-Diffuse' not found
========================================================================
Received Prepare
AcceleratorClientConnectionCallback - disconnected - :0
[Licensing::Client] Successfully resolved entitlement details
Begin MonoManager ReloadAssembly
Symbol file LoadedFromMemory is not a mono symbol file
Script 'CharacterController' has the same name as built-in Unity component.
AddComponent and GetComponent will not work with this script.
'Packages/com.meta.xr.sdk.core/Editor/RuntimeOptimizer/RuntimeOptimizerNetworking.cs' contains partial class of Unity.Object, exactly 1 of the partial classes needs to be in a file with the same filename. This is to know the one that can be referenced from ie. GameObjects
'Packages/com.meta.xr.sdk.core/Editor/BuildingBlocks/BlocksWindow.cs' contains partial class of Unity.Object, exactly 1 of the partial classes needs to be in a file with the same filename. This is to know the one that can be referenced from ie. GameObjects
'Packages/com.meta.xr.sdk.core/Editor/RuntimeOptimizer/RuntimeOptimizerStyles.cs' contains partial class of Unity.Object, exactly 1 of the partial classes needs to be in a file with the same filename. This is to know the one that can be referenced from ie. GameObjects
'Packages/com.meta.xr.sdk.core/Editor/RuntimeOptimizer/RuntimeOptimizer.cs' contains partial class of Unity.Object, exactly 1 of the partial classes needs to be in a file with the same filename. This is to know the one that can be referenced from ie. GameObjects
'Packages/com.meta.xr.sdk.core/Editor/BuildingBlocks/BlocksWindowDetailsExtension.cs' contains partial class of Unity.Object, exactly 1 of the partial classes needs to be in a file with the same filename. This is to know the one that can be referenced from ie. GameObjects
'Packages/com.meta.xr.sdk.core/Editor/BuildingBlocks/BlocksWindowCollectionsPageExtension.cs' contains partial class of Unity.Object, exactly 1 of the partial classes needs to be in a file with the same filename. This is to know the one that can be referenced from ie. GameObjects
Refreshing native plugins compatible for Editor in 42.40 ms, found 21 plugins.
Native extension for Android target not found
Native extension for WindowsStandalone target not found
[Package Manager] Failed to launch server process. Reason: Unity was launched with the -noUpm command-line argument
[Package Manager] Unable to send message (not connected to server process).
[Package Manager] Cannot connect to Unity Package Manager local server
Refreshing native plugins compatible for Editor in 25.13 ms, found 21 plugins.
[Package Manager] Failed to launch server process. Reason: Unity was launched with the -noUpm command-line argument
[Package Manager] Unable to send message (not connected to server process).
[Package Manager] Cannot connect to Unity Package Manager local server
[Package Manager] Failed to launch server process. Reason: Unity was launched with the -noUpm command-line argument
[Package Manager] Unable to send message (not connected to server process).
[Package Manager] Cannot connect to Unity Package Manager local server
ScheduleIndexationOnStartup MainProcess:False IndexOnStartup:True
Mono: successfully reloaded assembly
[Package Manager] Failed to launch server process. Reason: Unity was launched with the -noUpm command-line argument
[Package Manager] Unable to send message (not connected to server process).
[Package Manager] Cannot connect to Unity Package Manager local server
- Finished resetting the current domain, in  2.422 seconds
Domain Reload Profiling: 5031ms
	BeginReloadAssembly (575ms)
		DisableScriptedObjects (18ms)
		CreateAndSetChildDomain (122ms)
	RebuildCommonClasses (26ms)
	RebuildNativeTypeToScriptingClass (40ms)
	initialDomainReloadingComplete (165ms)
	LoadAllAssembliesAndSetupDomain (1802ms)
		LoadAssemblies (954ms)
		AnalyzeDomain (701ms)
			TypeCache.Refresh (36ms)
			BuildScriptInfoCaches (639ms)
			ResolveRequiredComponents (21ms)
	FinalizeReload (2425ms)
		SetupLoadedEditorAssemblies (0ms)
			InitializePlatformSupportModulesInManaged (17ms)
			BeforeProcessingInitializeOnLoad (222ms)
			ProcessInitializeOnLoadAttributes (1003ms)
			ProcessInitializeOnLoadMethodAttributes (459ms)
			AfterProcessingInitializeOnLoad (17ms)
		AwakeInstancesAfterBackupRestoration (43ms)
Refreshing native plugins compatible for Editor in 38.91 ms, found 21 plugins.
Unloading 27 Unused Serialized files (Serialized files now loaded: 0)
Unloading 10692 unused Assets / (8.3 MB). Loaded Objects now: 11752.
Memory consumption went from 0.60 GB to 0.60 GB.
Total: 30.290600 ms (FindLiveObjects: 1.427900 ms CreateObjectMapping: 7.202300 ms MarkObjects: 14.367800 ms  DeleteObjects: 7.290600 ms)

Prepare: number of updated asset objects reloaded= 0
Shader 'Meta/MRUK/Scene/HighlightsAndShadows': fallback shader 'Off' not found
Shader 'Oculus/OVRMRCameraFrameLit': fallback shader 'Alpha-Diffuse' not found
========================================================================
Received Prepare
AcceleratorClientConnectionCallback - disconnected - :0
Refreshing native plugins compatible for Editor in 25.74 ms, found 21 plugins.
Unloading 27 Unused Serialized files (Serialized files now loaded: 0)
Unloading 27 unused Assets / (2.8 MB). Loaded Objects now: 11752.
Memory consumption went from 0.60 GB to 0.60 GB.
Total: 17.312800 ms (FindLiveObjects: 1.238600 ms CreateObjectMapping: 4.449200 ms MarkObjects: 10.909300 ms  DeleteObjects: 0.713300 ms)

Prepare: number of updated asset objects reloaded= 0
Shader 'Meta/MRUK/Scene/HighlightsAndShadows': fallback shader 'Off' not found
Shader 'Oculus/OVRMRCameraFrameLit': fallback shader 'Alpha-Diffuse' not found
========================================================================
Received Prepare
AcceleratorClientConnectionCallback - disconnected - :0
Refreshing native plugins compatible for Editor in 37.81 ms, found 21 plugins.
Unloading 27 Unused Serialized files (Serialized files now loaded: 0)
Unloading 27 unused Assets / (2.8 MB). Loaded Objects now: 11752.
Memory consumption went from 0.60 GB to 0.60 GB.
Total: 24.615800 ms (FindLiveObjects: 1.125400 ms CreateObjectMapping: 2.502600 ms MarkObjects: 19.768700 ms  DeleteObjects: 1.217100 ms)

Prepare: number of updated asset objects reloaded= 0
Shader 'Meta/MRUK/Scene/HighlightsAndShadows': fallback shader 'Off' not found
Shader 'Oculus/OVRMRCameraFrameLit': fallback shader 'Alpha-Diffuse' not found
========================================================================
Received Prepare
AcceleratorClientConnectionCallback - disconnected - :0
[Licensing::Client] Successfully resolved entitlement details
Begin MonoManager ReloadAssembly
Symbol file LoadedFromMemory is not a mono symbol file
Script 'CharacterController' has the same name as built-in Unity component.
AddComponent and GetComponent will not work with this script.
'Packages/com.meta.xr.sdk.core/Editor/RuntimeOptimizer/RuntimeOptimizerNetworking.cs' contains partial class of Unity.Object, exactly 1 of the partial classes needs to be in a file with the same filename. This is to know the one that can be referenced from ie. GameObjects
'Packages/com.meta.xr.sdk.core/Editor/BuildingBlocks/BlocksWindow.cs' contains partial class of Unity.Object, exactly 1 of the partial classes needs to be in a file with the same filename. This is to know the one that can be referenced from ie. GameObjects
'Packages/com.meta.xr.sdk.core/Editor/RuntimeOptimizer/RuntimeOptimizerStyles.cs' contains partial class of Unity.Object, exactly 1 of the partial classes needs to be in a file with the same filename. This is to know the one that can be referenced from ie. GameObjects
'Packages/com.meta.xr.sdk.core/Editor/RuntimeOptimizer/RuntimeOptimizer.cs' contains partial class of Unity.Object, exactly 1 of the partial classes needs to be in a file with the same filename. This is to know the one that can be referenced from ie. GameObjects
'Packages/com.meta.xr.sdk.core/Editor/BuildingBlocks/BlocksWindowDetailsExtension.cs' contains partial class of Unity.Object, exactly 1 of the partial classes needs to be in a file with the same filename. This is to know the one that can be referenced from ie. GameObjects
'Packages/com.meta.xr.sdk.core/Editor/BuildingBlocks/BlocksWindowCollectionsPageExtension.cs' contains partial class of Unity.Object, exactly 1 of the partial classes needs to be in a file with the same filename. This is to know the one that can be referenced from ie. GameObjects
Refreshing native plugins compatible for Editor in 20.70 ms, found 21 plugins.
Native extension for Android target not found
Native extension for WindowsStandalone target not found
[Package Manager] Failed to launch server process. Reason: Unity was launched with the -noUpm command-line argument
[Package Manager] Unable to send message (not connected to server process).
[Package Manager] Cannot connect to Unity Package Manager local server
Refreshing native plugins compatible for Editor in 29.06 ms, found 21 plugins.
[Package Manager] Failed to launch server process. Reason: Unity was launched with the -noUpm command-line argument
[Package Manager] Unable to send message (not connected to server process).
[Package Manager] Cannot connect to Unity Package Manager local server
[Package Manager] Failed to launch server process. Reason: Unity was launched with the -noUpm command-line argument
[Package Manager] Unable to send message (not connected to server process).
[Package Manager] Cannot connect to Unity Package Manager local server
ScheduleIndexationOnStartup MainProcess:False IndexOnStartup:True
Mono: successfully reloaded assembly
[Package Manager] Failed to launch server process. Reason: Unity was launched with the -noUpm command-line argument
[Package Manager] Unable to send message (not connected to server process).
[Package Manager] Cannot connect to Unity Package Manager local server
- Finished resetting the current domain, in  1.430 seconds
Domain Reload Profiling: 2777ms
	BeginReloadAssembly (390ms)
		DisableScriptedObjects (7ms)
		CreateAndSetChildDomain (105ms)
	RebuildCommonClasses (15ms)
	RebuildNativeTypeToScriptingClass (27ms)
	initialDomainReloadingComplete (112ms)
	LoadAllAssembliesAndSetupDomain (802ms)
		LoadAssemblies (673ms)
		AnalyzeDomain (52ms)
			TypeCache.Refresh (18ms)
			ResolveRequiredComponents (20ms)
	FinalizeReload (1431ms)
		SetupLoadedEditorAssemblies (0ms)
			InitializePlatformSupportModulesInManaged (11ms)
			BeforeProcessingInitializeOnLoad (131ms)
			ProcessInitializeOnLoadAttributes (639ms)
			ProcessInitializeOnLoadMethodAttributes (315ms)
			AfterProcessingInitializeOnLoad (9ms)
		AwakeInstancesAfterBackupRestoration (29ms)
Refreshing native plugins compatible for Editor in 17.43 ms, found 21 plugins.
Unloading 27 Unused Serialized files (Serialized files now loaded: 0)
Unloading 10692 unused Assets / (9.8 MB). Loaded Objects now: 11757.
Memory consumption went from 0.62 GB to 0.61 GB.
Total: 28.411800 ms (FindLiveObjects: 1.217000 ms CreateObjectMapping: 5.595200 ms MarkObjects: 14.291500 ms  DeleteObjects: 7.306500 ms)

Prepare: number of updated asset objects reloaded= 0
Shader 'Meta/MRUK/Scene/HighlightsAndShadows': fallback shader 'Off' not found
Shader 'Oculus/OVRMRCameraFrameLit': fallback shader 'Alpha-Diffuse' not found
========================================================================
Received Prepare
AcceleratorClientConnectionCallback - disconnected - :0
Refreshing native plugins compatible for Editor in 15.09 ms, found 21 plugins.
Unloading 27 Unused Serialized files (Serialized files now loaded: 0)
Unloading 27 unused Assets / (2.8 MB). Loaded Objects now: 11757.
Memory consumption went from 0.61 GB to 0.61 GB.
Total: 11.659900 ms (FindLiveObjects: 0.537600 ms CreateObjectMapping: 1.464300 ms MarkObjects: 9.176800 ms  DeleteObjects: 0.479500 ms)

Prepare: number of updated asset objects reloaded= 0
Shader 'Meta/MRUK/Scene/HighlightsAndShadows': fallback shader 'Off' not found
Shader 'Oculus/OVRMRCameraFrameLit': fallback shader 'Alpha-Diffuse' not found
========================================================================
Received Prepare
AcceleratorClientConnectionCallback - disconnected - :0
Refreshing native plugins compatible for Editor in 19.55 ms, found 21 plugins.
Unloading 27 Unused Serialized files (Serialized files now loaded: 0)
Unloading 27 unused Assets / (2.8 MB). Loaded Objects now: 11757.
Memory consumption went from 0.62 GB to 0.61 GB.
Total: 11.817600 ms (FindLiveObjects: 0.551600 ms CreateObjectMapping: 1.786600 ms MarkObjects: 8.985500 ms  DeleteObjects: 0.492400 ms)

Prepare: number of updated asset objects reloaded= 0
Shader 'Meta/MRUK/Scene/HighlightsAndShadows': fallback shader 'Off' not found
Shader 'Oculus/OVRMRCameraFrameLit': fallback shader 'Alpha-Diffuse' not found
========================================================================
Received Prepare
AcceleratorClientConnectionCallback - disconnected - :0
[Licensing::Client] Successfully resolved entitlement details
Begin MonoManager ReloadAssembly
Symbol file LoadedFromMemory is not a mono symbol file
Script 'CharacterController' has the same name as built-in Unity component.
AddComponent and GetComponent will not work with this script.
'Packages/com.meta.xr.sdk.core/Editor/RuntimeOptimizer/RuntimeOptimizerNetworking.cs' contains partial class of Unity.Object, exactly 1 of the partial classes needs to be in a file with the same filename. This is to know the one that can be referenced from ie. GameObjects
'Packages/com.meta.xr.sdk.core/Editor/BuildingBlocks/BlocksWindow.cs' contains partial class of Unity.Object, exactly 1 of the partial classes needs to be in a file with the same filename. This is to know the one that can be referenced from ie. GameObjects
'Packages/com.meta.xr.sdk.core/Editor/RuntimeOptimizer/RuntimeOptimizerStyles.cs' contains partial class of Unity.Object, exactly 1 of the partial classes needs to be in a file with the same filename. This is to know the one that can be referenced from ie. GameObjects
'Packages/com.meta.xr.sdk.core/Editor/RuntimeOptimizer/RuntimeOptimizer.cs' contains partial class of Unity.Object, exactly 1 of the partial classes needs to be in a file with the same filename. This is to know the one that can be referenced from ie. GameObjects
'Packages/com.meta.xr.sdk.core/Editor/BuildingBlocks/BlocksWindowDetailsExtension.cs' contains partial class of Unity.Object, exactly 1 of the partial classes needs to be in a file with the same filename. This is to know the one that can be referenced from ie. GameObjects
'Packages/com.meta.xr.sdk.core/Editor/BuildingBlocks/BlocksWindowCollectionsPageExtension.cs' contains partial class of Unity.Object, exactly 1 of the partial classes needs to be in a file with the same filename. This is to know the one that can be referenced from ie. GameObjects
Refreshing native plugins compatible for Editor in 28.31 ms, found 21 plugins.
Native extension for Android target not found
Native extension for WindowsStandalone target not found
[Package Manager] Failed to launch server process. Reason: Unity was launched with the -noUpm command-line argument
[Package Manager] Unable to send message (not connected to server process).
[Package Manager] Cannot connect to Unity Package Manager local server
Refreshing native plugins compatible for Editor in 30.30 ms, found 21 plugins.
[Package Manager] Failed to launch server process. Reason: Unity was launched with the -noUpm command-line argument
[Package Manager] Unable to send message (not connected to server process).
[Package Manager] Cannot connect to Unity Package Manager local server
[Package Manager] Failed to launch server process. Reason: Unity was launched with the -noUpm command-line argument
[Package Manager] Unable to send message (not connected to server process).
[Package Manager] Cannot connect to Unity Package Manager local server
ScheduleIndexationOnStartup MainProcess:False IndexOnStartup:True
Mono: successfully reloaded assembly
[Package Manager] Failed to launch server process. Reason: Unity was launched with the -noUpm command-line argument
[Package Manager] Unable to send message (not connected to server process).
[Package Manager] Cannot connect to Unity Package Manager local server
- Finished resetting the current domain, in  2.104 seconds
Domain Reload Profiling: 3380ms
	BeginReloadAssembly (369ms)
		DisableScriptedObjects (14ms)
		CreateAndSetChildDomain (83ms)
	RebuildCommonClasses (16ms)
	RebuildNativeTypeToScriptingClass (23ms)
	initialDomainReloadingComplete (118ms)
	LoadAllAssembliesAndSetupDomain (749ms)
		LoadAssemblies (604ms)
		AnalyzeDomain (36ms)
			TypeCache.Refresh (12ms)
			ResolveRequiredComponents (13ms)
	FinalizeReload (2105ms)
		SetupLoadedEditorAssemblies (0ms)
			InitializePlatformSupportModulesInManaged (15ms)
			BeforeProcessingInitializeOnLoad (185ms)
			ProcessInitializeOnLoadAttributes (945ms)
			ProcessInitializeOnLoadMethodAttributes (466ms)
			AfterProcessingInitializeOnLoad (9ms)
		AwakeInstancesAfterBackupRestoration (36ms)
Refreshing native plugins compatible for Editor in 25.27 ms, found 21 plugins.
Unloading 27 Unused Serialized files (Serialized files now loaded: 0)
Unloading 10692 unused Assets / (8.5 MB). Loaded Objects now: 11762.
Memory consumption went from 0.63 GB to 0.62 GB.
Total: 29.536400 ms (FindLiveObjects: 1.180600 ms CreateObjectMapping: 7.049000 ms MarkObjects: 13.885700 ms  DeleteObjects: 7.418200 ms)

Prepare: number of updated asset objects reloaded= 0
Shader 'Meta/MRUK/Scene/HighlightsAndShadows': fallback shader 'Off' not found
Shader 'Oculus/OVRMRCameraFrameLit': fallback shader 'Alpha-Diffuse' not found
========================================================================
Received Prepare
AcceleratorClientConnectionCallback - disconnected - :0
Refreshing native plugins compatible for Editor in 24.39 ms, found 21 plugins.
Unloading 27 Unused Serialized files (Serialized files now loaded: 0)
Unloading 27 unused Assets / (2.8 MB). Loaded Objects now: 11762.
Memory consumption went from 0.62 GB to 0.62 GB.
Total: 13.580800 ms (FindLiveObjects: 0.643800 ms CreateObjectMapping: 1.953700 ms MarkObjects: 10.422600 ms  DeleteObjects: 0.559300 ms)

Prepare: number of updated asset objects reloaded= 0
Shader 'Meta/MRUK/Scene/HighlightsAndShadows': fallback shader 'Off' not found
Shader 'Oculus/OVRMRCameraFrameLit': fallback shader 'Alpha-Diffuse' not found
========================================================================
Received Prepare
AcceleratorClientConnectionCallback - disconnected - :0
Refreshing native plugins compatible for Editor in 25.97 ms, found 21 plugins.
Unloading 27 Unused Serialized files (Serialized files now loaded: 0)
Unloading 27 unused Assets / (2.8 MB). Loaded Objects now: 11762.
Memory consumption went from 0.63 GB to 0.62 GB.
Total: 16.266000 ms (FindLiveObjects: 1.344500 ms CreateObjectMapping: 2.485800 ms MarkObjects: 11.707900 ms  DeleteObjects: 0.725500 ms)

Prepare: number of updated asset objects reloaded= 0
Shader 'Meta/MRUK/Scene/HighlightsAndShadows': fallback shader 'Off' not found
Shader 'Oculus/OVRMRCameraFrameLit': fallback shader 'Alpha-Diffuse' not found
========================================================================
Received Prepare
AcceleratorClientConnectionCallback - disconnected - :0
Script 'CharacterController' has the same name as built-in Unity component.
AddComponent and GetComponent will not work with this script.
'Packages/com.meta.xr.sdk.core/Editor/RuntimeOptimizer/RuntimeOptimizerNetworking.cs' contains partial class of Unity.Object, exactly 1 of the partial classes needs to be in a file with the same filename. This is to know the one that can be referenced from ie. GameObjects
'Packages/com.meta.xr.sdk.core/Editor/BuildingBlocks/BlocksWindow.cs' contains partial class of Unity.Object, exactly 1 of the partial classes needs to be in a file with the same filename. This is to know the one that can be referenced from ie. GameObjects
'Packages/com.meta.xr.sdk.core/Editor/RuntimeOptimizer/RuntimeOptimizerStyles.cs' contains partial class of Unity.Object, exactly 1 of the partial classes needs to be in a file with the same filename. This is to know the one that can be referenced from ie. GameObjects
'Packages/com.meta.xr.sdk.core/Editor/RuntimeOptimizer/RuntimeOptimizer.cs' contains partial class of Unity.Object, exactly 1 of the partial classes needs to be in a file with the same filename. This is to know the one that can be referenced from ie. GameObjects
'Packages/com.meta.xr.sdk.core/Editor/BuildingBlocks/BlocksWindowDetailsExtension.cs' contains partial class of Unity.Object, exactly 1 of the partial classes needs to be in a file with the same filename. This is to know the one that can be referenced from ie. GameObjects
'Packages/com.meta.xr.sdk.core/Editor/BuildingBlocks/BlocksWindowCollectionsPageExtension.cs' contains partial class of Unity.Object, exactly 1 of the partial classes needs to be in a file with the same filename. This is to know the one that can be referenced from ie. GameObjects
Refreshing native plugins compatible for Editor in 34.52 ms, found 21 plugins.
Unloading 27 Unused Serialized files (Serialized files now loaded: 0)
Unloading 10612 unused Assets / (8.2 MB). Loaded Objects now: 11754.
Memory consumption went from 0.64 GB to 0.63 GB.
Total: 29.280200 ms (FindLiveObjects: 1.904600 ms CreateObjectMapping: 6.524900 ms MarkObjects: 15.342000 ms  DeleteObjects: 5.506800 ms)

Prepare: number of updated asset objects reloaded= 0
Shader 'Meta/MRUK/Scene/HighlightsAndShadows': fallback shader 'Off' not found
Shader 'Oculus/OVRMRCameraFrameLit': fallback shader 'Alpha-Diffuse' not found
========================================================================
Received Prepare
AcceleratorClientConnectionCallback - disconnected - :0
[Licensing::Client] Successfully resolved entitlement details
Begin MonoManager ReloadAssembly
Symbol file LoadedFromMemory is not a mono symbol file
Script 'CharacterController' has the same name as built-in Unity component.
AddComponent and GetComponent will not work with this script.
'Packages/com.meta.xr.sdk.core/Editor/RuntimeOptimizer/RuntimeOptimizerNetworking.cs' contains partial class of Unity.Object, exactly 1 of the partial classes needs to be in a file with the same filename. This is to know the one that can be referenced from ie. GameObjects
'Packages/com.meta.xr.sdk.core/Editor/BuildingBlocks/BlocksWindow.cs' contains partial class of Unity.Object, exactly 1 of the partial classes needs to be in a file with the same filename. This is to know the one that can be referenced from ie. GameObjects
'Packages/com.meta.xr.sdk.core/Editor/RuntimeOptimizer/RuntimeOptimizerStyles.cs' contains partial class of Unity.Object, exactly 1 of the partial classes needs to be in a file with the same filename. This is to know the one that can be referenced from ie. GameObjects
'Packages/com.meta.xr.sdk.core/Editor/RuntimeOptimizer/RuntimeOptimizer.cs' contains partial class of Unity.Object, exactly 1 of the partial classes needs to be in a file with the same filename. This is to know the one that can be referenced from ie. GameObjects
'Packages/com.meta.xr.sdk.core/Editor/BuildingBlocks/BlocksWindowDetailsExtension.cs' contains partial class of Unity.Object, exactly 1 of the partial classes needs to be in a file with the same filename. This is to know the one that can be referenced from ie. GameObjects
'Packages/com.meta.xr.sdk.core/Editor/BuildingBlocks/BlocksWindowCollectionsPageExtension.cs' contains partial class of Unity.Object, exactly 1 of the partial classes needs to be in a file with the same filename. This is to know the one that can be referenced from ie. GameObjects
Refreshing native plugins compatible for Editor in 45.20 ms, found 21 plugins.
Native extension for Android target not found
Native extension for WindowsStandalone target not found
[Package Manager] Failed to launch server process. Reason: Unity was launched with the -noUpm command-line argument
[Package Manager] Unable to send message (not connected to server process).
[Package Manager] Cannot connect to Unity Package Manager local server
Refreshing native plugins compatible for Editor in 21.85 ms, found 21 plugins.
[Package Manager] Failed to launch server process. Reason: Unity was launched with the -noUpm command-line argument
[Package Manager] Unable to send message (not connected to server process).
[Package Manager] Cannot connect to Unity Package Manager local server
[Package Manager] Failed to launch server process. Reason: Unity was launched with the -noUpm command-line argument
[Package Manager] Unable to send message (not connected to server process).
[Package Manager] Cannot connect to Unity Package Manager local server
ScheduleIndexationOnStartup MainProcess:False IndexOnStartup:True
Mono: successfully reloaded assembly
[Package Manager] Failed to launch server process. Reason: Unity was launched with the -noUpm command-line argument
[Package Manager] Unable to send message (not connected to server process).
[Package Manager] Cannot connect to Unity Package Manager local server
- Finished resetting the current domain, in  2.249 seconds
Domain Reload Profiling: 4840ms
	BeginReloadAssembly (525ms)
		DisableScriptedObjects (10ms)
		CreateAndSetChildDomain (112ms)
	RebuildCommonClasses (17ms)
	RebuildNativeTypeToScriptingClass (37ms)
	initialDomainReloadingComplete (137ms)
	LoadAllAssembliesAndSetupDomain (1874ms)
		LoadAssemblies (906ms)
		AnalyzeDomain (773ms)
			TypeCache.Refresh (30ms)
			BuildScriptInfoCaches (708ms)
			ResolveRequiredComponents (29ms)
	FinalizeReload (2251ms)
		SetupLoadedEditorAssemblies (0ms)
			InitializePlatformSupportModulesInManaged (17ms)
			BeforeProcessingInitializeOnLoad (197ms)
			ProcessInitializeOnLoadAttributes (925ms)
			ProcessInitializeOnLoadMethodAttributes (504ms)
			AfterProcessingInitializeOnLoad (12ms)
		AwakeInstancesAfterBackupRestoration (42ms)
Refreshing native plugins compatible for Editor in 29.80 ms, found 21 plugins.
Unloading 27 Unused Serialized files (Serialized files now loaded: 0)
Unloading 10692 unused Assets / (8.2 MB). Loaded Objects now: 11767.
Memory consumption went from 0.65 GB to 0.64 GB.
Total: 33.993600 ms (FindLiveObjects: 1.488600 ms CreateObjectMapping: 8.465600 ms MarkObjects: 17.619600 ms  DeleteObjects: 6.417400 ms)

Prepare: number of updated asset objects reloaded= 0
Shader 'Meta/MRUK/Scene/HighlightsAndShadows': fallback shader 'Off' not found
Shader 'Oculus/OVRMRCameraFrameLit': fallback shader 'Alpha-Diffuse' not found
========================================================================
Received Prepare
AcceleratorClientConnectionCallback - disconnected - :0
Refreshing native plugins compatible for Editor in 33.41 ms, found 21 plugins.
Unloading 27 Unused Serialized files (Serialized files now loaded: 0)
Unloading 27 unused Assets / (2.8 MB). Loaded Objects now: 11767.
Memory consumption went from 0.64 GB to 0.64 GB.
Total: 18.961300 ms (FindLiveObjects: 1.147100 ms CreateObjectMapping: 3.867600 ms MarkObjects: 13.163800 ms  DeleteObjects: 0.780800 ms)

Prepare: number of updated asset objects reloaded= 0
Shader 'Meta/MRUK/Scene/HighlightsAndShadows': fallback shader 'Off' not found
Shader 'Oculus/OVRMRCameraFrameLit': fallback shader 'Alpha-Diffuse' not found
========================================================================
Received Prepare
AcceleratorClientConnectionCallback - disconnected - :0
Refreshing native plugins compatible for Editor in 21.65 ms, found 21 plugins.
Unloading 27 Unused Serialized files (Serialized files now loaded: 0)
Unloading 27 unused Assets / (2.8 MB). Loaded Objects now: 11767.
Memory consumption went from 0.65 GB to 0.64 GB.
Total: 16.780000 ms (FindLiveObjects: 0.647000 ms CreateObjectMapping: 1.858800 ms MarkObjects: 13.659500 ms  DeleteObjects: 0.612500 ms)

Prepare: number of updated asset objects reloaded= 0
Shader 'Meta/MRUK/Scene/HighlightsAndShadows': fallback shader 'Off' not found
Shader 'Oculus/OVRMRCameraFrameLit': fallback shader 'Alpha-Diffuse' not found
========================================================================
Received Prepare
AcceleratorClientConnectionCallback - disconnected - :0
Begin MonoManager ReloadAssembly
Symbol file LoadedFromMemory is not a mono symbol file
Script 'CharacterController' has the same name as built-in Unity component.
AddComponent and GetComponent will not work with this script.
'Packages/com.meta.xr.sdk.core/Editor/RuntimeOptimizer/RuntimeOptimizerNetworking.cs' contains partial class of Unity.Object, exactly 1 of the partial classes needs to be in a file with the same filename. This is to know the one that can be referenced from ie. GameObjects
'Packages/com.meta.xr.sdk.core/Editor/BuildingBlocks/BlocksWindow.cs' contains partial class of Unity.Object, exactly 1 of the partial classes needs to be in a file with the same filename. This is to know the one that can be referenced from ie. GameObjects
'Packages/com.meta.xr.sdk.core/Editor/RuntimeOptimizer/RuntimeOptimizerStyles.cs' contains partial class of Unity.Object, exactly 1 of the partial classes needs to be in a file with the same filename. This is to know the one that can be referenced from ie. GameObjects
'Packages/com.meta.xr.sdk.core/Editor/RuntimeOptimizer/RuntimeOptimizer.cs' contains partial class of Unity.Object, exactly 1 of the partial classes needs to be in a file with the same filename. This is to know the one that can be referenced from ie. GameObjects
'Packages/com.meta.xr.sdk.core/Editor/BuildingBlocks/BlocksWindowDetailsExtension.cs' contains partial class of Unity.Object, exactly 1 of the partial classes needs to be in a file with the same filename. This is to know the one that can be referenced from ie. GameObjects
'Packages/com.meta.xr.sdk.core/Editor/BuildingBlocks/BlocksWindowCollectionsPageExtension.cs' contains partial class of Unity.Object, exactly 1 of the partial classes needs to be in a file with the same filename. This is to know the one that can be referenced from ie. GameObjects
Refreshing native plugins compatible for Editor in 45.86 ms, found 21 plugins.
Native extension for Android target not found
Native extension for WindowsStandalone target not found
[Package Manager] Failed to launch server process. Reason: Unity was launched with the -noUpm command-line argument
[Package Manager] Unable to send message (not connected to server process).
[Package Manager] Cannot connect to Unity Package Manager local server
Refreshing native plugins compatible for Editor in 22.80 ms, found 21 plugins.
[Package Manager] Failed to launch server process. Reason: Unity was launched with the -noUpm command-line argument
[Package Manager] Unable to send message (not connected to server process).
[Package Manager] Cannot connect to Unity Package Manager local server
[Package Manager] Failed to launch server process. Reason: Unity was launched with the -noUpm command-line argument
[Package Manager] Unable to send message (not connected to server process).
[Package Manager] Cannot connect to Unity Package Manager local server
ScheduleIndexationOnStartup MainProcess:False IndexOnStartup:True
Mono: successfully reloaded assembly
[Package Manager] Failed to launch server process. Reason: Unity was launched with the -noUpm command-line argument
[Package Manager] Unable to send message (not connected to server process).
[Package Manager] Cannot connect to Unity Package Manager local server
- Finished resetting the current domain, in  2.067 seconds
Domain Reload Profiling: 3359ms
	BeginReloadAssembly (429ms)
		DisableScriptedObjects (8ms)
		CreateAndSetChildDomain (105ms)
	RebuildCommonClasses (19ms)
	RebuildNativeTypeToScriptingClass (27ms)
	initialDomainReloadingComplete (97ms)
	LoadAllAssembliesAndSetupDomain (717ms)
		LoadAssemblies (678ms)
		AnalyzeDomain (29ms)
			TypeCache.Refresh (11ms)
			ResolveRequiredComponents (11ms)
	FinalizeReload (2069ms)
		SetupLoadedEditorAssemblies (0ms)
			InitializePlatformSupportModulesInManaged (25ms)
			BeforeProcessingInitializeOnLoad (210ms)
			ProcessInitializeOnLoadAttributes (941ms)
			ProcessInitializeOnLoadMethodAttributes (417ms)
			AfterProcessingInitializeOnLoad (8ms)
		AwakeInstancesAfterBackupRestoration (32ms)
Refreshing native plugins compatible for Editor in 25.75 ms, found 21 plugins.
Unloading 27 Unused Serialized files (Serialized files now loaded: 0)
Unloading 10692 unused Assets / (6.9 MB). Loaded Objects now: 11772.
Memory consumption went from 0.66 GB to 0.65 GB.
Total: 24.468300 ms (FindLiveObjects: 1.120700 ms CreateObjectMapping: 5.966800 ms MarkObjects: 12.209100 ms  DeleteObjects: 5.169200 ms)

Prepare: number of updated asset objects reloaded= 0
Shader 'Meta/MRUK/Scene/HighlightsAndShadows': fallback shader 'Off' not found
Shader 'Oculus/OVRMRCameraFrameLit': fallback shader 'Alpha-Diffuse' not found
========================================================================
Received Prepare
AcceleratorClientConnectionCallback - disconnected - :0
Refreshing native plugins compatible for Editor in 21.69 ms, found 21 plugins.
Unloading 27 Unused Serialized files (Serialized files now loaded: 0)
Unloading 27 unused Assets / (2.8 MB). Loaded Objects now: 11772.
Memory consumption went from 0.65 GB to 0.65 GB.
Total: 15.638900 ms (FindLiveObjects: 0.650500 ms CreateObjectMapping: 1.998700 ms MarkObjects: 12.387200 ms  DeleteObjects: 0.601200 ms)

Prepare: number of updated asset objects reloaded= 0
Shader 'Meta/MRUK/Scene/HighlightsAndShadows': fallback shader 'Off' not found
Shader 'Oculus/OVRMRCameraFrameLit': fallback shader 'Alpha-Diffuse' not found
========================================================================
Received Prepare
AcceleratorClientConnectionCallback - disconnected - :0
Refreshing native plugins compatible for Editor in 38.69 ms, found 21 plugins.
Unloading 27 Unused Serialized files (Serialized files now loaded: 0)
Unloading 27 unused Assets / (2.8 MB). Loaded Objects now: 11772.
Memory consumption went from 0.66 GB to 0.65 GB.
Total: 15.775200 ms (FindLiveObjects: 1.728300 ms CreateObjectMapping: 2.631400 ms MarkObjects: 10.797600 ms  DeleteObjects: 0.615100 ms)

Prepare: number of updated asset objects reloaded= 0
Shader 'Meta/MRUK/Scene/HighlightsAndShadows': fallback shader 'Off' not found
Shader 'Oculus/OVRMRCameraFrameLit': fallback shader 'Alpha-Diffuse' not found
