[Licensing::Module] Trying to connect to existing licensing client channel...
Built from '6000.5/staging' branch; Version is '6000.5.4f1 (d550df8bd089) revision 13979871'; Using compiler version '194234433'; Build Type 'Release'
[Licensing::IpcConnector] Successfully connected to: "LicenseClient-User" at "2026-07-30T06:17:58.014034Z"
OS: 'Windows 11  (10.0.26200) Core' Language: 'en' Physical Memory: 16016 MB
BatchMode: 0, IsHumanControllingUs: 1, StartBugReporterOnCrash: 1, Is64bit: 1
System  architecture: x64
Process architecture: x64
Date: 2026-07-30T06:17:58Z

COMMAND LINE ARGUMENTS:
C:\Program Files\Unity\Hub\Editor\6000.5.4f1\Editor\Unity.exe
-projectpath
C:\Users\User\InnvationChallenge\earth\My project (1)
-acceptSoftwareTermsForThisRunOnly
-useHub
-hubIPC
-cloudEnvironment
production
-licensingIpc
LicenseClient-User
-hubSessionId
c58502b1-db86-4cb6-aec2-f0dc9a1f833c
-accessToken
KAsn4OVqLbp9UTUbO9UuYPbvU5G9hiBYyqSLbHoS4qo011f
Successfully changed project path to: C:\Users\User\InnvationChallenge\earth\My project (1)
C:/Users/User/InnvationChallenge/earth/My project (1)
[UnityMemory] Configuration Parameters - Can be set up in boot.config
    "memorysetup-temp-allocator-size-gi-baking-worker=262144"
    "memorysetup-temp-allocator-size-gi-baking-worker=262144"
    "memorysetup-temp-allocator-size-gi-baking-worker=262144"
    "memorysetup-temp-allocator-size-gi-baking-worker=262144"
    "memorysetup-temp-allocator-size-gi-baking-worker=262144"
    "memorysetup-temp-allocator-size-nav-mesh-worker=65536"
    "memorysetup-temp-allocator-size-audio-worker=65536"
    "memorysetup-temp-allocator-size-cloud-worker=32768"
    "memorysetup-temp-allocator-size-gfx=262144"
    "memorysetup-temp-allocator-size-preload-manager=33554432"
    "memorysetup-allocator-temp-initial-block-size-main=262144"
    "memorysetup-allocator-temp-initial-block-size-worker=262144"
    "memorysetup-temp-allocator-size-job-worker=262144"
    "memorysetup-temp-allocator-size-background-worker=32768"
    "memorysetup-bucket-allocator-granularity=16"
    "memorysetup-bucket-allocator-bucket-count=8"
    "memorysetup-bucket-allocator-block-size=33554432"
    "memorysetup-bucket-allocator-block-count=8"
    "memorysetup-main-allocator-block-size=16777216"
    "memorysetup-thread-allocator-block-size=16777216"
    "memorysetup-main-allocator-mimalloc-enabled=0"
    "memorysetup-gfx-main-allocator-block-size=16777216"
    "memorysetup-gfx-thread-allocator-block-size=16777216"
    "memorysetup-cache-allocator-block-size=4194304"
    "memorysetup-typetree-allocator-block-size=2097152"
    "memorysetup-profiler-bucket-allocator-granularity=16"
    "memorysetup-profiler-bucket-allocator-bucket-count=8"
    "memorysetup-profiler-bucket-allocator-block-size=33554432"
    "memorysetup-profiler-bucket-allocator-block-count=8"
    "memorysetup-profiler-allocator-block-size=16777216"
    "memorysetup-profiler-editor-allocator-block-size=1048576"
    "memorysetup-temp-allocator-size-main=16777216"
    "memorysetup-job-temp-allocator-block-size=2097152"
    "memorysetup-job-temp-allocator-block-size-background=1048576"
    "memorysetup-job-temp-allocator-reduction-small-platforms=262144"
Player connection [16024]  Target information:

Player connection [16024]  * "[IP] 192.168.1.9 [Port] 55504 [Flags] 2 [Guid] 3264779464 [EditorId] 3264779464 [Version] 1048832 [Id] WindowsEditor(7,DESKTOP-8VBDTJF) [Debug] 1 [PackageName] WindowsEditor [ProjectName] Editor" 

Player connection [16024] Host joined multi-casting on [225.0.0.222:54997]...
Player connection [16024] Host joined alternative multi-casting on [225.0.0.222:34997]...
Input System module state changed to: Initialized.
[Physics::Module] Initialized fallback backend.
[Physics::Module] Id: 0xdecafbad
[Package Manager] Connected to IPC stream "Upm-19604" after 0.0 seconds.
[Licensing::Module] Licensing is not yet initialized.
[Licensing::Client] Error: HandshakeResponse reported an error:
	ResponseCode: 505
	ResponseStatus: Unsupported protocol version '1.18.1'.
[Licensing::Module] Error: Failed to handshake to channel: "LicenseClient-User"
[Licensing::IpcConnector] LicenseClient-User channel disconnected successfully.
[Licensing::IpcConnector] Channel LicenseClient-User-6000.5.4 doesn't exist
[Licensing::Module] Successfully launched the LicensingClient (PId: 14220)
Starting IPC server.
Waiting for clients to connect on \\.\pipe\Unity-LicenseClient-User-6000.5.4, press Ctrl-C to exit.
[Licensing::IpcConnector] Successfully connected to: "LicenseClient-User-6000.5.4" at "2026-07-30T06:18:05.9109694Z"
[Licensing::Client] Code 10 while verifying Licensing Client signature (process Id: 14220, path: "C:/Program Files/Unity/Hub/Editor/6000.5.4f1/Editor/Data/Resources/Licensing/Client/Unity.Licensing.Client.exe")
[Licensing::Module] LicensingClient has failed validation; ignoring
[Licensing::Client] Handshaking with LicensingClient:
  Version:                 1.18.1+9fbee8e
  Session Id:              6fd7919de38b429380510fb204ede459
  Correlation Id:          b62ffe51c4d26aac94dac92b17a65128
  External correlation Id: 6687666776646613836
  Machine Id:              jITQ/gih81PwLct2UbHAZ3GtFIM=
[Licensing::Module] Successfully connected to LicensingClient on channel: "LicenseClient-User-6000.5.4" (connect: 4.37s, validation: 0.43s, handshake: 0.03s)
[Licensing::IpcConnector] Successfully connected to: "LicenseClient-User-6000.5.4-notifications" at "2026-07-30T06:18:06.3736274Z"
[Licensing::Module] Connected to LicensingClient (PId: 14220, launch time: 0.03, total connection time: 4.83s)
[Licensing::Client] Successfully updated the access token
[Licensing::Module] Successfully updated the access token KAsn4OVqLb...
[Licensing::Client] Successfully resolved entitlement details
[Licensing::Module] License group:
  Id: 18968469318931-UnityPersXXXX
  Product: Unity Personal
  Type: Assigned
  Expiration: Unlimited
[Licensing::Client] Successfully updated license, isAsync: True, time: 0.02
[Licensing::Client] Successfully resolved entitlement details
[Licensing::Module] Licensing Background thread has ended after 8.52s
[Licensing::Module] Licensing is initialized (took 5.63s).
[Licensing::Client] Successfully resolved entitlement details
Library Redirect Path: Library/
[Physics::Module] Selected backend.
[Physics::Module] Name: PhysX
[Physics::Module] Id: 0xf2b8ea05
[Physics::Module] SDK Version: 4.1.2
[Physics::Module] Integration Version: 1.0.0
[Physics::Module] Threading Mode: Multi-Threaded
Artifact Garbage Collection - Removed 1 unused hashed content files
Refreshing native plugins compatible for Editor in 6.80 ms, found 0 plugins.
Initialize engine version: 6000.5.4f1 (d550df8bd089)
[Subsystems] Discovering subsystems at path C:/Program Files/Unity/Hub/Editor/6000.5.4f1/Editor/Data/Resources/UnitySubsystems
[Subsystems] Discovering subsystems at path C:/Users/User/InnvationChallenge/earth/My project (1)/Assets
[D3D12 Device Filter] Vendor Name: Intel
[D3D12 Device Filter] Device Name: Intel(R) Iris(R) Xe Graphics
[D3D12 Device Filter] Driver Version: 32.0.101.7076
[D3D12 Device Filter] Feature Level: 12.1
[D3D12 Device Filter] Graphics Memory: 8008 MB
[D3D12 Device Filter] Processor Count: 12
[D3D12 Device Filter] Device Type: Integrated
[D3D12 Device Filter] D3D12 API denied by user filter: {"Vendor": "Intel", "Device Type:": Integrated}
GfxDevice: creating device client; kGfxThreadingModeThreaded
Direct3D:
    Version:  Direct3D 11.0 [level 11.1]
    Renderer: Intel(R) Iris(R) Xe Graphics (ID=0xa7a1)
    Vendor:   Intel
    VRAM:     8008 MB
    Driver:   32.0.101.7076
Shader 'Meta/MRUK/Scene/HighlightsAndShadows': fallback shader 'Off' not found
Shader 'Oculus/OVRMRCameraFrameLit': fallback shader 'Alpha-Diffuse' not found
Initialize mono
Mono path[0] = 'C:/Program Files/Unity/Hub/Editor/6000.5.4f1/Editor/Data/Managed'
Mono path[1] = 'C:/Program Files/Unity/Hub/Editor/6000.5.4f1/Editor/Data/BCLExtensions/runtime/netstandard2.1'
Mono path[2] = 'C:/Program Files/Unity/Hub/Editor/6000.5.4f1/Editor/Data/MonoBleedingEdge/lib/mono/unityjit-win32'
Mono config path = 'C:/Program Files/Unity/Hub/Editor/6000.5.4f1/Editor/Data/MonoBleedingEdge/etc'
Using monoOptions --debugger-agent=transport=dt_socket,embedding=1,server=y,suspend=n,address=127.0.0.1:56604
CodeReloadManager initialized
ImportWorker Server TCP listen port: 0
AcceleratorClientConnectionCallback - disconnected - :0
Begin MonoManager ReloadAssembly
Registering precompiled unity dll's ...
Register platform support module: C:/Program Files/Unity/Hub/Editor/6000.5.4f1/Editor/Data/PlaybackEngines/WindowsStandaloneSupport/UnityEditor.WindowsStandalone.Extensions.dll
[Licensing::Client] Successfully resolved entitlement details
Register platform support module: C:/Program Files/Unity/Hub/Editor/6000.5.4f1/Editor/Data/PlaybackEngines/AndroidPlayer/UnityEditor.Android.Extensions.dll
Registered in 0.010172 seconds.
Native extension for Android target not found
Native extension for WindowsStandalone target not found
Package Manager log level set to [2]
ScheduleIndexationOnStartup MainProcess:False IndexOnStartup:True
Mono: successfully reloaded assembly
- Finished resetting the current domain, in  0.759 seconds
Domain Reload Profiling: 3282ms
	BeginReloadAssembly (193ms)
		CreateAndSetChildDomain (6ms)
	RebuildCommonClasses (6ms)
	RebuildNativeTypeToScriptingClass (203ms)
	initialDomainReloadingComplete (118ms)
	LoadAllAssembliesAndSetupDomain (1998ms)
		LoadAssemblies (190ms)
		AnalyzeDomain (1855ms)
			TypeCache.Refresh (1851ms)
				TypeCache.ScanAssembly (1496ms)
	FinalizeReload (765ms)
		SetupLoadedEditorAssemblies (0ms)
			InitializePlatformSupportModulesInManaged (127ms)
			BeforeProcessingInitializeOnLoad (116ms)
			ProcessInitializeOnLoadAttributes (148ms)
			ProcessInitializeOnLoadMethodAttributes (233ms)
[Licensing::Client] Successfully resolved entitlement details
Application.AssetDatabase Initial Refresh Start
[Package Manager] Restoring resolved packages state from cache
[Licensing::Client] Successfully resolved entitlement details
[Package Manager] Registered 74 packages:
  Packages from [https://packages.unity.com]:
    com.meta.xr.sdk.all@205.0.0 (location: C:\Users\User\InnvationChallenge\earth\My project (1)\Library\PackageCache\com.meta.xr.sdk.all@eefa31febf37)
    com.unity.ai.navigation@2.0.13 (location: C:\Users\User\InnvationChallenge\earth\My project (1)\Library\PackageCache\com.unity.ai.navigation@42d896194035)
    com.unity.collab-proxy@2.12.4 (location: C:\Users\User\InnvationChallenge\earth\My project (1)\Library\PackageCache\com.unity.collab-proxy@0b1559bcd34e)
    com.unity.ide.rider@3.0.38 (location: C:\Users\User\InnvationChallenge\earth\My project (1)\Library\PackageCache\com.unity.ide.rider@1f60b3138684)
    com.unity.ide.visualstudio@2.0.26 (location: C:\Users\User\InnvationChallenge\earth\My project (1)\Library\PackageCache\com.unity.ide.visualstudio@a99d56dec63f)
    com.unity.inputsystem@1.19.0 (location: C:\Users\User\InnvationChallenge\earth\My project (1)\Library\PackageCache\com.unity.inputsystem@21a28c3a6c83)
    com.unity.timeline@1.8.12 (location: C:\Users\User\InnvationChallenge\earth\My project (1)\Library\PackageCache\com.unity.timeline@8cd8509afae5)
    com.unity.visualscripting@1.9.11 (location: C:\Users\User\InnvationChallenge\earth\My project (1)\Library\PackageCache\com.unity.visualscripting@8bed5ad90189)
    com.unity.xr.hands@1.8.0 (location: C:\Users\User\InnvationChallenge\earth\My project (1)\Library\PackageCache\com.unity.xr.hands@ed65bce01132)
    com.unity.xr.interaction.toolkit@3.5.1 (location: C:\Users\User\InnvationChallenge\earth\My project (1)\Library\PackageCache\com.unity.xr.interaction.toolkit@63ca3b7ce776)
    com.unity.xr.openxr@1.17.1 (location: C:\Users\User\InnvationChallenge\earth\My project (1)\Library\PackageCache\com.unity.xr.openxr@58837b2992e0)
    com.unity.xr.core-utils@2.6.0 (location: C:\Users\User\InnvationChallenge\earth\My project (1)\Library\PackageCache\com.unity.xr.core-utils@a8b900321199)
    com.unity.xr.management@4.5.4 (location: C:\Users\User\InnvationChallenge\earth\My project (1)\Library\PackageCache\com.unity.xr.management@e3a3882b360a)
    com.unity.xr.legacyinputhelpers@3.0.1 (location: C:\Users\User\InnvationChallenge\earth\My project (1)\Library\PackageCache\com.unity.xr.legacyinputhelpers@3f62d634f63b)
    com.meta.xr.sdk.core@205.0.0 (location: C:\Users\User\InnvationChallenge\earth\My project (1)\Library\PackageCache\com.meta.xr.sdk.core@c0efcbf2ba70)
    com.meta.xr.sdk.audio@85.0.0 (location: C:\Users\User\InnvationChallenge\earth\My project (1)\Library\PackageCache\com.meta.xr.sdk.audio@baafb66e77db)
    com.meta.xr.sdk.voice@85.0.1 (location: C:\Users\User\InnvationChallenge\earth\My project (1)\Library\PackageCache\com.meta.xr.sdk.voice@856439ff2689)
    com.meta.xr.sdk.haptics@205.0.0 (location: C:\Users\User\InnvationChallenge\earth\My project (1)\Library\PackageCache\com.meta.xr.sdk.haptics@ca7512cf6c80)
    com.meta.xr.mrutilitykit@205.0.0 (location: C:\Users\User\InnvationChallenge\earth\My project (1)\Library\PackageCache\com.meta.xr.mrutilitykit@2979546e7179)
    com.meta.xr.sdk.platform@205.0.0 (location: C:\Users\User\InnvationChallenge\earth\My project (1)\Library\PackageCache\com.meta.xr.sdk.platform@77232b66891b)
    com.meta.xr.sdk.interaction@205.0.0 (location: C:\Users\User\InnvationChallenge\earth\My project (1)\Library\PackageCache\com.meta.xr.sdk.interaction@b67d311217e9)
    com.meta.xr.sdk.interaction.ovr@205.0.0 (location: C:\Users\User\InnvationChallenge\earth\My project (1)\Library\PackageCache\com.meta.xr.sdk.interaction.ovr@84d9703a2ac2)
    com.unity.searcher@4.9.4 (location: C:\Users\User\InnvationChallenge\earth\My project (1)\Library\PackageCache\com.unity.searcher@d45a78918735)
    com.unity.burst@1.8.29 (location: C:\Users\User\InnvationChallenge\earth\My project (1)\Library\PackageCache\com.unity.burst@6bb9aca3ef38)
    com.unity.nuget.newtonsoft-json@3.2.2 (location: C:\Users\User\InnvationChallenge\earth\My project (1)\Library\PackageCache\com.unity.nuget.newtonsoft-json@4dfd81071c64)
    com.unity.nuget.mono-cecil@1.11.6 (location: C:\Users\User\InnvationChallenge\earth\My project (1)\Library\PackageCache\com.unity.nuget.mono-cecil@ecb9724e46ff)
    com.unity.test-framework.performance@3.5.0 (location: C:\Users\User\InnvationChallenge\earth\My project (1)\Library\PackageCache\com.unity.test-framework.performance@8b56083ec0f0)
  Built-in packages:
    com.unity.multiplayer.center@1.0.1 (location: C:\Users\User\InnvationChallenge\earth\My project (1)\Library\PackageCache\com.unity.multiplayer.center@b860850997d0)
    com.unity.render-pipelines.universal@17.5.0 (location: C:\Users\User\InnvationChallenge\earth\My project (1)\Library\PackageCache\com.unity.render-pipelines.universal@e38be786c41e)
    com.unity.test-framework@1.7.0 (location: C:\Users\User\InnvationChallenge\earth\My project (1)\Library\PackageCache\com.unity.test-framework@1405238725ab)
    com.unity.ugui@2.5.0 (location: C:\Users\User\InnvationChallenge\earth\My project (1)\Library\PackageCache\com.unity.ugui@f2d87ebaaa32)
    com.unity.modules.accessibility@1.0.0 (location: C:\Users\User\InnvationChallenge\earth\My project (1)\Library\PackageCache\com.unity.modules.accessibility)
    com.unity.modules.adaptiveperformance@1.0.0 (location: C:\Users\User\InnvationChallenge\earth\My project (1)\Library\PackageCache\com.unity.modules.adaptiveperformance)
    com.unity.modules.ai@1.0.0 (location: C:\Users\User\InnvationChallenge\earth\My project (1)\Library\PackageCache\com.unity.modules.ai)
    com.unity.modules.androidjni@1.0.0 (location: C:\Users\User\InnvationChallenge\earth\My project (1)\Library\PackageCache\com.unity.modules.androidjni)
    com.unity.modules.animation@1.0.0 (location: C:\Users\User\InnvationChallenge\earth\My project (1)\Library\PackageCache\com.unity.modules.animation)
    com.unity.modules.assetbundle@1.0.0 (location: C:\Users\User\InnvationChallenge\earth\My project (1)\Library\PackageCache\com.unity.modules.assetbundle)
    com.unity.modules.audio@1.0.0 (location: C:\Users\User\InnvationChallenge\earth\My project (1)\Library\PackageCache\com.unity.modules.audio)
    com.unity.modules.cloth@1.0.0 (location: C:\Users\User\InnvationChallenge\earth\My project (1)\Library\PackageCache\com.unity.modules.cloth)
    com.unity.modules.director@1.0.0 (location: C:\Users\User\InnvationChallenge\earth\My project (1)\Library\PackageCache\com.unity.modules.director)
    com.unity.modules.imageconversion@1.0.0 (location: C:\Users\User\InnvationChallenge\earth\My project (1)\Library\PackageCache\com.unity.modules.imageconversion)
    com.unity.modules.imgui@1.0.0 (location: C:\Users\User\InnvationChallenge\earth\My project (1)\Library\PackageCache\com.unity.modules.imgui)
    com.unity.modules.jsonserialize@1.0.0 (location: C:\Users\User\InnvationChallenge\earth\My project (1)\Library\PackageCache\com.unity.modules.jsonserialize)
    com.unity.modules.particlesystem@1.0.0 (location: C:\Users\User\InnvationChallenge\earth\My project (1)\Library\PackageCache\com.unity.modules.particlesystem)
    com.unity.modules.physics@1.0.0 (location: C:\Users\User\InnvationChallenge\earth\My project (1)\Library\PackageCache\com.unity.modules.physics)
    com.unity.modules.physics2d@1.0.0 (location: C:\Users\User\InnvationChallenge\earth\My project (1)\Library\PackageCache\com.unity.modules.physics2d)
    com.unity.modules.physicscore2d@1.0.0 (location: C:\Users\User\InnvationChallenge\earth\My project (1)\Library\PackageCache\com.unity.modules.physicscore2d)
    com.unity.modules.screencapture@1.0.0 (location: C:\Users\User\InnvationChallenge\earth\My project (1)\Library\PackageCache\com.unity.modules.screencapture)
    com.unity.modules.terrain@1.0.0 (location: C:\Users\User\InnvationChallenge\earth\My project (1)\Library\PackageCache\com.unity.modules.terrain)
    com.unity.modules.terrainphysics@1.0.0 (location: C:\Users\User\InnvationChallenge\earth\My project (1)\Library\PackageCache\com.unity.modules.terrainphysics)
    com.unity.modules.tilemap@1.0.0 (location: C:\Users\User\InnvationChallenge\earth\My project (1)\Library\PackageCache\com.unity.modules.tilemap)
    com.unity.modules.ui@1.0.0 (location: C:\Users\User\InnvationChallenge\earth\My project (1)\Library\PackageCache\com.unity.modules.ui)
    com.unity.modules.uielements@1.0.0 (location: C:\Users\User\InnvationChallenge\earth\My project (1)\Library\PackageCache\com.unity.modules.uielements)
    com.unity.modules.umbra@1.0.0 (location: C:\Users\User\InnvationChallenge\earth\My project (1)\Library\PackageCache\com.unity.modules.umbra)
    com.unity.modules.unityanalytics@1.0.0 (location: C:\Users\User\InnvationChallenge\earth\My project (1)\Library\PackageCache\com.unity.modules.unityanalytics)
    com.unity.modules.unitywebrequest@1.0.0 (location: C:\Users\User\InnvationChallenge\earth\My project (1)\Library\PackageCache\com.unity.modules.unitywebrequest)
    com.unity.modules.unitywebrequestassetbundle@1.0.0 (location: C:\Users\User\InnvationChallenge\earth\My project (1)\Library\PackageCache\com.unity.modules.unitywebrequestassetbundle)
    com.unity.modules.unitywebrequestaudio@1.0.0 (location: C:\Users\User\InnvationChallenge\earth\My project (1)\Library\PackageCache\com.unity.modules.unitywebrequestaudio)
    com.unity.modules.unitywebrequesttexture@1.0.0 (location: C:\Users\User\InnvationChallenge\earth\My project (1)\Library\PackageCache\com.unity.modules.unitywebrequesttexture)
    com.unity.modules.unitywebrequestwww@1.0.0 (location: C:\Users\User\InnvationChallenge\earth\My project (1)\Library\PackageCache\com.unity.modules.unitywebrequestwww)
    com.unity.modules.vectorgraphics@1.0.0 (location: C:\Users\User\InnvationChallenge\earth\My project (1)\Library\PackageCache\com.unity.modules.vectorgraphics)
    com.unity.modules.vehicles@1.0.0 (location: C:\Users\User\InnvationChallenge\earth\My project (1)\Library\PackageCache\com.unity.modules.vehicles)
    com.unity.modules.video@1.0.0 (location: C:\Users\User\InnvationChallenge\earth\My project (1)\Library\PackageCache\com.unity.modules.video)
    com.unity.modules.wind@1.0.0 (location: C:\Users\User\InnvationChallenge\earth\My project (1)\Library\PackageCache\com.unity.modules.wind)
    com.unity.modules.xr@1.0.0 (location: C:\Users\User\InnvationChallenge\earth\My project (1)\Library\PackageCache\com.unity.modules.xr)
    com.unity.modules.subsystems@1.0.0 (location: C:\Users\User\InnvationChallenge\earth\My project (1)\Library\PackageCache\com.unity.modules.subsystems)
    com.unity.modules.hierarchycore@1.0.0 (location: C:\Users\User\InnvationChallenge\earth\My project (1)\Library\PackageCache\com.unity.modules.hierarchycore)
    com.unity.mathematics@1.4.0 (location: C:\Users\User\InnvationChallenge\earth\My project (1)\Library\PackageCache\com.unity.mathematics@981956d94fb6)
    com.unity.ext.nunit@2.1.0 (location: C:\Users\User\InnvationChallenge\earth\My project (1)\Library\PackageCache\com.unity.ext.nunit@44f7d31723bd)
    com.unity.render-pipelines.core@17.5.0 (location: C:\Users\User\InnvationChallenge\earth\My project (1)\Library\PackageCache\com.unity.render-pipelines.core@539ef1c759fb)
    com.unity.shadergraph@17.5.0 (location: C:\Users\User\InnvationChallenge\earth\My project (1)\Library\PackageCache\com.unity.shadergraph@636559dc59a3)
    com.unity.render-pipelines.universal-config@17.5.0 (location: C:\Users\User\InnvationChallenge\earth\My project (1)\Library\PackageCache\com.unity.render-pipelines.universal-config@fdda01c80fe3)
    com.unity.collections@6.5.0 (location: C:\Users\User\InnvationChallenge\earth\My project (1)\Library\PackageCache\com.unity.collections@a43cabe808ca)
    com.unity.textmeshpro@5.0.0 (location: C:\Users\User\InnvationChallenge\earth\My project (1)\Library\PackageCache\com.unity.textmeshpro@53f43edfd2e0)
[Subsystems] Looking for new subsystems at path C:\Users\User\InnvationChallenge\earth\My project (1)\Library\PackageCache\com.unity.xr.openxr@58837b2992e0
[Subsystems] Novel subsystem found at Library/PackageCache/com.unity.xr.openxr@58837b2992e0/Runtime/UnitySubsystemsManifest.json
[Subsystems] Discovering subsystems at path C:/Program Files/Unity/Hub/Editor/6000.5.4f1/Editor/Data/Resources/UnitySubsystems
[Subsystems] Discovering subsystems at path C:/Users/User/InnvationChallenge/earth/My project (1)/Assets
[Subsystems] Discovering subsystems at path C:\Users\User\InnvationChallenge\earth\My project (1)\Library\PackageCache\com.unity.xr.openxr@58837b2992e0
[Subsystems] No descriptors matched for  examples in Library/PackageCache/com.unity.xr.openxr@58837b2992e0/Runtime/UnitySubsystemsManifest.json.
[Subsystems] 1 'inputs' descriptors matched in Library/PackageCache/com.unity.xr.openxr@58837b2992e0/Runtime/UnitySubsystemsManifest.json
[Subsystems] 1 'displays' descriptors matched in Library/PackageCache/com.unity.xr.openxr@58837b2992e0/Runtime/UnitySubsystemsManifest.json
[Subsystems] No descriptors matched for  meshings in Library/PackageCache/com.unity.xr.openxr@58837b2992e0/Runtime/UnitySubsystemsManifest.json.
[Package Manager] Done registering packages in 0.03 seconds
info: Microsoft.Hosting.Lifetime[14]
      Now listening on: http://localhost:80
info: Microsoft.Hosting.Lifetime[0]
      Application started. Press Ctrl+C to shut down.
info: Microsoft.Hosting.Lifetime[0]
      Hosting environment: Production
info: Microsoft.Hosting.Lifetime[0]
      Content root path: C:\Users\User\InnvationChallenge\earth\My project (1)
info: Microsoft.AspNetCore.Hosting.Diagnostics[1]
      Request starting HTTP/2 POST http://ilpp/UnityILPP.PostProcessing/Ping - application/grpc -
info: Microsoft.AspNetCore.Routing.EndpointMiddleware[0]
      Executing endpoint 'gRPC - /UnityILPP.PostProcessing/Ping'
info: Microsoft.AspNetCore.Routing.EndpointMiddleware[1]
      Executed endpoint 'gRPC - /UnityILPP.PostProcessing/Ping'
info: Microsoft.AspNetCore.Hosting.Diagnostics[2]
      Request finished HTTP/2 POST http://ilpp/UnityILPP.PostProcessing/Ping - 200 - application/grpc 111.5945ms
Starting: C:\Program Files\Unity\Hub\Editor\6000.5.4f1\Editor\Data\Tools\BuildPipeline\bee_backend.exe --ipc --defer-dag-verification --dagfile="Library/Bee/1900b0aE.dag" --continue-on-failure --profile="Library/Bee/backend1.traceevents" ScriptAssemblies
WorkingDir: C:/Users/User/InnvationChallenge/earth/My project (1)
info: Microsoft.AspNetCore.Hosting.Diagnostics[1]
      Request starting HTTP/2 POST http://ilpp/UnityILPP.PostProcessing/ConfigurePostProcessors - application/grpc -
info: Microsoft.AspNetCore.Routing.EndpointMiddleware[0]
      Executing endpoint 'gRPC - /UnityILPP.PostProcessing/ConfigurePostProcessors'
warn: Unity.ILPP.Runner.PostProcessingAssemblyLoadContext[0]
      Assembly system.runtime.interopservices.windowsruntime has duplicate hint path. Ignoring "C:\Program Files\Unity\Hub\Editor\6000.5.4f1\Editor\Data\UnityReferenceAssemblies\unity-4.8-api\Facades\System.Runtime.InteropServices.WindowsRuntime.dll" in favor of "C:\Program Files\Unity\Hub\Editor\6000.5.4f1\Editor\Data\NetStandard\Extensions\2.0.0\System.Runtime.InteropServices.WindowsRuntime.dll"
warn: Unity.ILPP.Runner.PostProcessingAssemblyLoadContext[0]
      Assembly system.componentmodel.composition has duplicate hint path. Ignoring "C:\Program Files\Unity\Hub\Editor\6000.5.4f1\Editor\Data\UnityReferenceAssemblies\unity-4.8-api\System.ComponentModel.Composition.dll" in favor of "C:\Program Files\Unity\Hub\Editor\6000.5.4f1\Editor\Data\NetStandard\compat\2.1.0\shims\netfx\System.ComponentModel.Composition.dll"
info: Unity.ILPP.Runner.PostProcessingAssemblyLoadContext[0]
      Resolved Unity.Burst.Cecil, Version=0.11.6.0, Culture=neutral, PublicKeyToken=50cebf1cceb9d05e with Library\PackageCache\com.unity.burst@6bb9aca3ef38\Unity.Burst.CodeGen\Unity.Burst.Cecil.dll
info: Unity.ILPP.Runner.PostProcessingAssemblyLoadContext[0]
      Resolved Mono.Cecil, Version=0.11.5.0, Culture=neutral, PublicKeyToken=50cebf1cceb9d05e with Library\PackageCache\com.unity.nuget.mono-cecil@ecb9724e46ff\Mono.Cecil.dll
info: Microsoft.AspNetCore.Routing.EndpointMiddleware[1]
      Executed endpoint 'gRPC - /UnityILPP.PostProcessing/ConfigurePostProcessors'
info: Microsoft.AspNetCore.Hosting.Diagnostics[2]
      Request finished HTTP/2 POST http://ilpp/UnityILPP.PostProcessing/ConfigurePostProcessors - 200 - application/grpc 966.3572ms
ExitCode: 0 Duration: 1s837ms
[1721/2328  1s] ILPP-Configuration Library/ilpp-configuration.nevergeneratedoutput
*** Tundra build success (1.63 seconds), 1 items updated, 2328 evaluated
AssetDatabase: script compilation time: 2.934324s
Begin MonoManager ReloadAssembly
Symbol file LoadedFromMemory is not a mono symbol file
Script 'CharacterController' has the same name as built-in Unity component.
AddComponent and GetComponent will not work with this script.
'Packages/com.meta.xr.sdk.core/Editor/BuildingBlocks/BlocksWindowDetailsExtension.cs' contains partial class of Unity.Object, exactly 1 of the partial classes needs to be in a file with the same filename. This is to know the one that can be referenced from ie. GameObjects
'Packages/com.meta.xr.sdk.core/Editor/RuntimeOptimizer/RuntimeOptimizer.cs' contains partial class of Unity.Object, exactly 1 of the partial classes needs to be in a file with the same filename. This is to know the one that can be referenced from ie. GameObjects
'Packages/com.meta.xr.sdk.core/Editor/BuildingBlocks/BlocksWindow.cs' contains partial class of Unity.Object, exactly 1 of the partial classes needs to be in a file with the same filename. This is to know the one that can be referenced from ie. GameObjects
'Packages/com.meta.xr.sdk.core/Editor/BuildingBlocks/BlocksWindowCollectionsPageExtension.cs' contains partial class of Unity.Object, exactly 1 of the partial classes needs to be in a file with the same filename. This is to know the one that can be referenced from ie. GameObjects
'Packages/com.meta.xr.sdk.core/Editor/RuntimeOptimizer/RuntimeOptimizerNetworking.cs' contains partial class of Unity.Object, exactly 1 of the partial classes needs to be in a file with the same filename. This is to know the one that can be referenced from ie. GameObjects
'Packages/com.meta.xr.sdk.core/Editor/RuntimeOptimizer/RuntimeOptimizerStyles.cs' contains partial class of Unity.Object, exactly 1 of the partial classes needs to be in a file with the same filename. This is to know the one that can be referenced from ie. GameObjects
Refreshing native plugins compatible for Editor in 657.73 ms, found 21 plugins.
Native extension for Android target not found
Native extension for WindowsStandalone target not found
Refreshing native plugins compatible for Editor in 16.88 ms, found 21 plugins.
[OVRPlugin][INFO] UnityPluginLoad called
I0730 13:18:34.199231 16024 OVRTelemetry.cpp:57] Telemetry_Init: calling startSession with engineName=Unity, pluginVersion=1.205.0
I0730 13:18:34.212608 16024 OVRTelemetry.cpp:61] Telemetry_Init: startSession completed successfully
I0730 13:18:37.502068 16024 OVRTelemetry.cpp:57] Telemetry_Init: calling startSession with engineName=Unity, pluginVersion=1.204.0
I0730 13:18:37.516100 16024 OVRTelemetry.cpp:61] Telemetry_Init: startSession completed successfully
ScheduleIndexationOnStartup MainProcess:True IndexOnStartup:True
Mono: successfully reloaded assembly
- Finished resetting the current domain, in 10.628 seconds
Domain Reload Profiling: 16033ms
	BeginReloadAssembly (432ms)
		DisableScriptedObjects (50ms)
		CreateAndSetChildDomain (184ms)
	RebuildCommonClasses (17ms)
	RebuildNativeTypeToScriptingClass (21ms)
	initialDomainReloadingComplete (85ms)
	LoadAllAssembliesAndSetupDomain (4849ms)
		LoadAssemblies (3910ms)
		AnalyzeDomain (842ms)
			TypeCache.Refresh (661ms)
				TypeCache.ScanAssembly (626ms)
			BuildScriptInfoCaches (162ms)
			ResolveRequiredComponents (16ms)
	FinalizeReload (10629ms)
		SetupLoadedEditorAssemblies (0ms)
			InitializePlatformSupportModulesInManaged (19ms)
			BeforeProcessingInitializeOnLoad (127ms)
			ProcessInitializeOnLoadAttributes (8868ms)
			ProcessInitializeOnLoadMethodAttributes (177ms)
			AfterProcessingInitializeOnLoad (7ms)
		AwakeInstancesAfterBackupRestoration (24ms)
Starting new worker id: 0 with log in C:/Users/User/InnvationChallenge/earth/My project (1)/Logs/AssetImportWorkerHW0.log

Asset Pipeline Refresh (id=56b1bf153a0d3e941832303e7d804bff): Total: 26.519 seconds - Initiated by InitialRefreshV2(ForceSynchronousImport)
	(Values over 0.05ms)
	Summary:
		Imports: total=0 (actual=0, local cache=0, cache server=0)
		Asset DB Process Time: managed=0 ms, native=17059 ms
		Asset DB Callback time: managed=831 ms, native=45 ms
		Scripting: domain reloads=1, domain reload time=5500 ms, compile time=2937 ms, other=143 ms
		Project Asset Count: scripts=3148, non-scripts=4758
		Asset File Changes: new=0, changed=0, moved=0, deleted=0
		Scan Filter Count: 0
	InvokePackagesCallback: 47.820ms
	ApplyChangesToAssetFolders: 0.773ms
	Scan: 602.032ms
	Collect global state as custom dependencies: 5.639ms
	CategorizeScriptCompilationAssets: 404.128ms
	ProcessAssetsWithTransientArtifactChanges: 225.332ms
	CategorizeAssets: 153.439ms
	CompileScripts: 2937.364ms
	ImportOutOfDateAssets: 11724.353ms (11616.158ms without children)
		UnloadImportedAssets: 2.770ms
		EnsureUptoDateAssetsAreRegisteredWithGuidPM: 2.115ms
		ImportSchedulerStart: 103.262ms
	PostProcessAllAssets: 832.030ms
		MonoPostProcessAllAssets: 831.967ms
			UniversalRenderPipelineGlobalSettingsPostprocessor.OnPostprocessAllAssets 14.249ms
			SyncVS.PostprocessSyncProject 4.427ms
			SpeedTree9Postprocessor.OnPostprocessAllAssets 2.258ms
			WindowAssetPostprocessingWatcher.OnPostprocessAllAssets 2.030ms
			EditModeScopePostprocessor.OnPostprocessAllAssets 1.022ms
			RenderPipelineGlobalSettingsPostprocessor.OnPostprocessAllAssets 0.812ms
			AssetPostProcessor.OnPostprocessAllAssets 0.682ms
			ShaderReflectionAssetPostProcessor.OnPostprocessAllAssets 0.470ms
			InputActionAssetPostprocessor.OnPostprocessAllAssets 0.282ms
			ReferencedClipsPostProcessor.OnPostprocessAllAssets 0.275ms
			ProjectSettingsPostprocessor.OnPostprocessAllAssets 0.241ms
			TerrainToolbarOverlayPostProcessor.OnPostprocessAllAssets 0.236ms
			AssetDatabaseCallbacks.OnPostprocessAllAssets 0.185ms
	UnloadStreamsBegin: 3.855ms
	PersistCurrentRevisions: 0.291ms
	GenerateScriptTypeHashes: 20.352ms
	GenerateScriptTypeSerializationHashes: 30.284ms
	Untracked: 9573.384ms

Application.AssetDatabase Initial Refresh End
Launched and connected shader compiler UnityShaderCompiler.exe after 0.08 seconds
Shader 'Meta/MRUK/Scene/HighlightsAndShadows': fallback shader 'Off' not found
Shader 'Oculus/OVRMRCameraFrameLit': fallback shader 'Alpha-Diffuse' not found
Scanning for USB devices : 6.417ms
Initializing Unity extensions:
[MODES] ModeService[none].Initialize
[MODES] ModeService[none].LoadModes
[MODES] Loading mode Default (0) for mode-current-id-My project (1)
Worker ready: AssetImportWorkerHW0 0
Unloading 36 Unused Serialized files (Serialized files now loaded: 0)
Loaded scene 'Assets/Backup.unity'
	Deserialize:            4149.155 ms
	Integration:            362.330 ms
	Integration of assets:  2.793 ms
	Thread Wait Time:       -0.003 ms
	Total Operation Time:   4514.273 ms
Unloading 10710 unused Assets / (9.9 MB). Loaded Objects now: 11954.
Memory consumption went from 0.86 GB to 0.85 GB.
Total: 30.643100 ms (FindLiveObjects: 3.393400 ms CreateObjectMapping: 4.442300 ms MarkObjects: 14.944900 ms  DeleteObjects: 7.587100 ms)

[LAYOUT] About to load UserSettings\Layouts\default-6000.dwlt, keepMainWindow=False
[LAYOUT] About to save layout C:\Users\User\InnvationChallenge\earth\My project (1)\UserSettings\Layouts\default-6000.dwlt
[LAYOUT] About to save layout C:/Users/User/AppData/Roaming/Unity/Editor-5.x/Preferences\Layouts\current\default-6000.dwlt
[MODES] ModeService[default].InitializeCurrentMode
[MODES] ModeService[default].RaiseModeChanged(default, default)
<RI> Initializing input.
Using Windows.Gaming.Input
[Project] Loading completed in 54.242 seconds
	Project init time: 				45.680 seconds
		Template init time: 		0.000 seconds
		Package Manager init time: 		5.640 seconds
		Asset Database init time: 		2.265 seconds
		Global illumination init time: 	0.012 seconds
		Assemblies load time: 			3.449 seconds
		Unity extensions init time: 	0.036 seconds
		Asset Database refresh time: 	26.519 seconds
	Scene opening time: 			8.226 seconds
##utp:{"type":"ProjectInfo","version":2,"phase":"Immediate","time":1785392332235,"processId":19604,"projectLoad":54.2423616,"projectInit":45.6796703,"templateInit":0.0,"packageManagerInit":5.6399537,"assetDatabaseInit":2.2648639,"globalIlluminationInit":0.0117113,"assembliesLoad":3.4486675,"unityExtensionsInit":0.0361863,"assetDatabaseRefresh":26.5191475,"sceneOpening":8.2256302}
##utp:{"type":"EditorInfo","version":2,"phase":"Immediate","time":1785392332236,"processId":19604,"editorVersion":"6000.5.4f1 (d550df8bd089)","branch":"6000.5/staging","buildType":"Release","platform":"Windows"}
Importing 'GUID: d956a18424719af428693dcac839750c - Path: Assets/XR/Settings/OpenXRPackageSettings.asset' with importer (NativeFormatImporter)
Imported 'GUID: d956a18424719af428693dcac839750c' -> (Import Result ID: '63f2c5159ec446263807be32d471a16b') in 0.018 seconds [static dependencies only]. Details - ImportResultOutputID=bcd7e65b8a6f7bb17c8fdf06d3ea7ee7 DependenciesID=38b861663893639e15ffaa625d484298 StaticDependenciesID=bd43422f6f446516a5e5d87368099876 
Refreshing native plugins compatible for Editor in 15.28 ms, found 21 plugins.
Unity memory allocator detected: MetaXRAudio native memory allocations will be tracked.
Preloading 2 native plugins for Editor in 2.17 ms.

Asset Pipeline Refresh (id=343702690ca5a4a4b9d6ec58d9c6a0da): Total: 0.509 seconds - Initiated by RefreshV2(AllowForceSynchronousImport)
	(Values over 0.05ms)
	Summary:
		Imports: total=1 (actual=1, local cache=0, cache server=0)
		Asset DB Process Time: managed=1 ms, native=210 ms
		Asset DB Callback time: managed=251 ms, native=44 ms
		Scripting: domain reloads=0, domain reload time=0 ms, compile time=0 ms, other=0 ms
		Project Asset Count: scripts=3148, non-scripts=4758
		Asset File Changes: new=0, changed=1, moved=0, deleted=0
		Scan Filter Count: 0
	InvokePackagesCallback: 1.451ms
	ApplyChangesToAssetFolders: 0.230ms
	Scan: 19.921ms
	Collect global state as custom dependencies: 0.141ms
	OnSourceAssetsModified: 1.858ms
	ProcessAssetsWithTransientArtifactChanges: 0.265ms
	CategorizeAssets: 70.828ms
	ImportOutOfDateAssets: 91.128ms (22.647ms without children)
		ImportManagerImport: 20.944ms (1.491ms without children)
		ReloadNativeAssets: 0.052ms
		UnloadImportedAssets: 0.082ms
		EnsureUptoDateAssetsAreRegisteredWithGuidPM: 1.109ms
		ImportSchedulerStart: 46.272ms
	PostProcessAllAssets: 276.637ms
		XRBuildSystem.XRAssetImported 24.262ms
		MonoPostProcessAllAssets: 251.131ms
			AssetPostprocessor.OnPostprocessAllAssets 183.056ms
			AssetCallbacks.OnPostprocessAllAssets 42.685ms
			AssetChangedListener.OnPostprocessAllAssets 6.483ms
			BuilderAssetPostprocessor.OnPostprocessAllAssets 5.113ms
			ShaderGraphAssetPostProcessor.OnPostprocessAllAssets 3.697ms
			RetainedModeAssetPostprocessor.OnPostprocessAllAssets 1.189ms
			TextAssetPostProcessor.OnPostprocessAllAssets 1.025ms
			MaterialPostprocessor.OnPostprocessAllAssets 0.851ms
			SyncVS.PostprocessSyncProject 0.619ms
			ArtifactBrowserPostProcessor.OnPostprocessAllAssets 0.478ms
			PostProcessor.OnPostprocessAllAssets 0.414ms
			UVCSAssetPostprocessor.OnPostprocessAllAssets 0.381ms
			InputActionJsonNameModifierAssetProcessor.OnPostprocessAllAssets 0.344ms
			TMPro_TexturePostProcessor.OnPostprocessAllAssets 0.287ms
			SpeedTreePostProcessor.OnPostprocessAllAssets 0.286ms
			AudioMixerPostprocessor.OnPostprocessAllAssets 0.278ms
			SceneRenameHandler.OnPostprocessAllAssets 0.243ms
			SampleDependencyImporterPostProcessor.OnPostprocessAllAssets 0.242ms
			SamplePostprocessor.OnPostprocessAllAssets 0.228ms
			WitConfigurationPostprocessor.OnPostprocessAllAssets 0.216ms
			StyleCatalogPostProcessor.OnPostprocessAllAssets 0.211ms
			ConfigAssetsTracker.OnPostprocessAllAssets 0.198ms
			AssetEvents.OnPostprocessAllAssets 0.185ms
			InputActionAssetPostprocessor.OnPostprocessAllAssets 0.183ms
			RenderPipelineGlobalSettingsPostprocessor.OnPostprocessAllAssets 0.132ms
			ScenarioDriftAssetsTracker.OnPostprocessAllAssets 0.116ms
			AudioContainerPostProcessor.OnPostprocessAllAssets 0.077ms
	PostAssetChangesProfiler: 18.190ms
	GatherAllCurrentPrimaryImportResultRevisions: 0.558ms
	UnloadStreamsBegin: 1.821ms
	PersistCurrentRevisions: 0.369ms
	Untracked: 20.907ms

[HRT] RulesProvider: loaded 4 remote rule(s) (schema v1).
UnityEngine.Debug:ExtractStackTraceNoAlloc (byte*,int,string)
UnityEngine.StackTraceUtility:ExtractStackTrace ()
UnityEngine.DebugLogHandler:Internal_Log (UnityEngine.LogType,UnityEngine.LogOption,string,UnityEngine.Object)
UnityEngine.DebugLogHandler:LogFormat (UnityEngine.LogType,UnityEngine.Object,string,object[])
UnityEngine.Logger:Log (UnityEngine.LogType,object)
UnityEngine.Debug:Log (object)
Meta.HandReadinessTool.Editor.HandReadinessRulesProvider:EmitSuccess (int,int) (at ./Library/PackageCache/com.meta.xr.sdk.core@c0efcbf2ba70/Editor/HandReadinessTool/HandReadinessRulesProvider.cs:175)
Meta.HandReadinessTool.Editor.HandReadinessRulesProvider/<FetchAndSwap>d__11:MoveNext () (at ./Library/PackageCache/com.meta.xr.sdk.core@c0efcbf2ba70/Editor/HandReadinessTool/HandReadinessRulesProvider.cs:125)
System.Runtime.CompilerServices.AsyncMethodBuilderCore/MoveNextRunner:InvokeMoveNext (object)
System.Threading.ExecutionContext:RunInternal (System.Threading.ExecutionContext,System.Threading.ContextCallback,object,bool)
System.Threading.ExecutionContext:Run (System.Threading.ExecutionContext,System.Threading.ContextCallback,object,bool)
System.Runtime.CompilerServices.AsyncMethodBuilderCore/MoveNextRunner:Run ()
System.Threading.Tasks.AwaitTaskContinuation:InvokeAction (object)
System.Threading.Tasks.AwaitTaskContinuation:RunCallback (System.Threading.ContextCallback,object,System.Threading.Tasks.Task&)
System.Threading.Tasks.SynchronizationContextAwaitTaskContinuation:Run (System.Threading.Tasks.Task,bool)
System.Threading.Tasks.Task:FinishContinuations ()
System.Threading.Tasks.Task:FinishStageThree ()
System.Threading.Tasks.Task`1<Meta.XR.Editor.RemoteContent.DownloadResult`1<Meta.HandReadinessTool.Editor.HandReadinessRulesProvider/RulesPayload>>:TrySetResult (Meta.XR.Editor.RemoteContent.DownloadResult`1<Meta.HandReadinessTool.Editor.HandReadinessRulesProvider/RulesPayload>)
System.Runtime.CompilerServices.AsyncTaskMethodBuilder`1<Meta.XR.Editor.RemoteContent.DownloadResult`1<Meta.HandReadinessTool.Editor.HandReadinessRulesProvider/RulesPayload>>:SetResult (Meta.XR.Editor.RemoteContent.DownloadResult`1<Meta.HandReadinessTool.Editor.HandReadinessRulesProvider/RulesPayload>)
Meta.XR.Editor.UserInterface.RemoteJsonContent`1/<Create>d__1<Meta.HandReadinessTool.Editor.HandReadinessRulesProvider/RulesPayload>:MoveNext () (at ./Library/PackageCache/com.meta.xr.sdk.core@c0efcbf2ba70/Editor/Utils/UserInterface/RemoteJsonContent.cs:56)
System.Runtime.CompilerServices.AsyncMethodBuilderCore/MoveNextRunner:InvokeMoveNext (object)
System.Threading.ExecutionContext:RunInternal (System.Threading.ExecutionContext,System.Threading.ContextCallback,object,bool)
System.Threading.ExecutionContext:Run (System.Threading.ExecutionContext,System.Threading.ContextCallback,object,bool)
System.Runtime.CompilerServices.AsyncMethodBuilderCore/MoveNextRunner:Run ()
System.Threading.Tasks.AwaitTaskContinuation:InvokeAction (object)
System.Threading.Tasks.AwaitTaskContinuation:RunCallback (System.Threading.ContextCallback,object,System.Threading.Tasks.Task&)
System.Threading.Tasks.SynchronizationContextAwaitTaskContinuation:Run (System.Threading.Tasks.Task,bool)
System.Threading.Tasks.Task:FinishContinuations ()
System.Threading.Tasks.Task:FinishStageThree ()
System.Threading.Tasks.Task`1<Meta.XR.Editor.RemoteContent.DownloadResult`1<string>>:TrySetResult (Meta.XR.Editor.RemoteContent.DownloadResult`1<string>)
System.Runtime.CompilerServices.AsyncTaskMethodBuilder`1<Meta.XR.Editor.RemoteContent.DownloadResult`1<string>>:SetResult (Meta.XR.Editor.RemoteContent.DownloadResult`1<string>)
Meta.XR.Editor.RemoteContent.RemoteJsonContentDownloader/<Fetch>d__3:MoveNext () (at ./Library/PackageCache/com.meta.xr.sdk.core@c0efcbf2ba70/Editor/Utils/RemoteContent/RemoteContentDownloader.cs:374)
System.Runtime.CompilerServices.AsyncMethodBuilderCore/MoveNextRunner:InvokeMoveNext (object)
System.Threading.ExecutionContext:RunInternal (System.Threading.ExecutionContext,System.Threading.ContextCallback,object,bool)
System.Threading.ExecutionContext:Run (System.Threading.ExecutionContext,System.Threading.ContextCallback,object,bool)
System.Runtime.CompilerServices.AsyncMethodBuilderCore/MoveNextRunner:Run ()
System.Threading.Tasks.AwaitTaskContinuation:InvokeAction (object)
System.Threading.Tasks.AwaitTaskContinuation:RunCallback (System.Threading.ContextCallback,object,System.Threading.Tasks.Task&)
System.Threading.Tasks.SynchronizationContextAwaitTaskContinuation:Run (System.Threading.Tasks.Task,bool)
System.Threading.Tasks.Task:FinishContinuations ()
System.Threading.Tasks.Task:FinishStageThree ()
System.Threading.Tasks.Task`1<Meta.XR.Editor.RemoteContent.DownloadResult`1<string>>:TrySetResult (Meta.XR.Editor.RemoteContent.DownloadResult`1<string>)
System.Runtime.CompilerServices.AsyncTaskMethodBuilder`1<Meta.XR.Editor.RemoteContent.DownloadResult`1<string>>:SetResult (Meta.XR.Editor.RemoteContent.DownloadResult`1<string>)
Meta.XR.Editor.RemoteContent.RemoteContentDownloader`1/<Fetch>d__31`1<Meta.XR.Editor.RemoteContent.RemoteJsonContentDownloader, string>:MoveNext () (at ./Library/PackageCache/com.meta.xr.sdk.core@c0efcbf2ba70/Editor/Utils/RemoteContent/RemoteContentDownloader.cs:309)
System.Runtime.CompilerServices.AsyncMethodBuilderCore/MoveNextRunner:InvokeMoveNext (object)
System.Threading.ExecutionContext:RunInternal (System.Threading.ExecutionContext,System.Threading.ContextCallback,object,bool)
System.Threading.ExecutionContext:Run (System.Threading.ExecutionContext,System.Threading.ContextCallback,object,bool)
System.Runtime.CompilerServices.AsyncMethodBuilderCore/MoveNextRunner:Run ()
System.Threading.Tasks.AwaitTaskContinuation:InvokeAction (object)
System.Threading.Tasks.AwaitTaskContinuation:RunCallback (System.Threading.ContextCallback,object,System.Threading.Tasks.Task&)
System.Threading.Tasks.SynchronizationContextAwaitTaskContinuation:Run (System.Threading.Tasks.Task,bool)
System.Threading.Tasks.Task:FinishContinuations ()
System.Threading.Tasks.Task:FinishStageThree ()
System.Threading.Tasks.Task`1<string>:TrySetResult (string)
System.Runtime.CompilerServices.AsyncTaskMethodBuilder`1<string>:SetResult (string)
Meta.XR.Editor.RemoteContent.RemoteJsonContentDownloader/<ReadFromCache>d__5`1<string>:MoveNext () (at ./Library/PackageCache/com.meta.xr.sdk.core@c0efcbf2ba70/Editor/Utils/RemoteContent/RemoteContentDownloader.cs:401)
System.Runtime.CompilerServices.AsyncMethodBuilderCore/MoveNextRunner:InvokeMoveNext (object)
System.Threading.ExecutionContext:RunInternal (System.Threading.ExecutionContext,System.Threading.ContextCallback,object,bool)
System.Threading.ExecutionContext:Run (System.Threading.ExecutionContext,System.Threading.ContextCallback,object,bool)
System.Runtime.CompilerServices.AsyncMethodBuilderCore/MoveNextRunner:Run ()
System.Threading.Tasks.SynchronizationContextAwaitTaskContinuation/<>c:<.cctor>b__7_0 (object)
UnityEngine.UnitySynchronizationContext/WorkRequest:Invoke ()
UnityEngine.UnitySynchronizationContext:Exec ()
UnityEngine.UnitySynchronizationContext:ExecuteTasks ()

(Filename: ./Library/PackageCache/com.meta.xr.sdk.core@c0efcbf2ba70/Editor/HandReadinessTool/HandReadinessRulesProvider.cs Line: 175)

[HRT] PromptProvider: loaded remote prompt (systemPrompt=4925c, references=2, schema v1).
UnityEngine.Debug:ExtractStackTraceNoAlloc (byte*,int,string)
UnityEngine.StackTraceUtility:ExtractStackTrace ()
UnityEngine.DebugLogHandler:Internal_Log (UnityEngine.LogType,UnityEngine.LogOption,string,UnityEngine.Object)
UnityEngine.DebugLogHandler:LogFormat (UnityEngine.LogType,UnityEngine.Object,string,object[])
UnityEngine.Logger:Log (UnityEngine.LogType,object)
UnityEngine.Debug:Log (object)
Meta.HandReadinessTool.Editor.HandReadinessPromptProvider:EmitSuccess (int,int,int) (at ./Library/PackageCache/com.meta.xr.sdk.core@c0efcbf2ba70/Editor/HandReadinessTool/HandReadinessPromptProvider.cs:159)
Meta.HandReadinessTool.Editor.HandReadinessPromptProvider/<FetchAndSwap>d__11:MoveNext () (at ./Library/PackageCache/com.meta.xr.sdk.core@c0efcbf2ba70/Editor/HandReadinessTool/HandReadinessPromptProvider.cs:122)
System.Runtime.CompilerServices.AsyncMethodBuilderCore/MoveNextRunner:InvokeMoveNext (object)
System.Threading.ExecutionContext:RunInternal (System.Threading.ExecutionContext,System.Threading.ContextCallback,object,bool)
System.Threading.ExecutionContext:Run (System.Threading.ExecutionContext,System.Threading.ContextCallback,object,bool)
System.Runtime.CompilerServices.AsyncMethodBuilderCore/MoveNextRunner:Run ()
System.Threading.Tasks.AwaitTaskContinuation:InvokeAction (object)
System.Threading.Tasks.AwaitTaskContinuation:RunCallback (System.Threading.ContextCallback,object,System.Threading.Tasks.Task&)
System.Threading.Tasks.SynchronizationContextAwaitTaskContinuation:Run (System.Threading.Tasks.Task,bool)
System.Threading.Tasks.Task:FinishContinuations ()
System.Threading.Tasks.Task:FinishStageThree ()
System.Threading.Tasks.Task`1<Meta.XR.Editor.RemoteContent.DownloadResult`1<Meta.HandReadinessTool.Editor.HandReadinessPromptProvider/PromptPayload>>:TrySetResult (Meta.XR.Editor.RemoteContent.DownloadResult`1<Meta.HandReadinessTool.Editor.HandReadinessPromptProvider/PromptPayload>)
System.Runtime.CompilerServices.AsyncTaskMethodBuilder`1<Meta.XR.Editor.RemoteContent.DownloadResult`1<Meta.HandReadinessTool.Editor.HandReadinessPromptProvider/PromptPayload>>:SetResult (Meta.XR.Editor.RemoteContent.DownloadResult`1<Meta.HandReadinessTool.Editor.HandReadinessPromptProvider/PromptPayload>)
Meta.XR.Editor.UserInterface.RemoteJsonContent`1/<Create>d__1<Meta.HandReadinessTool.Editor.HandReadinessPromptProvider/PromptPayload>:MoveNext () (at ./Library/PackageCache/com.meta.xr.sdk.core@c0efcbf2ba70/Editor/Utils/UserInterface/RemoteJsonContent.cs:56)
System.Runtime.CompilerServices.AsyncMethodBuilderCore/MoveNextRunner:InvokeMoveNext (object)
System.Threading.ExecutionContext:RunInternal (System.Threading.ExecutionContext,System.Threading.ContextCallback,object,bool)
System.Threading.ExecutionContext:Run (System.Threading.ExecutionContext,System.Threading.ContextCallback,object,bool)
System.Runtime.CompilerServices.AsyncMethodBuilderCore/MoveNextRunner:Run ()
System.Threading.Tasks.AwaitTaskContinuation:InvokeAction (object)
System.Threading.Tasks.AwaitTaskContinuation:RunCallback (System.Threading.ContextCallback,object,System.Threading.Tasks.Task&)
System.Threading.Tasks.SynchronizationContextAwaitTaskContinuation:Run (System.Threading.Tasks.Task,bool)
System.Threading.Tasks.Task:FinishContinuations ()
System.Threading.Tasks.Task:FinishStageThree ()
System.Threading.Tasks.Task`1<Meta.XR.Editor.RemoteContent.DownloadResult`1<string>>:TrySetResult (Meta.XR.Editor.RemoteContent.DownloadResult`1<string>)
System.Runtime.CompilerServices.AsyncTaskMethodBuilder`1<Meta.XR.Editor.RemoteContent.DownloadResult`1<string>>:SetResult (Meta.XR.Editor.RemoteContent.DownloadResult`1<string>)
Meta.XR.Editor.RemoteContent.RemoteJsonContentDownloader/<Fetch>d__3:MoveNext () (at ./Library/PackageCache/com.meta.xr.sdk.core@c0efcbf2ba70/Editor/Utils/RemoteContent/RemoteContentDownloader.cs:374)
System.Runtime.CompilerServices.AsyncMethodBuilderCore/MoveNextRunner:InvokeMoveNext (object)
System.Threading.ExecutionContext:RunInternal (System.Threading.ExecutionContext,System.Threading.ContextCallback,object,bool)
System.Threading.ExecutionContext:Run (System.Threading.ExecutionContext,System.Threading.ContextCallback,object,bool)
System.Runtime.CompilerServices.AsyncMethodBuilderCore/MoveNextRunner:Run ()
System.Threading.Tasks.AwaitTaskContinuation:InvokeAction (object)
System.Threading.Tasks.AwaitTaskContinuation:RunCallback (System.Threading.ContextCallback,object,System.Threading.Tasks.Task&)
System.Threading.Tasks.SynchronizationContextAwaitTaskContinuation:Run (System.Threading.Tasks.Task,bool)
System.Threading.Tasks.Task:FinishContinuations ()
System.Threading.Tasks.Task:FinishStageThree ()
System.Threading.Tasks.Task`1<Meta.XR.Editor.RemoteContent.DownloadResult`1<string>>:TrySetResult (Meta.XR.Editor.RemoteContent.DownloadResult`1<string>)
System.Runtime.CompilerServices.AsyncTaskMethodBuilder`1<Meta.XR.Editor.RemoteContent.DownloadResult`1<string>>:SetResult (Meta.XR.Editor.RemoteContent.DownloadResult`1<string>)
Meta.XR.Editor.RemoteContent.RemoteContentDownloader`1/<Fetch>d__31`1<Meta.XR.Editor.RemoteContent.RemoteJsonContentDownloader, string>:MoveNext () (at ./Library/PackageCache/com.meta.xr.sdk.core@c0efcbf2ba70/Editor/Utils/RemoteContent/RemoteContentDownloader.cs:309)
System.Runtime.CompilerServices.AsyncMethodBuilderCore/MoveNextRunner:InvokeMoveNext (object)
System.Threading.ExecutionContext:RunInternal (System.Threading.ExecutionContext,System.Threading.ContextCallback,object,bool)
System.Threading.ExecutionContext:Run (System.Threading.ExecutionContext,System.Threading.ContextCallback,object,bool)
System.Runtime.CompilerServices.AsyncMethodBuilderCore/MoveNextRunner:Run ()
System.Threading.Tasks.AwaitTaskContinuation:InvokeAction (object)
System.Threading.Tasks.AwaitTaskContinuation:RunCallback (System.Threading.ContextCallback,object,System.Threading.Tasks.Task&)
System.Threading.Tasks.SynchronizationContextAwaitTaskContinuation:Run (System.Threading.Tasks.Task,bool)
System.Threading.Tasks.Task:FinishContinuations ()
System.Threading.Tasks.Task:FinishStageThree ()
System.Threading.Tasks.Task`1<string>:TrySetResult (string)
System.Runtime.CompilerServices.AsyncTaskMethodBuilder`1<string>:SetResult (string)
Meta.XR.Editor.RemoteContent.RemoteJsonContentDownloader/<ReadFromCache>d__5`1<string>:MoveNext () (at ./Library/PackageCache/com.meta.xr.sdk.core@c0efcbf2ba70/Editor/Utils/RemoteContent/RemoteContentDownloader.cs:401)
System.Runtime.CompilerServices.AsyncMethodBuilderCore/MoveNextRunner:InvokeMoveNext (object)
System.Threading.ExecutionContext:RunInternal (System.Threading.ExecutionContext,System.Threading.ContextCallback,object,bool)
System.Threading.ExecutionContext:Run (System.Threading.ExecutionContext,System.Threading.ContextCallback,object,bool)
System.Runtime.CompilerServices.AsyncMethodBuilderCore/MoveNextRunner:Run ()
System.Threading.Tasks.SynchronizationContextAwaitTaskContinuation/<>c:<.cctor>b__7_0 (object)
UnityEngine.UnitySynchronizationContext/WorkRequest:Invoke ()
UnityEngine.UnitySynchronizationContext:Exec ()
UnityEngine.UnitySynchronizationContext:ExecuteTasks ()

(Filename: ./Library/PackageCache/com.meta.xr.sdk.core@c0efcbf2ba70/Editor/HandReadinessTool/HandReadinessPromptProvider.cs Line: 159)

Android Extension - Scanning For ADB Devices 2324 ms
Importing 'GUID: d956a18424719af428693dcac839750c - Path: Assets/XR/Settings/OpenXRPackageSettings.asset' with importer (NativeFormatImporter)
Imported 'GUID: d956a18424719af428693dcac839750c' -> (Import Result ID: '88bcd36b2460bf0f617670fadc33a49c') in 0.008 seconds [static dependencies only]. Details - ImportResultOutputID=bcd7e65b8a6f7bb17c8fdf06d3ea7ee7 DependenciesID=7abe9b0e162e57a3076ff90b0e4d5caf StaticDependenciesID=9f1635b36792e6b3964f847f8787c45e 
Refreshing native plugins compatible for Editor in 22.96 ms, found 21 plugins.
Asset Pipeline Refresh (id=6b27531b438333e4cb26c5c2b0e0b0f2): Total: 0.238 seconds - Initiated by StopAssetImportingV2(NoUpdateAssetOptions)
Importing 'GUID: d956a18424719af428693dcac839750c - Path: Assets/XR/Settings/OpenXRPackageSettings.asset' with importer (NativeFormatImporter)
Imported 'GUID: d956a18424719af428693dcac839750c' -> (Import Result ID: '88bcd36b2460bf0f617670fadc33a49c') in 0.003 seconds [static dependencies only]. Details - ImportResultOutputID=bcd7e65b8a6f7bb17c8fdf06d3ea7ee7 DependenciesID=7abe9b0e162e57a3076ff90b0e4d5caf StaticDependenciesID=9f1635b36792e6b3964f847f8787c45e 
Refreshing native plugins compatible for Editor in 13.98 ms, found 21 plugins.
Asset Pipeline Refresh (id=d397dea0bceaa8f4ca16b97f85e0c7ea): Total: 0.197 seconds - Initiated by StopAssetImportingV2(NoUpdateAssetOptions)
<color=cyan>[VR Auto-Setup] Configuring OpenXR & VR Headset settings...</color>
UnityEngine.Debug:ExtractStackTraceNoAlloc (byte*,int,string)
UnityEngine.StackTraceUtility:ExtractStackTrace ()
UnityEngine.DebugLogHandler:Internal_Log (UnityEngine.LogType,UnityEngine.LogOption,string,UnityEngine.Object)
UnityEngine.DebugLogHandler:LogFormat (UnityEngine.LogType,UnityEngine.Object,string,object[])
UnityEngine.Logger:Log (UnityEngine.LogType,object)
UnityEngine.Debug:Log (object)
SolarSystemScope.VROpenXRAutoSetup:EnsureVROpenXRConfigured () (at Assets/Scripts/VROpenXRAutoSetup.cs:24)
UnityEditor.EditorApplication:Internal_CallDelayFunctions ()

(Filename: Assets/Scripts/VROpenXRAutoSetup.cs Line: 24)

<color=green>[VR Auto-Setup] Standalone PC OpenXR Manager Active!</color>
UnityEngine.Debug:ExtractStackTraceNoAlloc (byte*,int,string)
UnityEngine.StackTraceUtility:ExtractStackTrace ()
UnityEngine.DebugLogHandler:Internal_Log (UnityEngine.LogType,UnityEngine.LogOption,string,UnityEngine.Object)
UnityEngine.DebugLogHandler:LogFormat (UnityEngine.LogType,UnityEngine.Object,string,object[])
UnityEngine.Logger:Log (UnityEngine.LogType,object)
UnityEngine.Debug:Log (object)
SolarSystemScope.EditorXRSettingsUtility:EnableOpenXRForStandalone () (at Assets/Scripts/VROpenXRAutoSetup.cs:42)
SolarSystemScope.VROpenXRAutoSetup:EnsureVROpenXRConfigured () (at Assets/Scripts/VROpenXRAutoSetup.cs:29)
UnityEditor.EditorApplication:Internal_CallDelayFunctions ()

(Filename: Assets/Scripts/VROpenXRAutoSetup.cs Line: 42)

<color=cyan>[Solar System Scope] Generating 3D Solar System...</color>
UnityEngine.Debug:ExtractStackTraceNoAlloc (byte*,int,string)
UnityEngine.StackTraceUtility:ExtractStackTrace ()
UnityEngine.DebugLogHandler:Internal_Log (UnityEngine.LogType,UnityEngine.LogOption,string,UnityEngine.Object)
UnityEngine.DebugLogHandler:LogFormat (UnityEngine.LogType,UnityEngine.Object,string,object[])
UnityEngine.Logger:Log (UnityEngine.LogType,object)
UnityEngine.Debug:Log (object)
SolarSystemScope.SolarSystemBootstrapper:AutoSetupSolarSystemOnPlay () (at Assets/Scripts/SolarSystemBootstrapper.cs:81)
SolarSystemScope.SolarSystemMenu:CleanSceneInEditor () (at Assets/Editor/SolarSystemMenu.cs:58)
UnityEditor.EditorApplication:Internal_CallDelayFunctions ()

(Filename: Assets/Scripts/SolarSystemBootstrapper.cs Line: 81)

AcceleratorClientConnectionCallback - disconnected - :0
Importing 'GUID: 00000000000000009000000000000000 - Path: ProjectSettings/QualitySettings.asset' with importer (LibraryAssetImporter)
Imported 'GUID: 00000000000000009000000000000000' -> (Import Result ID: '9f3fd9cd9f480c9b17470c3ee632b3fe') in 0.002 seconds [static dependencies only]. Details - ImportResultOutputID=7b12711da11c94ad897442b4820d3f7b DependenciesID=7a68e27ab109809ebf8adb9a3b8d7def StaticDependenciesID=b7b03d1e606dbdf194bd398bc2a96c63 
Importing 'GUID: d956a18424719af428693dcac839750c - Path: Assets/XR/Settings/OpenXRPackageSettings.asset' with importer (NativeFormatImporter)
Imported 'GUID: d956a18424719af428693dcac839750c' -> (Import Result ID: '88bcd36b2460bf0f617670fadc33a49c') in 0.002 seconds [static dependencies only]. Details - ImportResultOutputID=bcd7e65b8a6f7bb17c8fdf06d3ea7ee7 DependenciesID=7abe9b0e162e57a3076ff90b0e4d5caf StaticDependenciesID=9f1635b36792e6b3964f847f8787c45e 
Refreshing native plugins compatible for Editor in 20.68 ms, found 21 plugins.
Asset Pipeline Refresh (id=060b3cf67f0476240abe559adcd7872a): Total: 0.216 seconds - Initiated by StopAssetImportingV2(NoUpdateAssetOptions)
Importing 'GUID: cb05afcdd457ccd4494135c17da93b90 - Path: Assets/Backup.unity' with importer (DefaultImporter)
Imported 'GUID: cb05afcdd457ccd4494135c17da93b90' -> (Import Result ID: '1fd1974dbca7d196e9914d0f0fd94da6') in 0.008 seconds [static dependencies only]. Details - ImportResultOutputID=96b1cdd428cacc72b7d15217389e66f7 DependenciesID=8985ed27e175aec2eb8322618399e03f StaticDependenciesID=ea9897cf66d890b2c0647567718fc52c 
Refreshing native plugins compatible for Editor in 15.51 ms, found 21 plugins.

Asset Pipeline Refresh (id=76bd14705588fff40a7975cb3f33cafd): Total: 0.313 seconds - Initiated by StopAssetImportingV2(NoUpdateAssetOptions)
	(Values over 0.05ms)
	Summary:
		Imports: total=1 (actual=1, local cache=0, cache server=0)
		Asset DB Process Time: managed=0 ms, native=292 ms
		Asset DB Callback time: managed=1 ms, native=19 ms
		Scripting: domain reloads=0, domain reload time=0 ms, compile time=0 ms, other=0 ms
		Project Asset Count: scripts=3148, non-scripts=4758
		Asset File Changes: new=0, changed=1, moved=0, deleted=0
		Scan Filter Count: 2
	ApplyChangesToAssetFolders: 0.171ms
	Scan: 170.920ms
	Collect global state as custom dependencies: 0.067ms
	OnSourceAssetsModified: 0.076ms
	ProcessAssetsWithTransientArtifactChanges: 0.090ms
	CategorizeAssets: 25.278ms
	ImportOutOfDateAssets: 88.053ms (20.233ms without children)
		ImportManagerImport: 11.925ms (0.570ms without children)
		ReloadNativeAssets: 0.188ms
		UnloadImportedAssets: 0.212ms
		EnsureUptoDateAssetsAreRegisteredWithGuidPM: 1.256ms
		ImportSchedulerStart: 54.213ms
	PostProcessAllAssets: 4.386ms
		XRBuildSystem.XRAssetImported 3.247ms
		MonoPostProcessAllAssets: 1.011ms
			SyncVS.PostprocessSyncProject 0.423ms
			AssetPostprocessor.OnPostprocessAllAssets 0.077ms
			RenderPipelineGlobalSettingsPostprocessor.OnPostprocessAllAssets 0.066ms
			AssetChangedListener.OnPostprocessAllAssets 0.051ms
			ShaderGraphAssetPostProcessor.OnPostprocessAllAssets 0.050ms
	PostAssetChangesProfiler: 16.054ms
	GatherAllCurrentPrimaryImportResultRevisions: 0.614ms
	PersistCurrentRevisions: 0.449ms
	Untracked: 7.107ms

<color=green>[Solar System Scope] Cleaned scene and built 3D Solar System successfully!</color>
UnityEngine.Debug:ExtractStackTraceNoAlloc (byte*,int,string)
UnityEngine.StackTraceUtility:ExtractStackTrace ()
UnityEngine.DebugLogHandler:Internal_Log (UnityEngine.LogType,UnityEngine.LogOption,string,UnityEngine.Object)
UnityEngine.DebugLogHandler:LogFormat (UnityEngine.LogType,UnityEngine.Object,string,object[])
UnityEngine.Logger:Log (UnityEngine.LogType,object)
UnityEngine.Debug:Log (object)
SolarSystemScope.SolarSystemMenu:CleanSceneInEditor () (at Assets/Editor/SolarSystemMenu.cs:68)
UnityEditor.EditorApplication:Internal_CallDelayFunctions ()

(Filename: Assets/Editor/SolarSystemMenu.cs Line: 68)

[TestRunnerTools] Callbacks registered after domain reload
UnityEngine.Debug:ExtractStackTraceNoAlloc (byte*,int,string)
UnityEngine.StackTraceUtility:ExtractStackTrace ()
UnityEngine.DebugLogHandler:Internal_Log (UnityEngine.LogType,UnityEngine.LogOption,string,UnityEngine.Object)
UnityEngine.DebugLogHandler:LogFormat (UnityEngine.LogType,UnityEngine.Object,string,object[])
UnityEngine.Logger:Log (UnityEngine.LogType,object)
UnityEngine.Debug:Log (object)
Meta.MCPBridge.Editor.TestRunnerTools:EnsureCallbacksRegistered () (at ./Library/PackageCache/com.meta.xr.sdk.core@c0efcbf2ba70/Editor/MCPBridge/TestRunnerTools.cs:108)
Meta.MCPBridge.Editor.TestRunnerTools:InitializeOnMainThread () (at ./Library/PackageCache/com.meta.xr.sdk.core@c0efcbf2ba70/Editor/MCPBridge/TestRunnerTools.cs:95)
UnityEditor.EditorApplication:Internal_CallDelayFunctions ()

(Filename: ./Library/PackageCache/com.meta.xr.sdk.core@c0efcbf2ba70/Editor/MCPBridge/TestRunnerTools.cs Line: 108)

[TestRunnerTools] Cache loaded from EditorPrefs: RunId=, IsRunning=False
UnityEngine.Debug:ExtractStackTraceNoAlloc (byte*,int,string)
UnityEngine.StackTraceUtility:ExtractStackTrace ()
UnityEngine.DebugLogHandler:Internal_Log (UnityEngine.LogType,UnityEngine.LogOption,string,UnityEngine.Object)
UnityEngine.DebugLogHandler:LogFormat (UnityEngine.LogType,UnityEngine.Object,string,object[])
UnityEngine.Logger:Log (UnityEngine.LogType,object)
UnityEngine.Debug:Log (object)
Meta.MCPBridge.Editor.TestRunnerTools:LoadCacheFromEditorPrefsUnsafe () (at ./Library/PackageCache/com.meta.xr.sdk.core@c0efcbf2ba70/Editor/MCPBridge/TestRunnerTools.cs:169)
Meta.MCPBridge.Editor.TestRunnerTools:EnsureCacheInitialized () (at ./Library/PackageCache/com.meta.xr.sdk.core@c0efcbf2ba70/Editor/MCPBridge/TestRunnerTools.cs:132)
Meta.MCPBridge.Editor.TestRunnerTools:get_IsRunning () (at ./Library/PackageCache/com.meta.xr.sdk.core@c0efcbf2ba70/Editor/MCPBridge/TestRunnerTools.cs:191)
Meta.MCPBridge.Editor.TestRunnerTools:EnsureCallbacksRegistered () (at ./Library/PackageCache/com.meta.xr.sdk.core@c0efcbf2ba70/Editor/MCPBridge/TestRunnerTools.cs:112)
Meta.MCPBridge.Editor.TestRunnerTools:InitializeOnMainThread () (at ./Library/PackageCache/com.meta.xr.sdk.core@c0efcbf2ba70/Editor/MCPBridge/TestRunnerTools.cs:95)
UnityEditor.EditorApplication:Internal_CallDelayFunctions ()

(Filename: ./Library/PackageCache/com.meta.xr.sdk.core@c0efcbf2ba70/Editor/MCPBridge/TestRunnerTools.cs Line: 169)

[Licensing::Client] Successfully resolved entitlement details
Start Indexing on Editor startup
[Indexing] Starting Initial Indexing for Assets
[Licensing::Client] Successfully resolved entitlement details
Request Asset Garbage Collect because used heap size increased from 0.85 GB to 1.41 GB, exceeding the threshold of 256.0 MB.
Unloading 53 Unused Serialized files (Serialized files now loaded: 0)
Created GICache directory at C:/Users/User/AppData/LocalLow/Unity/Caches/GiCache. Took: 0.049s, timestamps: [54.777 - 54.826]
Unloading 377 unused Assets / (81.8 MB). Loaded Objects now: 16692.
Memory consumption went from 1.41 GB to 1.33 GB.
Total: 51.777400 ms (FindLiveObjects: 0.707000 ms CreateObjectMapping: 2.242900 ms MarkObjects: 35.468700 ms  DeleteObjects: 13.356400 ms)

[Licensing::Client] Successfully resolved entitlement details
[Licensing::Client] Successfully resolved entitlement details
[Licensing::Client] Successfully resolved entitlement details
[Licensing::Client] Successfully resolved entitlement details
[Licensing::Client] Successfully resolved entitlement details
[Licensing::Client] Successfully resolved entitlement details
Starting new worker id: 1 with log in C:/Users/User/InnvationChallenge/earth/My project (1)/Logs/AssetImportWorkerHW1.log
[Licensing::Client] Successfully updated the access token
[Licensing::Module] Successfully updated access token: "KAsn4OVq"... (expires: 2026-07-30T08:17:19Z)
[Worker0] Imported GUID: 811b870301828b44ab63575156ec2d15 - Path: Assets/Scripts/PlanetSurfaceExplorer.cs - Importer: ScriptedImporter/UnityEditor.QuickSearchModule:UnityEditor.Search:ASIAI0B -> (ImportResultId: 'b89a718a9d2e9ad01bfa466d4cf75bf3') in 0.1428048 seconds
Starting new worker id: 2 with log in C:/Users/User/InnvationChallenge/earth/My project (1)/Logs/AssetImportWorkerHW2.log
[Worker0] Imported GUID: 6699f3212cc53ba45a26b0a8a155c6ac - Path: Assets/Scripts/SolarSystemBootstrapper.cs - Importer: ScriptedImporter/UnityEditor.QuickSearchModule:UnityEditor.Search:ASIAI0B -> (ImportResultId: '606847ce5f58689fa2f1000fa679ba74') in 0.0356342 seconds
[Worker0] Imported GUID: 9d280a0007dbe374c8d89bb59b9b3a58 - Path: Assets/Scripts/SolarSystemCameraController.cs - Importer: ScriptedImporter/UnityEditor.QuickSearchModule:UnityEditor.Search:ASIAI0B -> (ImportResultId: '116b66d58b119b3f833a2f72adcec3a5') in 0.0249895 seconds
Android Extension - Scanning For ADB Devices 266 ms
[Worker0] Imported GUID: f998160efd1f6d14b9ae41c270ab0788 - Path: Assets/Scripts/PlanetLabelManager.cs - Importer: ScriptedImporter/UnityEditor.QuickSearchModule:UnityEditor.Search:ASIAI0B -> (ImportResultId: '72b81d4dcf2a94bfdfe2d869884dcb44') in 0.0190904 seconds
[Project Setup Tool] There are 4 outstanding Required fixes.
For more information, go to <a href="OpenProjectSetupTool">Edit > Project Settings > Meta XR</a>
UnityEngine.Debug:ExtractStackTraceNoAlloc (byte*,int,string)
UnityEngine.StackTraceUtility:ExtractStackTrace ()
UnityEngine.DebugLogHandler:Internal_Log (UnityEngine.LogType,UnityEngine.LogOption,string,UnityEngine.Object)
UnityEngine.DebugLogHandler:LogFormat (UnityEngine.LogType,UnityEngine.Object,string,object[])
UnityEngine.Logger:Log (UnityEngine.LogType,object)
UnityEngine.Debug:LogWarning (object)
OVRConfigurationTaskUpdaterSummary:Log () (at ./Library/PackageCache/com.meta.xr.sdk.core@c0efcbf2ba70/Editor/OVRProjectSetup/Tasks/Processors/OVRConfigurationTaskUpdaterSummary.cs:234)
OVRConfigurationTaskUpdater:Complete () (at ./Library/PackageCache/com.meta.xr.sdk.core@c0efcbf2ba70/Editor/OVRProjectSetup/Tasks/Processors/OVRConfigurationTaskUpdater.cs:129)
OVRConfigurationTaskProcessorQueue:Dequeue (OVRConfigurationTaskProcessor) (at ./Library/PackageCache/com.meta.xr.sdk.core@c0efcbf2ba70/Editor/OVRProjectSetup/Tasks/Processors/OVRConfigurationTaskProcessorQueue.cs:115)
OVRConfigurationTaskProcessorQueue:Update () (at ./Library/PackageCache/com.meta.xr.sdk.core@c0efcbf2ba70/Editor/OVRProjectSetup/Tasks/Processors/OVRConfigurationTaskProcessorQueue.cs:136)
UnityEditor.EditorApplication:Internal_CallUpdateFunctions ()

(Filename: ./Library/PackageCache/com.meta.xr.sdk.core@c0efcbf2ba70/Editor/OVRProjectSetup/Tasks/Processors/OVRConfigurationTaskUpdaterSummary.cs Line: 234)

Attempted to call .Dispose on an already disposed CancellationTokenSource
[Project Setup Tool] There are 2 outstanding Required fixes.
For more information, go to <a href="OpenProjectSetupTool">Edit > Project Settings > Meta XR</a>
UnityEngine.Debug:ExtractStackTraceNoAlloc (byte*,int,string)
UnityEngine.StackTraceUtility:ExtractStackTrace ()
UnityEngine.DebugLogHandler:Internal_Log (UnityEngine.LogType,UnityEngine.LogOption,string,UnityEngine.Object)
UnityEngine.DebugLogHandler:LogFormat (UnityEngine.LogType,UnityEngine.Object,string,object[])
UnityEngine.Logger:Log (UnityEngine.LogType,object)
UnityEngine.Debug:LogWarning (object)
OVRConfigurationTaskUpdaterSummary:Log () (at ./Library/PackageCache/com.meta.xr.sdk.core@c0efcbf2ba70/Editor/OVRProjectSetup/Tasks/Processors/OVRConfigurationTaskUpdaterSummary.cs:234)
OVRConfigurationTaskUpdater:Complete () (at ./Library/PackageCache/com.meta.xr.sdk.core@c0efcbf2ba70/Editor/OVRProjectSetup/Tasks/Processors/OVRConfigurationTaskUpdater.cs:129)
OVRConfigurationTaskProcessorQueue:Dequeue (OVRConfigurationTaskProcessor) (at ./Library/PackageCache/com.meta.xr.sdk.core@c0efcbf2ba70/Editor/OVRProjectSetup/Tasks/Processors/OVRConfigurationTaskProcessorQueue.cs:115)
OVRConfigurationTaskProcessorQueue:Update () (at ./Library/PackageCache/com.meta.xr.sdk.core@c0efcbf2ba70/Editor/OVRProjectSetup/Tasks/Processors/OVRConfigurationTaskProcessorQueue.cs:136)
UnityEditor.EditorApplication:Internal_CallUpdateFunctions ()

(Filename: ./Library/PackageCache/com.meta.xr.sdk.core@c0efcbf2ba70/Editor/OVRProjectSetup/Tasks/Processors/OVRConfigurationTaskUpdaterSummary.cs Line: 234)

Android Extension - Scanning For ADB Devices 305 ms
[Licensing::Client] Successfully resolved entitlement details
[Licensing::Client] Successfully resolved entitlement details
[Licensing::Client] Successfully resolved entitlement details
[Licensing::Client] Successfully resolved entitlement details
[Licensing::Client] Successfully resolved entitlement details
[Licensing::Client] Successfully resolved entitlement details
[Licensing::Client] Successfully resolved entitlement details
[Licensing::Client] Successfully resolved entitlement details
[Licensing::Client] Successfully resolved entitlement details
UPID Received 'a71e73b8-e509-432a-9909-3fdc3814ea85'.
Android Extension - Scanning For ADB Devices 357 ms
[Licensing::Client] Successfully resolved entitlement details
Worker ready: AssetImportWorkerHW2 2
Worker ready: AssetImportWorkerHW1 1
[Worker0] Imported GUID: cb05afcdd457ccd4494135c17da93b90 - Path: Assets/Backup.unity - Importer: ScriptedImporter/UnityEditor.QuickSearchModule:UnityEditor.Search:ASIAI0B -> (ImportResultId: '62b5665574fed89f538ab444eaf23d01') in 13.7541967 seconds
[Worker0] Imported GUID: 63d7a3074516ce543aa430a10bf47a02 - Path: Assets/Scripts/PlanetProximityExplorer.cs - Importer: ScriptedImporter/UnityEditor.QuickSearchModule:UnityEditor.Search:ASIAI0B -> (ImportResultId: 'd822dc4ac9776e3f87a5f9bd690d3656') in 0.0363087 seconds
[Worker1] Imported GUID: 5174b863b1116614593c5ba613ee0202 - Path: Packages/com.meta.xr.sdk.interaction/Runtime/Sample/Objects/Environment/Room/Models/backgroundSkyDome.fbx - Importer: PreviewImporter -> (ImportResultId: '1905bb158bf0f943e56d530081e65686') in 1.3022826 seconds
[Worker0] Imported GUID: b9ae429aca254fa41966db24b9e53232 - Path: Packages/com.unity.render-pipelines.core/Runtime/RenderPipelineResources/Mesh/BackgroundMesh.fbx - Importer: PreviewImporter -> (ImportResultId: '12c14956f0a1e230b8424d878692ad66') in 1.3304762 seconds
[Worker1] Imported GUID: 2b65669b2ea8c2a4f98c14c2873b1d97 - Path: Packages/com.meta.xr.sdk.interaction/Runtime/Meshes/Locomotion/LocomotionCross.fbx - Importer: PreviewImporter -> (ImportResultId: 'b270526fbbabe9a8a56753a80d064c00') in 0.0763468 seconds
[Worker0] Imported GUID: 2d1094ca45d7fbb4bb2fc2ba8b406ba0 - Path: Packages/com.meta.xr.sdk.interaction/Runtime/Sample/Objects/Props/Cube/Models/CubeMesh.fbx - Importer: PreviewImporter -> (ImportResultId: '390dfa6c0f0566a7091b25036b831def') in 0.0770841 seconds
[Worker2] Imported GUID: 7d83cba011175b348a00dd821fe8cddd - Path: Packages/com.meta.xr.sdk.core/Editor/BuildingBlocks/BlockData/SampleSpatialAnchorController/Meshs/AnchorModel.fbx - Importer: PreviewImporter -> (ImportResultId: '29b0db9c2a9da87a666c1f0f4eb735f9') in 1.5647899 seconds
[Worker1] Imported GUID: 5b25e751187aed74499ddb0afb0dc5a3 - Path: Packages/com.meta.xr.sdk.interaction/Runtime/Sample/Materials/DebugBody.fbx - Importer: PreviewImporter -> (ImportResultId: '6b33f0c8a507fff961fc996c9ea4f702') in 0.1434992 seconds
[Worker1] Imported GUID: 48df1ae397f9bdd4ea4d2edc2d118061 - Path: Packages/com.meta.xr.sdk.interaction/Runtime/Sample/Objects/Props/Doll/Models/Doll.fbx - Importer: PreviewImporter -> (ImportResultId: 'a99728aab778a7606d6ffaf97da14e80') in 0.075045 seconds
[Worker1] Imported GUID: 9e1c97fc44f9a8744b61b58f72c56de4 - Path: Packages/com.unity.render-pipelines.core/Editor/Resources/DebugProbe.fbx - Importer: PreviewImporter -> (ImportResultId: '9554b27808a1b43291bb7e9bf5dbea3b') in 0.0355075 seconds
[Worker1] Imported GUID: f5ceaf081c5af184cb5b44b9e95931f8 - Path: Packages/com.meta.xr.sdk.interaction/Runtime/Sample/Objects/Props/IconBox/Models/iconBoxMesh.fbx - Importer: PreviewImporter -> (ImportResultId: '117384fde0bd009d3cd231d1a3d1259b') in 0.0641945 seconds
[Worker1] Imported GUID: d4a9567b63f402344be887b1a296bcc6 - Path: Packages/com.meta.xr.sdk.interaction/Runtime/Sample/Objects/Props/Materials/DefaultMaterial.fbx - Importer: PreviewImporter -> (ImportResultId: 'c9f26d39ede32da1507bef2f216f8d22') in 0.0559196 seconds
[Worker1] Imported GUID: fc0fd19b38dfb6a4ba0336bf7b518c8e - Path: Packages/com.meta.xr.sdk.interaction/Runtime/Meshes/Locomotion/LocomotionPointer.fbx - Importer: PreviewImporter -> (ImportResultId: '1d27715351d45484a0d3fc695d824a8c') in 0.0763736 seconds
[Worker2] Imported GUID: 055b4edebb104c34c842d52b42aca235 - Path: Packages/com.meta.xr.sdk.interaction/Runtime/Sample/Objects/Props/CoffeeCup/CoffeeCupFractured.fbx - Importer: PreviewImporter -> (ImportResultId: 'a6ab45fbfd2dc713a832025c68c2f6f9') in 0.4126302 seconds
[Worker2] Imported GUID: 0149d0c06fc814c9abda2f5a244f6d81 - Path: Packages/com.meta.xr.sdk.interaction/Runtime/Sample/Objects/Environment/Screen/Materials/FrameMaterial.fbx - Importer: PreviewImporter -> (ImportResultId: 'd34fb6af3f4ae3519b02b12949fa898c') in 0.0759674 seconds
[Worker2] Imported GUID: cd73f6b8f40287b4098cc37be5584120 - Path: Packages/com.meta.xr.sdk.interaction/Runtime/Sample/Objects/Props/MapWithPins/Models/Map.fbx - Importer: PreviewImporter -> (ImportResultId: '050bc865b8a7fa29c2d954d8617507a7') in 0.0477839 seconds
[Worker1] Imported GUID: d1388ed1b34adcf4091263a34d4237d4 - Path: Packages/com.meta.xr.sdk.interaction/Runtime/Sample/Objects/Props/CoffeeCup/CoffeeCupHulls.fbx - Importer: PreviewImporter -> (ImportResultId: '20609b32563b883c78dd4e0f8a638c72') in 0.2959038 seconds
[Worker2] Imported GUID: c7efe93ace20306458c529399e686c35 - Path: Packages/com.meta.xr.sdk.interaction/Runtime/Sample/Meshes/debug_full_body.fbx - Importer: PreviewImporter -> (ImportResultId: '228ef540602ce841c70fdf961bd349a1') in 0.1195588 seconds
[Worker1] Imported GUID: 2ae051fef5184a0468090e879c694ddc - Path: Packages/com.meta.xr.sdk.core/Scripts/BuildingBlocks/MultiplayerBlocks/Shared/Colocation/ColocationPackage/Prefabs/AnchorLeft.mat - Importer: PreviewImporter -> (ImportResultId: '23b71089227b98533c8594b1673820e5') in 0.0693913 seconds
[Worker2] Imported GUID: 8e56f14f968be7649b8eb1d9550d5c9e - Path: Packages/com.meta.xr.sdk.core/Editor/BuildingBlocks/BlockData/AIBlocks/ImageSegmentation/Materials/3DSegmentationMask.mat - Importer: PreviewImporter -> (ImportResultId: 'f759c36f86da684781bd2cc76989b3a2') in 5.6392918 seconds
[Worker0] Imported GUID: 19820425148e24c4cbf2794200966cca - Path: Packages/com.meta.xr.sdk.interaction/Runtime/Sample/Objects/Props/Doll/Materials/DollMat.fbx - Importer: PreviewImporter -> (ImportResultId: '700c10a1c56e856e603f2230f5813747') in 6.5314486 seconds
[Worker2] Imported GUID: a1c25e8e73c7f8f42a98e91dd31d27d8 - Path: Packages/com.meta.xr.sdk.core/Editor/BuildingBlocks/BlockData/RoomModel/Materials/Blue.mat - Importer: PreviewImporter -> (ImportResultId: '7c2af58f1b833ebc62efd82a6cda369a') in 0.1142795 seconds
[Worker0] Imported GUID: 49b00ee46c5392846bbbc236c515acf0 - Path: Packages/com.meta.xr.sdk.core/Editor/BuildingBlocks/BlockData/SampleSpatialAnchorController/Materials/Blue.mat - Importer: PreviewImporter -> (ImportResultId: '7b98f61e938e6bce75ffdd3ec37ee774') in 0.0810177 seconds
[Worker2] Imported GUID: 3abd38e0d18db6c49b2c96961d69d024 - Path: Packages/com.meta.xr.sdk.core/Meshes/MetaQuestTouchPro/Materials/batteryIndicator_mat.mat - Importer: PreviewImporter -> (ImportResultId: '43643cf562d16fe5e1129cbfc049dd33') in 0.0876054 seconds
[Worker2] Imported GUID: 4f1ef37ae953c484bbc5d5e4049147e5 - Path: Packages/com.unity.render-pipelines.universal/Editor/SceneTemplates/Materials/Black.mat - Importer: PreviewImporter -> (ImportResultId: '5bddc464afdcb2f9fba53f44f26d03f1') in 0.0613407 seconds
[Worker0] Imported GUID: d786d4ccd0847a64f80d21ee6b07874f - Path: Packages/com.meta.xr.sdk.interaction/Runtime/Sample/Objects/Props/BigStone/Materials/BigStoneMat.mat - Importer: PreviewImporter -> (ImportResultId: '9b86d97cb54e3875e59ba978e092915d') in 0.1219042 seconds
[Worker2] Imported GUID: f55c0510071df304a9c250b081e5efca - Path: Packages/com.meta.xr.mrutilitykit/Core/Materials/BlobShadow.mat - Importer: PreviewImporter -> (ImportResultId: '6989d2ee4dd9af07e96cddec53243bc3') in 0.1575481 seconds
[Worker0] Imported GUID: b94f320279ee72b4f93f5f8ea54370f1 - Path: Packages/com.meta.xr.sdk.core/Editor/BuildingBlocks/BlockData/AIBlocks/ObjectDetection/Materials/BoundingBoxMaterial.mat - Importer: PreviewImporter -> (ImportResultId: 'c58f3e879414ef885612320d7ccb0b4f') in 0.1418197 seconds
[Worker2] Imported GUID: c703a789a976640a0bb1213664b73ebe - Path: Packages/com.meta.xr.sdk.interaction/Runtime/Sample/Objects/Props/CoffeeCup/CoffeeCupMat.fbx - Importer: PreviewImporter -> (ImportResultId: '9177a4f6b1a61695adcf59ee84cc51a3') in 0.1404415 seconds
[Worker0] Imported GUID: dffb75200a9c0da4ea0ddfa9d7060cb3 - Path: Packages/com.meta.xr.sdk.interaction/Runtime/Sample/Meshes/capsule_affordance.fbx - Importer: PreviewImporter -> (ImportResultId: 'd582bb69ce12f1c63b0850ea5ec3daef') in 0.13598 seconds
[Worker1] Imported GUID: 80aa867ac363ac043847b06ad71604cd - Path: Packages/com.unity.render-pipelines.universal/Shaders/AutodeskInteractive/AutodeskInteractiveMasked.shadergraph - Importer: PreviewImporter -> (ImportResultId: 'a5fa0cf9070227236c88984086bae3c7') in 7.3102222 seconds
[Worker1] Imported GUID: 18689f733cbf0774ab1dd44b2bd0043d - Path: Packages/com.meta.xr.sdk.interaction/Runtime/Sample/Objects/Props/CoffeeCup/CoffeeCup.fbx - Importer: PreviewImporter -> (ImportResultId: '67258489704982bd52262d031ec0f278') in 0.1300905 seconds
TrimDiskCacheJob: Current cache size 0mb
[Worker0] Imported GUID: c3ba18e9fa5e9104098cbdbb3e23a5b4 - Path: Packages/com.meta.xr.sdk.core/Meshes/OculusTouchForRift/left_touch_controller_model_skel.fbx - Importer: PreviewImporter -> (ImportResultId: 'bdd98f88cd80bc27776b0d084dbe7e97') in 6.3022104 seconds
[Worker2] Imported GUID: aee84ce0dab81b049bb88017d78a63cd - Path: Packages/com.unity.shadergraph/GraphTemplates/Cross Pipeline/1_Lit Full.shadergraph - Importer: PreviewImporter -> (ImportResultId: 'f6d4612800832970e72b37408b375fdf') in 6.6745842 seconds
[Worker1] Imported GUID: d49d2495f35a4b448b56898e30cac155 - Path: Packages/com.meta.xr.sdk.interaction/Runtime/Sample/Objects/Props/Key/Materials/keyMaterial.fbx - Importer: PreviewImporter -> (ImportResultId: '44cadb7be834034ddb441951f0f5dbf3') in 5.541998 seconds
[Worker2] Imported GUID: 25a0ebb4827f3cc47a1af2c79005f65b - Path: Packages/com.unity.render-pipelines.universal/Editor/ShaderGraph/GraphTemplates/2D/1_2D Sprite Unlit.shadergraph - Importer: PreviewImporter -> (ImportResultId: '61547419f8c2b6d8074bd9877e182d99') in 0.6344077 seconds
[Worker0] Imported GUID: 6f3598ad6e94e974faad4f84d8e07b77 - Path: Packages/com.meta.xr.mrutilitykit/Core/Materials/BLACK_Window.mat - Importer: PreviewImporter -> (ImportResultId: '87ab27f44e7e11b2a479f6660187c437') in 6.362529 seconds
[Worker1] Imported GUID: 33372feefe2aa594aa9278863b518f7e - Path: Packages/com.meta.xr.mrutilitykit/Core/Materials/BLUE_Table.mat - Importer: PreviewImporter -> (ImportResultId: 'cb057c87b296ecdf34c1e5f3b6111ffc') in 6.3011326 seconds
[Worker1] Imported GUID: c445a32ed5ecf43439655d6f588f7e4a - Path: Packages/com.meta.xr.sdk.interaction/Runtime/Sample/Materials/AffordanceHandleMaterial.mat - Importer: PreviewImporter -> (ImportResultId: '24a471f880505f75f8444360c3d89620') in 0.1102234 seconds
[Worker2] Imported GUID: 30fa68ce467463643a86b839ca0eb195 - Path: Packages/com.unity.render-pipelines.universal/Runtime/Materials/ArnoldStandardSurface/ArnoldStandardSurfaceTransparent.shadergraph - Importer: PreviewImporter -> (ImportResultId: '58b6b4db9ec915d03026e1c9d38fd7a2') in 7.4009693 seconds
[Worker2] Imported GUID: bfad0aba0faa90547b68abd10bb6be86 - Path: Packages/com.unity.render-pipelines.universal/Editor/ShaderGraph/GraphTemplates/2D/2_2D Sprite Custom Lit.shadergraph - Importer: PreviewImporter -> (ImportResultId: 'e725580575df0b4f9ccc5a060ede0bf3') in 0.8747893 seconds
[Worker2] Imported GUID: 64a4f62f5089fb64cad9a5aef7953fac - Path: Packages/com.meta.xr.sdk.interaction/Runtime/Sample/Objects/Props/Box/Materials/BoxMat.mat - Importer: PreviewImporter -> (ImportResultId: '7ff7318bcde079a4381d47ceb8697662') in 0.1765243 seconds
[Worker0] Imported GUID: a2407126e3372f64cacb75ed466a5621 - Path: Packages/com.unity.shadergraph/GraphTemplates/Cross Pipeline/0_Lit Basic.shadergraph - Importer: PreviewImporter -> (ImportResultId: '082c29a32cd22fb928d9556f2d37bc5f') in 12.0714417 seconds
[Worker0] Imported GUID: 92f8857f77aa21b4a84ddcd592201dbd - Path: Packages/com.meta.xr.sdk.interaction/Runtime/Sample/Objects/Environment/Locomotion/Models/Materials/BalconyViewBoxMat.mat - Importer: PreviewImporter -> (ImportResultId: '498376b88a6c5a00c1a1dc90357ae16e') in 0.1215019 seconds
[Worker0] Imported GUID: 669025377795b574da66d9bb2472fcab - Path: Packages/com.meta.xr.sdk.core/Materials/Arrow.mat - Importer: PreviewImporter -> (ImportResultId: 'b3f1b886cd5c1858897ea7afe342ac12') in 0.1722644 seconds
[Worker0] Imported GUID: 267e2151ff1c046c282a725a08fb90bc - Path: Packages/com.meta.xr.sdk.interaction/Runtime/Sample/Objects/Props/BigStone/Materials/BigStoneMat.fbx - Importer: PreviewImporter -> (ImportResultId: 'b2c70df96a4bafe1e22b0df25b76abb9') in 0.2497845 seconds
[Worker0] Imported GUID: 07615c1ae01a77148ba9104f90cf3cf1 - Path: Packages/com.meta.xr.sdk.interaction/Runtime/Sample/Objects/Props/Key/Models/keyMesh.fbx - Importer: PreviewImporter -> (ImportResultId: '46dd2f1e762aace642dd50005d1eb313') in 0.1179173 seconds
[Worker1] Imported GUID: 3739e562a03fc0b4982d8aa66cc50865 - Path: Packages/com.unity.render-pipelines.universal/Runtime/Materials/ArnoldStandardSurface/ArnoldStandardSurface.shadergraph - Importer: PreviewImporter -> (ImportResultId: 'c870aee4bbf0e70107ad9d0badd976e0') in 12.550458 seconds
[Worker1] Imported GUID: 817c954a31a114577b56080dd5ca87c3 - Path: Packages/com.meta.xr.sdk.interaction/Runtime/Sample/Objects/Props/ChessPiece/Materials/ChessPieceMaterial.fbx - Importer: PreviewImporter -> (ImportResultId: '19c3d20b6e8389dd9897b7ba68728978') in 0.2029614 seconds
[Worker1] Imported GUID: d1549023b485ff048a7dfe601fff9df2 - Path: Packages/com.meta.xr.sdk.interaction/Runtime/Sample/Meshes/BowlCollider.fbx - Importer: PreviewImporter -> (ImportResultId: '4dd38daf862bdb2c84beeeef74d14ca4') in 0.1237444 seconds
[Worker1] Imported GUID: 72c78ce3c437b6146a8939d3c0881f50 - Path: Packages/com.meta.xr.sdk.interaction/Runtime/Sample/Objects/Props/WaterParticles/BubblePopParticle.fbx - Importer: PreviewImporter -> (ImportResultId: '95fae512022bfeb838d9ce11f45513ed') in 0.1586078 seconds
[Worker1] Imported GUID: c28fa8d61f81fb742b1180a6d4516625 - Path: Packages/com.meta.xr.sdk.core/Meshes/Cone.obj - Importer: PreviewImporter -> (ImportResultId: 'd2517fbe607365aeceba9518bc7e472d') in 0.14813 seconds
[Worker1] Imported GUID: 39144937a5efe954dac51acbbe54157e - Path: Packages/com.unity.shadergraph/GraphTemplates/Cross Pipeline/0_Decal Simple.shadergraph - Importer: PreviewImporter -> (ImportResultId: '352de33bc10f52689bd823a389cb0d7e') in 0.0990922 seconds
[Worker2] Imported GUID: f0582660708844e45a9e38bb1ca02816 - Path: Packages/com.meta.xr.sdk.interaction/Runtime/Sample/Objects/Props/Guitar/Models/Guitar.fbx - Importer: PreviewImporter -> (ImportResultId: 'e41a903246edee2ec76cadaf0e4db9ce') in 12.1346035 seconds
[Worker2] Imported GUID: 6cc34ec80006e8a429764b52c1b5e7c8 - Path: Packages/com.meta.xr.sdk.interaction/Runtime/Sample/Objects/Props/Materials/CubeMaterialBlue.fbx - Importer: PreviewImporter -> (ImportResultId: '288f4a739302bfc8c0579f22abae0ff3') in 0.1835924 seconds
[Worker2] Imported GUID: 19a47a3f839bd1e498891a423e4b92ec - Path: Packages/com.meta.xr.sdk.interaction/Runtime/Sample/Objects/Props/Locomotion/LocomotionTurorialUI.fbx - Importer: PreviewImporter -> (ImportResultId: 'b5ec15dd74cdbc4ca48a341786cb4c30') in 0.2758653 seconds
[Worker2] Imported GUID: c2f9255d2e5177e45ae83432d253f435 - Path: Packages/com.meta.xr.mrutilitykit/Core/Materials/Blue.mat - Importer: PreviewImporter -> (ImportResultId: 'b3eed938ccf424604aae82dbad2df3f1') in 0.0712938 seconds
[Worker2] Imported GUID: 34b453e4d1fa5034abe065de8ae813ef - Path: Packages/com.meta.xr.sdk.interaction/Runtime/Sample/Objects/Environment/Locomotion/Models/BackgroundSkydome.fbx - Importer: PreviewImporter -> (ImportResultId: '505ea66f554e4db703caf7334df83e47') in 0.1437217 seconds
[Worker2] Imported GUID: 2b0f877ff73c16b4caad198b306c9357 - Path: Packages/com.meta.xr.sdk.core/Scripts/BuildingBlocks/MultiplayerBlocks/Shared/Colocation/ColocationPackage/Prefabs/AnchorUp.mat - Importer: PreviewImporter -> (ImportResultId: '89828f73637b4531dcb186c38a951cea') in 0.0835621 seconds
[Worker2] Imported GUID: 53e3d264818da91478e5d067bc71a07f - Path: Packages/com.meta.xr.sdk.core/Editor/BuildingBlocks/BlockData/AIBlocks/ImageSegmentation/Materials/3DBoundingBoxes.mat - Importer: PreviewImporter -> (ImportResultId: 'afd608054d970a93480d83eac7b53c42') in 0.1018646 seconds
[Worker2] Imported GUID: c2388bbd9a37b844f9106c27fa3ddd76 - Path: Packages/com.meta.xr.sdk.voice/Lib/Wit.ai/Art/SHUB_Sample/Materials/antenna_mtl.mat - Importer: PreviewImporter -> (ImportResultId: '5695dfb6f6645729eda345e4d2d591b5') in 0.1160686 seconds
[Worker2] Imported GUID: 9ac639554b8a09943aa991b71ca0eb12 - Path: Packages/com.meta.xr.sdk.interaction/Runtime/Meshes/Locomotion/LocomotionLocation.fbx - Importer: PreviewImporter -> (ImportResultId: '7b8125e342372e0fb54ceb28dacd5685') in 0.1665635 seconds
[Worker2] Imported GUID: bde135b320597544b9ac325092409f8b - Path: Packages/com.unity.render-pipelines.universal/Editor/ShaderGraph/GraphTemplates/2D/0_2D Sprite Lit.shadergraph - Importer: PreviewImporter -> (ImportResultId: 'cebdd0af15dd874db50c3b16e1460d80') in 0.4609163 seconds
[Worker0] Imported GUID: 5c81372d981403744adbdda4433c9c11 - Path: Packages/com.unity.render-pipelines.universal/Shaders/AutodeskInteractive/AutodeskInteractiveTransparent.shadergraph - Importer: PreviewImporter -> (ImportResultId: '8e06272a8ebf86482835bf4048e05214') in 8.0036821 seconds
[Worker1] Imported GUID: 091196c6d7fd95e4681685ff1f4f9419 - Path: Packages/com.meta.xr.sdk.interaction/Runtime/Sample/Objects/Props/Box/Materials/BoxMat.fbx - Importer: PreviewImporter -> (ImportResultId: '9d2fb2f695845e3571b16736be2465b2') in 7.0035771 seconds
[Worker1] Imported GUID: 34f423504d6e44f4785eaa3006c79119 - Path: Packages/com.meta.xr.sdk.interaction/Runtime/Sample/Objects/Props/Box/Models/Box.fbx - Importer: PreviewImporter -> (ImportResultId: '7a58d0f303ad0d3073a303e3f86ec90c') in 0.1970329 seconds
[Worker1] Imported GUID: af66091e0eca0c04a9c3584ae867418a - Path: Packages/com.unity.shadergraph/GraphTemplates/Cross Pipeline/0_Particle Unlit.shadergraph - Importer: PreviewImporter -> (ImportResultId: '46fcb2b88b025afad6ed3f0d77e96f76') in 0.9421808 seconds
[Worker1] Imported GUID: b8eb22bbef4e12041945f044aeab9469 - Path: Packages/com.meta.xr.sdk.interaction/Runtime/Sample/Objects/Props/Materials/CubeMaterialGreen.fbx - Importer: PreviewImporter -> (ImportResultId: 'a0b203f4b4852c90f9e520d7fcbbf65a') in 0.2595832 seconds
[Worker1] Imported GUID: c1e06f36f6a71234ab15a7826c4871d9 - Path: Packages/com.meta.xr.mrutilitykit/Tests/Meshes/bevelcube.fbx - Importer: PreviewImporter -> (ImportResultId: 'c2967714f1253a1690d5735b815f9922') in 0.0866493 seconds
[Worker2] Imported GUID: b40c172f3bf2e754ba937f81a100a40e - Path: Packages/com.meta.xr.mrutilitykit/Core/Materials/BROWN_Door.mat - Importer: PreviewImporter -> (ImportResultId: '6a2107e6686acb17086af07d428e0cf8') in 5.9639027 seconds
[Worker0] Imported GUID: 103a9a65e5a204743be93c5e4212cf81 - Path: Packages/com.meta.xr.sdk.interaction/Runtime/Sample/Objects/Props/Guitar/Materials/GuitarMat.fbx - Importer: PreviewImporter -> (ImportResultId: 'c6fd3f31d076e7613ca23da179d06860') in 7.1309338 seconds
[Worker0] Imported GUID: 02fde525802c5434dba4ced59e17e6a0 - Path: Assets/XR/XRGeneralSettingsPerBuildTarget.asset - Importer: PreviewImporter -> (ImportResultId: 'fa13be0539d4936a41d3fd3e89455d1d') in 0.0570327 seconds
[Worker0] Imported GUID: af70fc3edbd215e438037aab32711dfd - Path: Packages/com.meta.xr.sdk.interaction/Runtime/Sample/Objects/Props/BigRedButton/Models/BigRedButton.fbx - Importer: PreviewImporter -> (ImportResultId: 'd81142c32821bed0fea30b0ee2c1e94e') in 0.3705419 seconds
[Worker0] Imported GUID: 27b7629e54b332449bfa3a4065ffe17a - Path: Assets/Samples/XR Interaction Toolkit/3.5.1/Starter Assets/Models/BlinkVisual.fbx - Importer: PreviewImporter -> (ImportResultId: '79c9fb28cdd19d8c480cfc393b88dc0c') in 0.2994964 seconds
[Worker0] Imported GUID: 53d7b51a76eae92499f850ffcad17189 - Path: Packages/com.meta.xr.sdk.core/Scripts/BuildingBlocks/MultiplayerBlocks/Shared/Colocation/ColocationPackage/Prefabs/AnchorForward.mat - Importer: PreviewImporter -> (ImportResultId: '3313aa8dd20a8855fcff752c90df3665') in 0.1138572 seconds
[Worker0] Imported GUID: 1716ff8c1e51af14280cc97fbcba3b11 - Path: Packages/com.unity.shadergraph/GraphTemplates/Cross Pipeline/1_Decal Material Volume.shadergraph - Importer: PreviewImporter -> (ImportResultId: 'b3ffc5ddfcf93081c7ea475319476b0a') in 0.0837767 seconds
[Worker0] Imported GUID: 5ba7d209f622bb44e87b47ce27ee27b7 - Path: Packages/com.meta.xr.sdk.core/Materials/BasicHandMaterial.mat - Importer: PreviewImporter -> (ImportResultId: 'd85034c4ba0cc973b25e734393c1bfd7') in 0.1378616 seconds
[Worker1] Imported GUID: 0e9d5a909a1f7e84882a534d0d11e49f - Path: Packages/com.unity.render-pipelines.universal/Shaders/AutodeskInteractive/AutodeskInteractive.shadergraph - Importer: PreviewImporter -> (ImportResultId: '83ea1798d0634304aa39ce85a994e80c') in 7.6657922 seconds
[Worker2] Imported GUID: a680d9a9f8b66514abbfd3ae1c8f77f7 - Path: Packages/com.unity.shadergraph/GraphTemplates/Cross Pipeline/2_Particle Lit.shadergraph - Importer: PreviewImporter -> (ImportResultId: '068f3b168bed9c2382bf674c7b336755') in 7.738631 seconds
AcceleratorClientConnectionCallback - disconnected - :0
Importing 'GUID: 00000000000000009000000000000000 - Path: ProjectSettings/QualitySettings.asset' with importer (LibraryAssetImporter)
Imported 'GUID: 00000000000000009000000000000000' -> (Import Result ID: 'b42aae7e42f39a4a989487a962672fd3') in 0.001 seconds [static dependencies only]. Details - ImportResultOutputID=7b12711da11c94ad897442b4820d3f7b DependenciesID=50c7c8d8e8175a389fce7fdf64a755b5 StaticDependenciesID=31f3a0a169a85a567a8d52a8673cf455 
Refreshing native plugins compatible for Editor in 43.60 ms, found 21 plugins.

Asset Pipeline Refresh (id=7e216d61c0ce89044afb419936e32418): Total: 0.405 seconds - Initiated by StopAssetImportingV2(NoUpdateAssetOptions)
	(Values over 0.05ms)
	Summary:
		Imports: total=1 (actual=1, local cache=0, cache server=0)
		Asset DB Process Time: managed=0 ms, native=268 ms
		Asset DB Callback time: managed=2 ms, native=134 ms
		Scripting: domain reloads=0, domain reload time=0 ms, compile time=0 ms, other=0 ms
		Project Asset Count: scripts=3148, non-scripts=4758
		Asset File Changes: new=0, changed=1, moved=0, deleted=0
		Scan Filter Count: 1
	ApplyChangesToAssetFolders: 0.202ms
	Scan: 28.029ms
	Collect global state as custom dependencies: 0.060ms
	OnSourceAssetsModified: 0.059ms
	ProcessAssetsWithTransientArtifactChanges: 0.171ms
	CategorizeAssets: 31.488ms
	ImportOutOfDateAssets: 99.706ms (23.402ms without children)
		ImportManagerImport: 16.040ms (0.303ms without children)
		ReloadNativeAssets: 0.233ms
		UnloadImportedAssets: 0.220ms
		EnsureUptoDateAssetsAreRegisteredWithGuidPM: 1.136ms
		ImportSchedulerStart: 58.671ms
	PostProcessAllAssets: 90.394ms
		XRBuildSystem.XRAssetImported 86.533ms
		MonoPostProcessAllAssets: 2.599ms
			AssetChangedListener.OnPostprocessAllAssets 1.031ms
			SyncVS.PostprocessSyncProject 0.760ms
			RenderPipelineGlobalSettingsPostprocessor.OnPostprocessAllAssets 0.161ms
			AssetPostprocessor.OnPostprocessAllAssets 0.084ms
			ShaderGraphAssetPostProcessor.OnPostprocessAllAssets 0.074ms
	PostAssetChangesProfiler: 46.237ms
	GatherAllCurrentPrimaryImportResultRevisions: 0.713ms
	UnloadStreamsBegin: 4.142ms
	PersistCurrentRevisions: 0.554ms
	Untracked: 103.410ms

Importing 'GUID: cb05afcdd457ccd4494135c17da93b90 - Path: Assets/Backup.unity' with importer (DefaultImporter)
Imported 'GUID: cb05afcdd457ccd4494135c17da93b90' -> (Import Result ID: '2d7be14362edf404c236efc4acddf39c') in 0.001 seconds [static dependencies only]. Details - ImportResultOutputID=96b1cdd428cacc72b7d15217389e66f7 DependenciesID=1aef80231904246b1a39033957f3920b StaticDependenciesID=3a3f42bbef17a3344fe962faf9a8def0 
Refreshing native plugins compatible for Editor in 14.16 ms, found 21 plugins.
Asset Pipeline Refresh (id=c1c670ae55e696744ac92553aa1f9b0f): Total: 0.273 seconds - Initiated by StopAssetImportingV2(NoUpdateAssetOptions)
[Worker2] Imported GUID: cb05afcdd457ccd4494135c17da93b90 - Path: Assets/Backup.unity - Importer: ScriptedImporter/UnityEditor.QuickSearchModule:UnityEditor.Search:ASIAI0B -> (ImportResultId: '0dd054352d27453c2a45db7f8227cb1b') in 1.823297 seconds
Reloading assemblies for play mode.
Reloading assemblies after forced synchronous recompile.
Attempted to call .Dispose on an already disposed CancellationTokenSource
[Licensing::Client] Successfully resolved entitlement details
Begin MonoManager ReloadAssembly
Symbol file LoadedFromMemory is not a mono symbol file
'Packages/com.meta.xr.sdk.core/Editor/RuntimeOptimizer/RuntimeOptimizerNetworking.cs' contains partial class of Unity.Object, exactly 1 of the partial classes needs to be in a file with the same filename. This is to know the one that can be referenced from ie. GameObjects
Script 'CharacterController' has the same name as built-in Unity component.
AddComponent and GetComponent will not work with this script.
'Packages/com.meta.xr.sdk.core/Editor/BuildingBlocks/BlocksWindowCollectionsPageExtension.cs' contains partial class of Unity.Object, exactly 1 of the partial classes needs to be in a file with the same filename. This is to know the one that can be referenced from ie. GameObjects
'Packages/com.meta.xr.sdk.core/Editor/RuntimeOptimizer/RuntimeOptimizerStyles.cs' contains partial class of Unity.Object, exactly 1 of the partial classes needs to be in a file with the same filename. This is to know the one that can be referenced from ie. GameObjects
'Packages/com.meta.xr.sdk.core/Editor/BuildingBlocks/BlocksWindowDetailsExtension.cs' contains partial class of Unity.Object, exactly 1 of the partial classes needs to be in a file with the same filename. This is to know the one that can be referenced from ie. GameObjects
'Packages/com.meta.xr.sdk.core/Editor/BuildingBlocks/BlocksWindow.cs' contains partial class of Unity.Object, exactly 1 of the partial classes needs to be in a file with the same filename. This is to know the one that can be referenced from ie. GameObjects
'Packages/com.meta.xr.sdk.core/Editor/RuntimeOptimizer/RuntimeOptimizer.cs' contains partial class of Unity.Object, exactly 1 of the partial classes needs to be in a file with the same filename. This is to know the one that can be referenced from ie. GameObjects
Refreshing native plugins compatible for Editor in 14.69 ms, found 21 plugins.
Native extension for Android target not found
Native extension for WindowsStandalone target not found
ScheduleIndexationOnStartup MainProcess:True IndexOnStartup:True
[MODES] ModeService[none].Initialize
[MODES] ModeService[none].LoadModes
[Licensing::Client] Successfully resolved entitlement details
Mono: successfully reloaded assembly
- Finished resetting the current domain, in  2.298 seconds
Domain Reload Profiling: 4330ms
	BeginReloadAssembly (1502ms)
		DisableScriptedObjects (179ms)
		CreateAndSetChildDomain (1012ms)
	RebuildCommonClasses (9ms)
	RebuildNativeTypeToScriptingClass (15ms)
	initialDomainReloadingComplete (88ms)
	LoadAllAssembliesAndSetupDomain (417ms)
		LoadAssemblies (326ms)
		AnalyzeDomain (30ms)
			TypeCache.Refresh (9ms)
			ResolveRequiredComponents (13ms)
	FinalizeReload (2299ms)
		SetupLoadedEditorAssemblies (0ms)
			InitializePlatformSupportModulesInManaged (13ms)
			BeforeProcessingInitializeOnLoad (94ms)
			ProcessInitializeOnLoadAttributes (924ms)
			ProcessInitializeOnLoadMethodAttributes (162ms)
			AfterProcessingInitializeOnLoad (6ms)
		AwakeInstancesAfterBackupRestoration (538ms)
No restricted APIs configured; Validation skipped.
Checking 24 assemblies for restricted APIs found 0 usage(s) in 3 ms
Refreshing native plugins compatible for Editor in 15.18 ms, found 21 plugins.

Asset Pipeline Refresh (id=010482406d298214089fb8d4b2e200bd): Total: 7.937 seconds - Initiated by StopAssetImportingV2(ForceSynchronousImport | ForceDomainReload)
	(Values over 0.05ms)
	Summary:
		Imports: total=0 (actual=0, local cache=0, cache server=0)
		Asset DB Process Time: managed=0 ms, native=2909 ms
		Asset DB Callback time: managed=1545 ms, native=974 ms
		Scripting: domain reloads=1, domain reload time=2499 ms, compile time=8 ms, other=0 ms
		Project Asset Count: scripts=3148, non-scripts=4758
		Asset File Changes: new=0, changed=0, moved=0, deleted=0
		Scan Filter Count: 0
	InvokePackagesCallback: 3.151ms
	ApplyChangesToAssetFolders: 0.495ms
	Collect global state as custom dependencies: 1.996ms
	ProcessAssetsWithTransientArtifactChanges: 324.789ms
	CategorizeAssets: 106.130ms
	CompileScripts: 7.781ms
	ImportOutOfDateAssets: 2396.428ms (2339.874ms without children)
		CollectScriptTypesHashes: 4.092ms
		ReloadNativeAssets: 2.107ms
		UnloadImportedAssets: 1.893ms
		EnsureUptoDateAssetsAreRegisteredWithGuidPM: 1.470ms
		ImportSchedulerStart: 51.020ms
	PostProcessAllAssets: 2498.715ms
		AssemblyValidation.PostprocessAllAssets 81.491ms
		PostProcessCallbackCreateDeferredMaterials 32.756ms
		PostprocessAssetsUpdateCachedIcon 25.809ms
		ComputeShaderImportPostprocess 20.035ms
		ShaderAssetModifiedCallback 18.926ms
		RaytracingShaderImportPostprocess 18.772ms
		SpeedTreeImporter.PostprocessAllAssets 16.139ms
		LocalizationDatabase.AssetDatabasePostprocessCallback 7.577ms
		BlockShaderImporter.PostprocessAllAssets 7.142ms
		XRBuildSystem.XRAssetImported 4.003ms
		MonoPostProcessAllAssets: 1542.161ms
			SyncVS.PostprocessSyncProject 459.886ms
			ShaderGraphAssetPostProcessor.OnPostprocessAllAssets 387.541ms
			AssetCallbacks.OnPostprocessAllAssets 134.783ms
			PostProcessor.OnPostprocessAllAssets 84.698ms
			InputActionAssetPostprocessor.OnPostprocessAllAssets 53.366ms
			InputActionJsonNameModifierAssetProcessor.OnPostprocessAllAssets 53.225ms
			MaterialPostprocessor.OnPostprocessAllAssets 48.803ms
			AssetPostprocessor.OnPostprocessAllAssets 47.363ms
			TextAssetPostProcessor.OnPostprocessAllAssets 40.935ms
			AssetChangedListener.OnPostprocessAllAssets 28.197ms
			UniversalRenderPipelineGlobalSettingsPostprocessor.OnPostprocessAllAssets 11.111ms
			SpeedTree9Postprocessor.OnPostprocessAllAssets 8.651ms
			RenderPipelineGlobalSettingsPostprocessor.OnPostprocessAllAssets 7.307ms
			BuilderAssetPostprocessor.OnPostprocessAllAssets 6.331ms
			WindowAssetPostprocessingWatcher.OnPostprocessAllAssets 2.379ms
			RetainedModeAssetPostprocessor.OnPostprocessAllAssets 1.858ms
			AssetPostProcessor.OnPostprocessAllAssets 0.682ms
			EditModeScopePostprocessor.OnPostprocessAllAssets 0.656ms
			StyleCatalogPostProcessor.OnPostprocessAllAssets 0.625ms
			ArtifactBrowserPostProcessor.OnPostprocessAllAssets 0.607ms
			ShaderReflectionAssetPostProcessor.OnPostprocessAllAssets 0.443ms
			ProjectSettingsPostprocessor.OnPostprocessAllAssets 0.431ms
			UVCSAssetPostprocessor.OnPostprocessAllAssets 0.382ms
			SamplePostprocessor.OnPostprocessAllAssets 0.352ms
			SpeedTreePostProcessor.OnPostprocessAllAssets 0.351ms
			AudioMixerPostprocessor.OnPostprocessAllAssets 0.339ms
			ReferencedClipsPostProcessor.OnPostprocessAllAssets 0.315ms
			TMPro_TexturePostProcessor.OnPostprocessAllAssets 0.311ms
			SceneRenameHandler.OnPostprocessAllAssets 0.301ms
			AssetEvents.OnPostprocessAllAssets 0.286ms
			SampleDependencyImporterPostProcessor.OnPostprocessAllAssets 0.252ms
			WitConfigurationPostprocessor.OnPostprocessAllAssets 0.212ms
			AssetDatabaseCallbacks.OnPostprocessAllAssets 0.157ms
			TerrainToolbarOverlayPostProcessor.OnPostprocessAllAssets 0.153ms
			ConfigAssetsTracker.OnPostprocessAllAssets 0.130ms
			ScenarioDriftAssetsTracker.OnPostprocessAllAssets 0.123ms
			AudioContainerPostProcessor.OnPostprocessAllAssets 0.080ms
	PostAssetChangesProfiler: 19.665ms
	GatherAllCurrentPrimaryImportResultRevisions: 0.607ms
	UnloadStreamsBegin: 2.742ms
	PersistCurrentRevisions: 0.283ms
	GenerateScriptTypeHashes: 17.139ms
	GenerateScriptTypeSerializationHashes: 27.529ms
	Untracked: 2565.261ms

[XR] Time interace not found - delta time prediction disabled.
[Subsystems] OpenXR XR Plugin successfully registered Provider for OpenXR Display
[Subsystems] OpenXR XR Plugin successfully registered Provider for OpenXR Input
[Subsystems] OpenXR XR Plugin successfully registered Provider for OpenXR Display
Importing 'GUID: d956a18424719af428693dcac839750c - Path: Assets/XR/Settings/OpenXRPackageSettings.asset' with importer (NativeFormatImporter)
Imported 'GUID: d956a18424719af428693dcac839750c' -> (Import Result ID: '88bcd36b2460bf0f617670fadc33a49c') in 0.006 seconds [static dependencies only]. Details - ImportResultOutputID=bcd7e65b8a6f7bb17c8fdf06d3ea7ee7 DependenciesID=7abe9b0e162e57a3076ff90b0e4d5caf StaticDependenciesID=9f1635b36792e6b3964f847f8787c45e 
Refreshing native plugins compatible for Editor in 16.02 ms, found 21 plugins.
Asset Pipeline Refresh (id=3207bc595bed5c541bc191e1e2ffdddb): Total: 0.161 seconds - Initiated by StopAssetImportingV2(NoUpdateAssetOptions)
Loading OpenXR loader library at path: C:\Users\User\InnvationChallenge\earth\My project (1)\Library\PackageCache\com.unity.xr.openxr@58837b2992e0\RuntimeLoaders\windows\x64\openxr_loader.dll
UnityEngine.Debug:ExtractStackTraceNoAlloc (byte*,int,string)
UnityEngine.StackTraceUtility:ExtractStackTrace ()
UnityEngine.DebugLogHandler:Internal_Log (UnityEngine.LogType,UnityEngine.LogOption,string,UnityEngine.Object)
UnityEngine.DebugLogHandler:LogFormat (UnityEngine.LogType,UnityEngine.Object,string,object[])
UnityEngine.Logger:Log (UnityEngine.LogType,object)
UnityEngine.Debug:Log (object)
UnityEngine.XR.OpenXR.OpenXRLoaderBase:LoadOpenXRSymbols () (at ./Library/PackageCache/com.unity.xr.openxr@58837b2992e0/Runtime/OpenXRLoader.cs:555)
UnityEngine.XR.OpenXR.OpenXRLoaderBase:InitializeInternal () (at ./Library/PackageCache/com.unity.xr.openxr@58837b2992e0/Runtime/OpenXRLoader.cs:237)
UnityEngine.XR.OpenXR.OpenXRLoaderBase:Initialize () (at ./Library/PackageCache/com.unity.xr.openxr@58837b2992e0/Runtime/OpenXRLoader.cs:207)
UnityEngine.XR.Management.XRManagerSettings:InitializeLoaderSync () (at ./Library/PackageCache/com.unity.xr.management@e3a3882b360a/Runtime/XRManagerSettings.cs:186)
UnityEngine.XR.Management.XRGeneralSettings:InitXRSDK () (at ./Library/PackageCache/com.unity.xr.management@e3a3882b360a/Runtime/XRGeneralSettings.cs:172)
UnityEngine.XR.Management.XRGeneralSettings:AttemptInitializeXRSDKOnLoad () (at ./Library/PackageCache/com.unity.xr.management@e3a3882b360a/Runtime/XRGeneralSettings.cs:145)

(Filename: ./Library/PackageCache/com.unity.xr.openxr@58837b2992e0/Runtime/OpenXRLoader.cs Line: 555)

[MetaXRFeature] HookGetInstanceProcAddr: 140704629031770
UnityEngine.Debug:ExtractStackTraceNoAlloc (byte*,int,string)
UnityEngine.StackTraceUtility:ExtractStackTrace ()
UnityEngine.DebugLogHandler:Internal_Log (UnityEngine.LogType,UnityEngine.LogOption,string,UnityEngine.Object)
UnityEngine.DebugLogHandler:LogFormat (UnityEngine.LogType,UnityEngine.Object,string,object[])
UnityEngine.Logger:Log (UnityEngine.LogType,object)
UnityEngine.Debug:Log (object)
Meta.XR.MetaXRFeature:HookGetInstanceProcAddr (intptr) (at ./Library/PackageCache/com.meta.xr.sdk.core@c0efcbf2ba70/Scripts/OpenXRFeatures/MetaXRFeature.cs:270)
UnityEngine.XR.OpenXR.Features.OpenXRFeature:HookGetInstanceProcAddr () (at ./Library/PackageCache/com.unity.xr.openxr@58837b2992e0/Runtime/Features/OpenXRFeature.cs:764)
UnityEngine.XR.OpenXR.OpenXRLoaderBase:InitializeInternal () (at ./Library/PackageCache/com.unity.xr.openxr@58837b2992e0/Runtime/OpenXRLoader.cs:250)
UnityEngine.XR.OpenXR.OpenXRLoaderBase:Initialize () (at ./Library/PackageCache/com.unity.xr.openxr@58837b2992e0/Runtime/OpenXRLoader.cs:207)
UnityEngine.XR.Management.XRManagerSettings:InitializeLoaderSync () (at ./Library/PackageCache/com.unity.xr.management@e3a3882b360a/Runtime/XRManagerSettings.cs:186)
UnityEngine.XR.Management.XRGeneralSettings:InitXRSDK () (at ./Library/PackageCache/com.unity.xr.management@e3a3882b360a/Runtime/XRGeneralSettings.cs:172)
UnityEngine.XR.Management.XRGeneralSettings:AttemptInitializeXRSDKOnLoad () (at ./Library/PackageCache/com.unity.xr.management@e3a3882b360a/Runtime/XRGeneralSettings.cs:145)

(Filename: ./Library/PackageCache/com.meta.xr.sdk.core@c0efcbf2ba70/Scripts/OpenXRFeatures/MetaXRFeature.cs Line: 270)

[MetaXRFeature] SetClientVersion
UnityEngine.Debug:ExtractStackTraceNoAlloc (byte*,int,string)
UnityEngine.StackTraceUtility:ExtractStackTrace ()
UnityEngine.DebugLogHandler:Internal_Log (UnityEngine.LogType,UnityEngine.LogOption,string,UnityEngine.Object)
UnityEngine.DebugLogHandler:LogFormat (UnityEngine.LogType,UnityEngine.Object,string,object[])
UnityEngine.Logger:Log (UnityEngine.LogType,object)
UnityEngine.Debug:Log (object)
Meta.XR.MetaXRFeature:HookGetInstanceProcAddr (intptr) (at ./Library/PackageCache/com.meta.xr.sdk.core@c0efcbf2ba70/Scripts/OpenXRFeatures/MetaXRFeature.cs:272)
UnityEngine.XR.OpenXR.Features.OpenXRFeature:HookGetInstanceProcAddr () (at ./Library/PackageCache/com.unity.xr.openxr@58837b2992e0/Runtime/Features/OpenXRFeature.cs:764)
UnityEngine.XR.OpenXR.OpenXRLoaderBase:InitializeInternal () (at ./Library/PackageCache/com.unity.xr.openxr@58837b2992e0/Runtime/OpenXRLoader.cs:250)
UnityEngine.XR.OpenXR.OpenXRLoaderBase:Initialize () (at ./Library/PackageCache/com.unity.xr.openxr@58837b2992e0/Runtime/OpenXRLoader.cs:207)
UnityEngine.XR.Management.XRManagerSettings:InitializeLoaderSync () (at ./Library/PackageCache/com.unity.xr.management@e3a3882b360a/Runtime/XRManagerSettings.cs:186)
UnityEngine.XR.Management.XRGeneralSettings:InitXRSDK () (at ./Library/PackageCache/com.unity.xr.management@e3a3882b360a/Runtime/XRGeneralSettings.cs:172)
UnityEngine.XR.Management.XRGeneralSettings:AttemptInitializeXRSDKOnLoad () (at ./Library/PackageCache/com.unity.xr.management@e3a3882b360a/Runtime/XRGeneralSettings.cs:145)

(Filename: ./Library/PackageCache/com.meta.xr.sdk.core@c0efcbf2ba70/Scripts/OpenXRFeatures/MetaXRFeature.cs Line: 272)

[OVRPlugin][INFO] UnityOpenXR_SetClientVersion(1, 205, 0) called
[OVRPlugin][INFO] ovrp_UnityOpenXR_HookGetInstanceProcAddr(00007FF8596E835A)
[OVRPlugin][INFO] [CompositorOpenXR::SetExternalXrGetInstanceProcAddr] xrGetInstanceProcAddr set to 00007FF8596E835A. All OpenXR API Entires unbound.
[OVRPlugin][ERROR] xrGetInstanceProcAddr is nullptr
 (arvr\projects\integrations\OVRPlugin\Src\Util\CompositorOpenXR_Entries.cpp:132)[OVRPlugin][INFO] CompositorOpenXR::PreInitialize(activity = 0000000000000000, apiType = 0, preinitializeFlags=0x1)
[OVRPlugin][INFO] Support Non-Oculus runtime: NO
[OVRPlugin][INFO] Use Alpha Blend Factors: NO
[OVRPlugin][INFO] RetryHMDConnection: YES
[OVRPlugin][INFO]  -- Set xrGetInstanceProcAddr to external function pointer
[OVRPlugin][INFO] Available Layers: (0)
[OVRPlugin][INFO] Preinitialize: xrCreateInstance() succeeded
[OVRPlugin][INFO] OpenXR runtime name: Oculus, version 1.205.0
[OVRPlugin][ERROR] [XRCMD][failure] [XR_ERROR_FORM_FACTOR_UNAVAILABLE]: xrGetSystem(instance, &systemGetInfo, &systemId), arvr\projects\integrations\OVRPlugin\Src\Util\CompositorOpenXR.cpp:1475
 (arvr\projects\integrations\OVRPlugin\Src\Util/CompositorOpenXR.h:311)[OVRPlugin][INFO] xrGetSystem() retry 1 failed
[OVRPlugin][ERROR] [XRCMD][failure] [XR_ERROR_FORM_FACTOR_UNAVAILABLE]: xrGetSystem(instance, &systemGetInfo, &systemId), arvr\projects\integrations\OVRPlugin\Src\Util\CompositorOpenXR.cpp:1485
 (arvr\projects\integrations\OVRPlugin\Src\Util/CompositorOpenXR.h:311)[OVRPlugin][INFO] xrGetSystem() retry 2 failed
[OVRPlugin][ERROR] [XRCMD][failure] [XR_ERROR_FORM_FACTOR_UNAVAILABLE]: xrGetSystem(instance, &systemGetInfo, &systemId), arvr\projects\integrations\OVRPlugin\Src\Util\CompositorOpenXR.cpp:1485
 (arvr\projects\integrations\OVRPlugin\Src\Util/CompositorOpenXR.h:311)[OVRPlugin][INFO] xrGetSystem() retry 3 failed
[OVRPlugin][ERROR] [XRCMD][failure] [XR_ERROR_FORM_FACTOR_UNAVAILABLE]: xrGetSystem(instance, &systemGetInfo, &systemId), arvr\projects\integrations\OVRPlugin\Src\Util\CompositorOpenXR.cpp:1485
 (arvr\projects\integrations\OVRPlugin\Src\Util/CompositorOpenXR.h:311)[OVRPlugin][INFO] xrGetSystem() retry 4 failed
[OVRPlugin][ERROR] [XRCMD][failure] [XR_ERROR_FORM_FACTOR_UNAVAILABLE]: xrGetSystem(instance, &systemGetInfo, &systemId), arvr\projects\integrations\OVRPlugin\Src\Util\CompositorOpenXR.cpp:1485
 (arvr\projects\integrations\OVRPlugin\Src\Util/CompositorOpenXR.h:311)[OVRPlugin][INFO] xrGetSystem() retry 5 failed
[OVRPlugin][ERROR] [XRCMD][failure] [XR_ERROR_FORM_FACTOR_UNAVAILABLE]: xrGetSystem(instance, &systemGetInfo, &systemId), arvr\projects\integrations\OVRPlugin\Src\Util\CompositorOpenXR.cpp:1485
 (arvr\projects\integrations\OVRPlugin\Src\Util/CompositorOpenXR.h:311)[OVRPlugin][INFO] xrGetSystem() failed, which might be caused by a temporarly HMD connectivity issue. xrInstance to be destroyed
[OVRPlugin][ERROR] CompositorOpenXR::PreInitialize() returns failure
 (arvr\projects\integrations\OVRPlugin\Src\OVR_Plugin_UnityOpenXR.cpp:59)[OVRPlugin][INFO] ProfilerSystem: verbose mode 0
[OVRPlugin][INFO] OVRPlugin 1.205.0 ... preinitialized
[OVRPlugin][INFO] Func_xrGetInstanceProcAddr: override xrCreateInstance
[Subsystems] Loading plugin UnityOpenXR for subsystem OpenXR Display...
[XR] [16024] [13:22:49.451][Info   ] Available Layers: (0)
[OVRPlugin][INFO] Func_xrCreateInstance(0000020FC3FE1B90)
[OVRPlugin][INFO] OpenXR Loader Version 1.1.59
[OVRPlugin][INFO] Unity Requested Extensions (31):
[OVRPlugin][INFO] Available Extensions: (43)
[OVRPlugin][INFO]  Name=XR_KHR_D3D11_enable SpecVersion=11
[OVRPlugin][INFO]  Name=XR_KHR_vulkan_enable SpecVersion=10
[OVRPlugin][INFO]  Name=XR_KHR_composition_layer_depth SpecVersion=6
[OVRPlugin][INFO]  Name=XR_KHR_convert_timespec_time SpecVersion=1
[OVRPlugin][INFO]  Name=XR_KHR_composition_layer_cube SpecVersion=8
[OVRPlugin][INFO]  Name=XR_KHR_composition_layer_cylinder SpecVersion=4
[OVRPlugin][INFO]  Name=XR_KHR_visibility_mask SpecVersion=2
[OVRPlugin][INFO]  Name=XR_KHR_composition_layer_color_scale_bias SpecVersion=5
[OVRPlugin][INFO]  Name=XR_EXT_debug_utils SpecVersion=5
[OVRPlugin][INFO]  Name=XR_OCULUS_audio_device_guid SpecVersion=1
[OVRPlugin][INFO]  Name=XR_FB_color_space SpecVersion=3
[OVRPlugin][INFO]  Name=XR_FB_display_refresh_rate SpecVersion=1
[OVRPlugin][INFO]  Name=XR_META_performance_metrics SpecVersion=2
[OVRPlugin][INFO]  Name=XR_META_headset_id SpecVersion=2
[OVRPlugin][INFO]  Name=XR_EXT_hand_interaction SpecVersion=2
[OVRPlugin][INFO]  Name=XR_EXT_hand_tracking SpecVersion=4
[OVRPlugin][INFO]  Name=XR_FB_hand_tracking_mesh SpecVersion=3
[OVRPlugin][INFO]  Name=XR_META_simultaneous_hands_and_controllers SpecVersion=1
[OVRPlugin][INFO]  Name=XR_FB_hand_tracking_aim SpecVersion=2
[OVRPlugin][INFO]  Name=XR_FB_hand_tracking_capsules SpecVersion=3
[OVRPlugin][INFO]  Name=XR_EXT_hand_tracking_data_source SpecVersion=1
[OVRPlugin][INFO]  Name=XR_META_hand_tracking_microgestures SpecVersion=1
[OVRPlugin][INFO]  Name=XR_EXT_local_floor SpecVersion=1
[OVRPlugin][INFO]  Name=XR_EXT_future SpecVersion=2
[OVRPlugin][INFO]  Name=XR_FB_haptic_amplitude_envelope SpecVersion=1
[OVRPlugin][INFO]  Name=XR_FB_haptic_pcm SpecVersion=1
[OVRPlugin][INFO]  Name=XR_FB_touch_controller_pro SpecVersion=1
[OVRPlugin][INFO]  Name=XR_META_touch_controller_plus SpecVersion=1
[OVRPlugin][INFO]  Name=XR_FB_touch_controller_proximity SpecVersion=1
[OVRPlugin][INFO]  Name=XR_META_detached_controllers SpecVersion=1
[OVRPlugin][INFO]  Name=XR_LOGITECH_mx_ink_stylus_interaction SpecVersion=1
[OVRPlugin][INFO] Unavailable OpenXR extension: XR_KHR_D3D12_enable
[OVRPlugin][INFO] Unavailable OpenXR extension: XR_EXT_performance_settings
[OVRPlugin][INFO] Unavailable OpenXR extension: XR_FB_swapchain_update_state
[OVRPlugin][INFO] Unavailable OpenXR extension: XR_FB_swapchain_update_state_vulkan
[OVRPlugin][INFO] Unavailable OpenXR extension: XR_FB_foveation
[OVRPlugin][INFO] Unavailable OpenXR extension: XR_FB_foveation_configuration
[OVRPlugin][INFO] Unavailable OpenXR extension: XR_FB_foveation_vulkan
[OVRPlugin][INFO] Unavailable OpenXR extension: XR_META_vulkan_swapchain_create_info
[OVRPlugin][INFO] Unavailable OpenXR extension: XR_META_foveation_eye_tracked
[OVRPlugin][INFO] Unavailable OpenXR extension: XR_FB_composition_layer_image_layout
[OVRPlugin][INFO] Unavailable OpenXR extension: XR_KHR_composition_layer_equirect2
[OVRPlugin][INFO] Unavailable OpenXR extension: XR_FB_passthrough
[OVRPlugin][INFO] Unavailable OpenXR extension: XR_FB_triangle_mesh
[OVRPlugin][INFO] Unavailable OpenXR extension: XR_FB_passthrough_keyboard_hands
[OVRPlugin][INFO] Unavailable OpenXR extension: XR_META_passthrough_color_lut
[OVRPlugin][INFO] Unavailable OpenXR extension: XR_META_passthrough_preferences
[OVRPlugin][INFO] Unavailable OpenXR extension: XR_META_passthrough_layer_resumed_event
[OVRPlugin][INFO] Unavailable OpenXR extension: XR_OCULUS_external_camera
[OVRPlugin][INFO] Unavailable OpenXR extension: XR_FB_common_events
[OVRPlugin][INFO] Unavailable OpenXR extension: XR_FB_render_model
[OVRPlugin][INFO] Unavailable OpenXR extension: XR_FB_keyboard_tracking
[OVRPlugin][INFO] Unavailable OpenXR extension: XR_META_virtual_keyboard
[OVRPlugin][INFO] Unavailable OpenXR extension: XR_EXT_hand_joints_motion_range
[OVRPlugin][INFO] Unavailable OpenXR extension: XR_META_hand_tracking_wide_motion_mode
[OVRPlugin][INFO] Unavailable OpenXR extension: XR_META_hand_tracking_unextrapolated_poses
[OVRPlugin][INFO] Unavailable OpenXR extension: XR_META_hand_tracking_wide_motion_mode2
[OVRPlugin][INFO] Unavailable OpenXR extension: XR_FB_scene
[OVRPlugin][INFO] Unavailable OpenXR extension: XR_FB_spatial_entity
[OVRPlugin][INFO] Unavailable OpenXR extension: XR_FB_spatial_entity_container
[OVRPlugin][INFO] Unavailable OpenXR extension: XR_FB_spatial_entity_query
[OVRPlugin][INFO] Unavailable OpenXR extension: XR_FB_spatial_entity_storage
[OVRPlugin][INFO] Unavailable OpenXR extension: XR_FB_spatial_entity_storage_batch
[OVRPlugin][INFO] Unavailable OpenXR extension: XR_FB_spatial_entity_sharing
[OVRPlugin][INFO] Unavailable OpenXR extension: XR_FB_spatial_entity_user
[OVRPlugin][INFO] Unavailable OpenXR extension: XR_META_spatial_entity_mesh
[OVRPlugin][INFO] Unavailable OpenXR extension: XR_FB_face_tracking
[OVRPlugin][INFO] Unavailable OpenXR extension: XR_FB_face_tracking2
[OVRPlugin][INFO] Unavailable OpenXR extension: XR_META_face_tracking_visemes
[OVRPlugin][INFO] Unavailable OpenXR extension: XR_FB_eye_tracking_social
[OVRPlugin][INFO] Unavailable OpenXR extension: XR_FB_body_tracking
[OVRPlugin][INFO] Unavailable OpenXR extension: XR_META_body_tracking_full_body
[OVRPlugin][INFO] Unavailable OpenXR extension: XR_META_body_tracking_fidelity
[OVRPlugin][INFO] Unavailable OpenXR extension: XR_META_body_tracking_calibration
[OVRPlugin][INFO] Unavailable OpenXR extension: XR_MSFT_hand_interaction
[OVRPlugin][INFO] Unavailable OpenXR extension: XR_EXTX1_haptic_parametric
[OVRPlugin][INFO] Unavailable OpenXR extension: XR_META_spatial_entity_discovery
[OVRPlugin][INFO] Unavailable OpenXR extension: XR_META_spatial_entity_persistence
[OVRPlugin][INFO] Unavailable OpenXR extension: XR_META_colocation_discovery
[OVRPlugin][INFO] Unavailable OpenXR extension: XR_META_spatial_entity_sharing
[OVRPlugin][INFO] Unavailable OpenXR extension: XR_META_spatial_entity_group_sharing
[OVRPlugin][INFO] Unavailable OpenXR extension: XR_META_boundary_visibility
[OVRPlugin][INFO] Unavailable OpenXR extension: XR_META_spatial_entity_room_mesh
[OVRPlugin][INFO] Unavailable OpenXR extension: XR_META_hand_tracking_frequency_hint
[OVRPlugin][INFO] Unavailable OpenXR extension: XR_META_environment_depth
[OVRPlugin][INFO] Unavailable OpenXR extension: XR_META_dynamic_object_tracker
[OVRPlugin][INFO] Unavailable OpenXR extension: XR_META_dynamic_object_keyboard
[OVRPlugin][INFO] Unavailable OpenXR extension: XR_EXT_spatial_entity
[OVRPlugin][INFO] Unavailable OpenXR extension: XR_EXT_spatial_marker_tracking
[OVRPlugin][INFO] Unavailable OpenXR extension: XR_METAX1_spatial_entity_marker
[OVRPlugin][INFO] Unavailable OpenXR extension: XR_META_environment_raycast
[OVRPlugin][INFO] Unavailable OpenXR extension: XR_METAX2_debug_utils_region_profiling
[OVRPlugin][INFO] Unavailable OpenXR extension: XR_METAX3_debug_utils_region_profiling
[OVRPlugin][INFO] Unavailable OpenXR extension: XR_EXTX2_stationary_reference_space
[OVRPlugin][INFO] Unavailable OpenXR extension: XR_METAX1_passthrough_camera_data
[OVRPlugin][INFO] Func_xrGetInstanceProcAddr: override xrPollEvent
[OVRPlugin][INFO] Func_xrGetInstanceProcAddr: override xrDestroySession
[OVRPlugin][INFO] Func_xrGetInstanceProcAddr: override xrBeginSession
[OVRPlugin][INFO] Func_xrGetInstanceProcAddr: override xrWaitFrame
[OVRPlugin][INFO] Func_xrGetInstanceProcAddr: override xrBeginFrame
[OVRPlugin][INFO] Func_xrGetInstanceProcAddr: override xrEndFrame
[OVRPlugin][INFO] Func_xrGetInstanceProcAddr: override xrSuggestInteractionProfileBindings
[OVRPlugin][INFO] Func_xrGetInstanceProcAddr: override xrAttachSessionActionSets
[OVRPlugin][INFO] Func_xrGetInstanceProcAddr: override xrGetCurrentInteractionProfile
[OVRPlugin][INFO] Func_xrGetInstanceProcAddr: override xrSyncActions
[OVRPlugin][INFO] Func_xrGetInstanceProcAddr: override xrGetVisibilityMaskKHR
[MetaXRFeature] OpenXR runtime supports XR_META_headset_id extension. MetaXRFeature is enabled.
UnityEngine.Debug:ExtractStackTraceNoAlloc (byte*,int,string)
UnityEngine.StackTraceUtility:ExtractStackTrace ()
UnityEngine.DebugLogHandler:Internal_Log (UnityEngine.LogType,UnityEngine.LogOption,string,UnityEngine.Object)
UnityEngine.DebugLogHandler:LogFormat (UnityEngine.LogType,UnityEngine.Object,string,object[])
UnityEngine.Logger:Log (UnityEngine.LogType,object)
UnityEngine.Debug:Log (object)
Meta.XR.MetaXRFeature:OnInstanceCreate (ulong) (at ./Library/PackageCache/com.meta.xr.sdk.core@c0efcbf2ba70/Scripts/OpenXRFeatures/MetaXRFeature.cs:299)
UnityEngine.XR.OpenXR.Features.OpenXRFeature:ReceiveNativeEvent (UnityEngine.XR.OpenXR.Features.OpenXRFeature/NativeEvent,ulong) (at ./Library/PackageCache/com.unity.xr.openxr@58837b2992e0/Runtime/Features/OpenXRFeature.cs:698)
UnityEngine.XR.OpenXR.OpenXRLoaderBase:ReceiveNativeEvent (UnityEngine.XR.OpenXR.Features.OpenXRFeature/NativeEvent,ulong) (at ./Library/PackageCache/com.unity.xr.openxr@58837b2992e0/Runtime/OpenXRLoader.cs:704)
UnityEngine.IntegratedSubsystemDescriptor`1<UnityEngine.XR.XRDisplaySubsystem>:Create ()
UnityEngine.IntegratedSubsystemDescriptor`1<UnityEngine.XR.XRDisplaySubsystem>:CreateImpl ()
UnityEngine.IntegratedSubsystemDescriptor:UnityEngine.ISubsystemDescriptor.Create ()
UnityEngine.XR.Management.XRLoaderHelper:CreateSubsystem<UnityEngine.XR.XRDisplaySubsystemDescriptor, UnityEngine.XR.XRDisplaySubsystem> (System.Collections.Generic.List`1<UnityEngine.XR.XRDisplaySubsystemDescriptor>,string) (at ./Library/PackageCache/com.unity.xr.management@e3a3882b360a/Runtime/XRLoaderHelper.cs:112)
UnityEngine.XR.OpenXR.OpenXRLoaderBase:CreateSubsystem<UnityEngine.XR.XRDisplaySubsystemDescriptor, UnityEngine.XR.XRDisplaySubsystem> (System.Collections.Generic.List`1<UnityEngine.XR.XRDisplaySubsystemDescriptor>,string) (at ./Library/PackageCache/com.unity.xr.openxr@58837b2992e0/Runtime/OpenXRLoader.cs:508)
UnityEngine.XR.OpenXR.OpenXRLoaderBase:CreateSubsystems () (at ./Library/PackageCache/com.unity.xr.openxr@58837b2992e0/Runtime/OpenXRLoader.cs:293)
UnityEngine.XR.OpenXR.OpenXRLoaderBase:InitializeInternal () (at ./Library/PackageCache/com.unity.xr.openxr@58837b2992e0/Runtime/OpenXRLoader.cs:266)
UnityEngine.XR.OpenXR.OpenXRLoaderBase:Initialize () (at ./Library/PackageCache/com.unity.xr.openxr@58837b2992e0/Runtime/OpenXRLoader.cs:207)
UnityEngine.XR.Management.XRManagerSettings:InitializeLoaderSync () (at ./Library/PackageCache/com.unity.xr.management@e3a3882b360a/Runtime/XRManagerSettings.cs:186)
UnityEngine.XR.Management.XRGeneralSettings:InitXRSDK () (at ./Library/PackageCache/com.unity.xr.management@e3a3882b360a/Runtime/XRGeneralSettings.cs:172)
UnityEngine.XR.Management.XRGeneralSettings:AttemptInitializeXRSDKOnLoad () (at ./Library/PackageCache/com.unity.xr.management@e3a3882b360a/Runtime/XRGeneralSettings.cs:145)

(Filename: ./Library/PackageCache/com.meta.xr.sdk.core@c0efcbf2ba70/Scripts/OpenXRFeatures/MetaXRFeature.cs Line: 299)

[MetaXRFeature] OnInstanceCreate: 1
UnityEngine.Debug:ExtractStackTraceNoAlloc (byte*,int,string)
UnityEngine.StackTraceUtility:ExtractStackTrace ()
UnityEngine.DebugLogHandler:Internal_Log (UnityEngine.LogType,UnityEngine.LogOption,string,UnityEngine.Object)
UnityEngine.DebugLogHandler:LogFormat (UnityEngine.LogType,UnityEngine.Object,string,object[])
UnityEngine.Logger:Log (UnityEngine.LogType,object)
UnityEngine.Debug:Log (object)
Meta.XR.MetaXRFeature:OnInstanceCreate (ulong) (at ./Library/PackageCache/com.meta.xr.sdk.core@c0efcbf2ba70/Scripts/OpenXRFeatures/MetaXRFeature.cs:315)
UnityEngine.XR.OpenXR.Features.OpenXRFeature:ReceiveNativeEvent (UnityEngine.XR.OpenXR.Features.OpenXRFeature/NativeEvent,ulong) (at ./Library/PackageCache/com.unity.xr.openxr@58837b2992e0/Runtime/Features/OpenXRFeature.cs:698)
UnityEngine.XR.OpenXR.OpenXRLoaderBase:ReceiveNativeEvent (UnityEngine.XR.OpenXR.Features.OpenXRFeature/NativeEvent,ulong) (at ./Library/PackageCache/com.unity.xr.openxr@58837b2992e0/Runtime/OpenXRLoader.cs:704)
UnityEngine.IntegratedSubsystemDescriptor`1<UnityEngine.XR.XRDisplaySubsystem>:Create ()
UnityEngine.IntegratedSubsystemDescriptor`1<UnityEngine.XR.XRDisplaySubsystem>:CreateImpl ()
UnityEngine.IntegratedSubsystemDescriptor:UnityEngine.ISubsystemDescriptor.Create ()
UnityEngine.XR.Management.XRLoaderHelper:CreateSubsystem<UnityEngine.XR.XRDisplaySubsystemDescriptor, UnityEngine.XR.XRDisplaySubsystem> (System.Collections.Generic.List`1<UnityEngine.XR.XRDisplaySubsystemDescriptor>,string) (at ./Library/PackageCache/com.unity.xr.management@e3a3882b360a/Runtime/XRLoaderHelper.cs:112)
UnityEngine.XR.OpenXR.OpenXRLoaderBase:CreateSubsystem<UnityEngine.XR.XRDisplaySubsystemDescriptor, UnityEngine.XR.XRDisplaySubsystem> (System.Collections.Generic.List`1<UnityEngine.XR.XRDisplaySubsystemDescriptor>,string) (at ./Library/PackageCache/com.unity.xr.openxr@58837b2992e0/Runtime/OpenXRLoader.cs:508)
UnityEngine.XR.OpenXR.OpenXRLoaderBase:CreateSubsystems () (at ./Library/PackageCache/com.unity.xr.openxr@58837b2992e0/Runtime/OpenXRLoader.cs:293)
UnityEngine.XR.OpenXR.OpenXRLoaderBase:InitializeInternal () (at ./Library/PackageCache/com.unity.xr.openxr@58837b2992e0/Runtime/OpenXRLoader.cs:266)
UnityEngine.XR.OpenXR.OpenXRLoaderBase:Initialize () (at ./Library/PackageCache/com.unity.xr.openxr@58837b2992e0/Runtime/OpenXRLoader.cs:207)
UnityEngine.XR.Management.XRManagerSettings:InitializeLoaderSync () (at ./Library/PackageCache/com.unity.xr.management@e3a3882b360a/Runtime/XRManagerSettings.cs:186)
UnityEngine.XR.Management.XRGeneralSettings:InitXRSDK () (at ./Library/PackageCache/com.unity.xr.management@e3a3882b360a/Runtime/XRGeneralSettings.cs:172)
UnityEngine.XR.Management.XRGeneralSettings:AttemptInitializeXRSDKOnLoad () (at ./Library/PackageCache/com.unity.xr.management@e3a3882b360a/Runtime/XRGeneralSettings.cs:145)

(Filename: ./Library/PackageCache/com.meta.xr.sdk.core@c0efcbf2ba70/Scripts/OpenXRFeatures/MetaXRFeature.cs Line: 315)

[OVRPlugin][INFO] ovrp_UnityOpenXR_OnInstanceCreate(1)
[OVRPlugin][INFO] Use D3D11 Renderer
[OVRPlugin][INFO] OpenXR SDK version 1.1.59
[OVRPlugin][INFO] Warning: unable to bind OpenXR entry xrGetD3D12GraphicsRequirementsKHR
[OVRPlugin][INFO] OpenXR runtime name: Oculus, version 1.205.0
[OVRPlugin][ERROR] [XRCMD][failure] [XR_ERROR_FORM_FACTOR_UNAVAILABLE]: xrGetSystem(instance, &systemGetInfo, &systemId), arvr\projects\integrations\OVRPlugin\Src\Util\CompositorOpenXR.cpp:2964
 (arvr\projects\integrations\OVRPlugin\Src\Util/CompositorOpenXR.h:311)[OVRPlugin][INFO] xrGetSystem() retry 1 failed
[OVRPlugin][ERROR] [XRCMD][failure] [XR_ERROR_FORM_FACTOR_UNAVAILABLE]: xrGetSystem(instance, &systemGetInfo, &systemId), arvr\projects\integrations\OVRPlugin\Src\Util\CompositorOpenXR.cpp:2973
 (arvr\projects\integrations\OVRPlugin\Src\Util/CompositorOpenXR.h:311)[OVRPlugin][INFO] xrGetSystem() retry 2 failed
[OVRPlugin][ERROR] [XRCMD][failure] [XR_ERROR_FORM_FACTOR_UNAVAILABLE]: xrGetSystem(instance, &systemGetInfo, &systemId), arvr\projects\integrations\OVRPlugin\Src\Util\CompositorOpenXR.cpp:2973
 (arvr\projects\integrations\OVRPlugin\Src\Util/CompositorOpenXR.h:311)[OVRPlugin][INFO] xrGetSystem() retry 3 failed
[OVRPlugin][ERROR] [XRCMD][failure] [XR_ERROR_FORM_FACTOR_UNAVAILABLE]: xrGetSystem(instance, &systemGetInfo, &systemId), arvr\projects\integrations\OVRPlugin\Src\Util\CompositorOpenXR.cpp:2973
 (arvr\projects\integrations\OVRPlugin\Src\Util/CompositorOpenXR.h:311)[OVRPlugin][INFO] xrGetSystem() retry 4 failed
[OVRPlugin][ERROR] [XRCMD][failure] [XR_ERROR_FORM_FACTOR_UNAVAILABLE]: xrGetSystem(instance, &systemGetInfo, &systemId), arvr\projects\integrations\OVRPlugin\Src\Util\CompositorOpenXR.cpp:2973
 (arvr\projects\integrations\OVRPlugin\Src\Util/CompositorOpenXR.h:311)[OVRPlugin][INFO] xrGetSystem() retry 5 failed
[OVRPlugin][ERROR] [XRCMD][failure] [XR_ERROR_FORM_FACTOR_UNAVAILABLE]: xrGetSystem(instance, &systemGetInfo, &systemId), arvr\projects\integrations\OVRPlugin\Src\Util\CompositorOpenXR.cpp:2973
 (arvr\projects\integrations\OVRPlugin\Src\Util/CompositorOpenXR.h:311)[OVRPlugin][INFO] xrGetSystem() failed, which might be caused by a temporarly HMD connectivity issue. Skip the deletion of external xrInstance
[OVRPlugin][ERROR] Plugin failed to initialize.
 (arvr\projects\integrations\OVRPlugin\Src\Util\CompositorOpenXR.cpp:1175)[OVRPlugin][ERROR] Unable to create compositor: -1006
 (arvr\projects\integrations\OVRPlugin\Src\OVR_Plugin_UnityOpenXR.cpp:186)[MetaXRFeature] OnInstanceCreate returned an error. If you are using Quest Link, please verify if it's started.
UnityEngine.Debug:ExtractStackTraceNoAlloc (byte*,int,string)
UnityEngine.StackTraceUtility:ExtractStackTrace ()
UnityEngine.DebugLogHandler:Internal_Log (UnityEngine.LogType,UnityEngine.LogOption,string,UnityEngine.Object)
UnityEngine.DebugLogHandler:LogFormat (UnityEngine.LogType,UnityEngine.Object,string,object[])
UnityEngine.Logger:Log (UnityEngine.LogType,object)
UnityEngine.Debug:LogWarning (object)
Meta.XR.MetaXRFeature:OnInstanceCreate (ulong) (at ./Library/PackageCache/com.meta.xr.sdk.core@c0efcbf2ba70/Scripts/OpenXRFeatures/MetaXRFeature.cs:319)
UnityEngine.XR.OpenXR.Features.OpenXRFeature:ReceiveNativeEvent (UnityEngine.XR.OpenXR.Features.OpenXRFeature/NativeEvent,ulong) (at ./Library/PackageCache/com.unity.xr.openxr@58837b2992e0/Runtime/Features/OpenXRFeature.cs:698)
UnityEngine.XR.OpenXR.OpenXRLoaderBase:ReceiveNativeEvent (UnityEngine.XR.OpenXR.Features.OpenXRFeature/NativeEvent,ulong) (at ./Library/PackageCache/com.unity.xr.openxr@58837b2992e0/Runtime/OpenXRLoader.cs:704)
UnityEngine.IntegratedSubsystemDescriptor`1<UnityEngine.XR.XRDisplaySubsystem>:Create ()
UnityEngine.IntegratedSubsystemDescriptor`1<UnityEngine.XR.XRDisplaySubsystem>:CreateImpl ()
UnityEngine.IntegratedSubsystemDescriptor:UnityEngine.ISubsystemDescriptor.Create ()
UnityEngine.XR.Management.XRLoaderHelper:CreateSubsystem<UnityEngine.XR.XRDisplaySubsystemDescriptor, UnityEngine.XR.XRDisplaySubsystem> (System.Collections.Generic.List`1<UnityEngine.XR.XRDisplaySubsystemDescriptor>,string) (at ./Library/PackageCache/com.unity.xr.management@e3a3882b360a/Runtime/XRLoaderHelper.cs:112)
UnityEngine.XR.OpenXR.OpenXRLoaderBase:CreateSubsystem<UnityEngine.XR.XRDisplaySubsystemDescriptor, UnityEngine.XR.XRDisplaySubsystem> (System.Collections.Generic.List`1<UnityEngine.XR.XRDisplaySubsystemDescriptor>,string) (at ./Library/PackageCache/com.unity.xr.openxr@58837b2992e0/Runtime/OpenXRLoader.cs:508)
UnityEngine.XR.OpenXR.OpenXRLoaderBase:CreateSubsystems () (at ./Library/PackageCache/com.unity.xr.openxr@58837b2992e0/Runtime/OpenXRLoader.cs:293)
UnityEngine.XR.OpenXR.OpenXRLoaderBase:InitializeInternal () (at ./Library/PackageCache/com.unity.xr.openxr@58837b2992e0/Runtime/OpenXRLoader.cs:266)
UnityEngine.XR.OpenXR.OpenXRLoaderBase:Initialize () (at ./Library/PackageCache/com.unity.xr.openxr@58837b2992e0/Runtime/OpenXRLoader.cs:207)
UnityEngine.XR.Management.XRManagerSettings:InitializeLoaderSync () (at ./Library/PackageCache/com.unity.xr.management@e3a3882b360a/Runtime/XRManagerSettings.cs:186)
UnityEngine.XR.Management.XRGeneralSettings:InitXRSDK () (at ./Library/PackageCache/com.unity.xr.management@e3a3882b360a/Runtime/XRGeneralSettings.cs:172)
UnityEngine.XR.Management.XRGeneralSettings:AttemptInitializeXRSDKOnLoad () (at ./Library/PackageCache/com.unity.xr.management@e3a3882b360a/Runtime/XRGeneralSettings.cs:145)

(Filename: ./Library/PackageCache/com.meta.xr.sdk.core@c0efcbf2ba70/Scripts/OpenXRFeatures/MetaXRFeature.cs Line: 319)

[MetaXRFeature]: ErrorFormFactorUnavailable xrGetSystem
UnityEngine.Debug:ExtractStackTraceNoAlloc (byte*,int,string)
UnityEngine.StackTraceUtility:ExtractStackTrace ()
UnityEngine.DebugLogHandler:Internal_Log (UnityEngine.LogType,UnityEngine.LogOption,string,UnityEngine.Object)
UnityEngine.DebugLogHandler:LogFormat (UnityEngine.LogType,UnityEngine.Object,string,object[])
UnityEngine.Logger:LogFormat (UnityEngine.LogType,string,object[])
UnityEngine.Debug:LogErrorFormat (string,object[])
Meta.XR.Extensions:LogErrorFormat (string,object) (at ./Library/PackageCache/com.meta.xr.sdk.core@c0efcbf2ba70/Scripts/OpenXRFeatures/XrResult.cs:205)
Meta.XR.Extensions:OrLogFormat (Meta.XR.XrResult,string) (at ./Library/PackageCache/com.meta.xr.sdk.core@c0efcbf2ba70/Scripts/OpenXRFeatures/XrResult.cs:269)
Meta.XR.MetaXRFeature:BindFunctionPointers () (at ./Library/PackageCache/com.meta.xr.sdk.core@c0efcbf2ba70/Scripts/OpenXRFeatures/MetaXRFeature.cs:423)
Meta.XR.MetaFeatureBase`1<Meta.XR.MetaXRFeature>:OnInstanceCreate (ulong) (at ./Library/PackageCache/com.meta.xr.sdk.core@c0efcbf2ba70/Scripts/OpenXRFeatures/MetaFeatureBase.cs:134)
Meta.XR.MetaXRFeature:OnInstanceCreate (ulong) (at ./Library/PackageCache/com.meta.xr.sdk.core@c0efcbf2ba70/Scripts/OpenXRFeatures/MetaXRFeature.cs:321)
UnityEngine.XR.OpenXR.Features.OpenXRFeature:ReceiveNativeEvent (UnityEngine.XR.OpenXR.Features.OpenXRFeature/NativeEvent,ulong) (at ./Library/PackageCache/com.unity.xr.openxr@58837b2992e0/Runtime/Features/OpenXRFeature.cs:698)
UnityEngine.XR.OpenXR.OpenXRLoaderBase:ReceiveNativeEvent (UnityEngine.XR.OpenXR.Features.OpenXRFeature/NativeEvent,ulong) (at ./Library/PackageCache/com.unity.xr.openxr@58837b2992e0/Runtime/OpenXRLoader.cs:704)
UnityEngine.IntegratedSubsystemDescriptor`1<UnityEngine.XR.XRDisplaySubsystem>:Create ()
UnityEngine.IntegratedSubsystemDescriptor`1<UnityEngine.XR.XRDisplaySubsystem>:CreateImpl ()
UnityEngine.IntegratedSubsystemDescriptor:UnityEngine.ISubsystemDescriptor.Create ()
UnityEngine.XR.Management.XRLoaderHelper:CreateSubsystem<UnityEngine.XR.XRDisplaySubsystemDescriptor, UnityEngine.XR.XRDisplaySubsystem> (System.Collections.Generic.List`1<UnityEngine.XR.XRDisplaySubsystemDescriptor>,string) (at ./Library/PackageCache/com.unity.xr.management@e3a3882b360a/Runtime/XRLoaderHelper.cs:112)
UnityEngine.XR.OpenXR.OpenXRLoaderBase:CreateSubsystem<UnityEngine.XR.XRDisplaySubsystemDescriptor, UnityEngine.XR.XRDisplaySubsystem> (System.Collections.Generic.List`1<UnityEngine.XR.XRDisplaySubsystemDescriptor>,string) (at ./Library/PackageCache/com.unity.xr.openxr@58837b2992e0/Runtime/OpenXRLoader.cs:508)
UnityEngine.XR.OpenXR.OpenXRLoaderBase:CreateSubsystems () (at ./Library/PackageCache/com.unity.xr.openxr@58837b2992e0/Runtime/OpenXRLoader.cs:293)
UnityEngine.XR.OpenXR.OpenXRLoaderBase:InitializeInternal () (at ./Library/PackageCache/com.unity.xr.openxr@58837b2992e0/Runtime/OpenXRLoader.cs:266)
UnityEngine.XR.OpenXR.OpenXRLoaderBase:Initialize () (at ./Library/PackageCache/com.unity.xr.openxr@58837b2992e0/Runtime/OpenXRLoader.cs:207)
UnityEngine.XR.Management.XRManagerSettings:InitializeLoaderSync () (at ./Library/PackageCache/com.unity.xr.management@e3a3882b360a/Runtime/XRManagerSettings.cs:186)
UnityEngine.XR.Management.XRGeneralSettings:InitXRSDK () (at ./Library/PackageCache/com.unity.xr.management@e3a3882b360a/Runtime/XRGeneralSettings.cs:172)
UnityEngine.XR.Management.XRGeneralSettings:AttemptInitializeXRSDKOnLoad () (at ./Library/PackageCache/com.unity.xr.management@e3a3882b360a/Runtime/XRGeneralSettings.cs:145)

(Filename: ./Library/PackageCache/com.meta.xr.sdk.core@c0efcbf2ba70/Scripts/OpenXRFeatures/XrResult.cs Line: 205)

ErrorFunctionUnsupported: xrGetInstanceProcAddr failed to get function pointer for 'xrHapticParametricGetPropertiesEXTX1'.
UnityEngine.Debug:ExtractStackTraceNoAlloc (byte*,int,string)
UnityEngine.StackTraceUtility:ExtractStackTrace ()
UnityEngine.DebugLogHandler:Internal_Log (UnityEngine.LogType,UnityEngine.LogOption,string,UnityEngine.Object)
UnityEngine.DebugLogHandler:LogFormat (UnityEngine.LogType,UnityEngine.Object,string,object[])
UnityEngine.Logger:Log (UnityEngine.LogType,object)
UnityEngine.Debug:LogWarning (object)
Meta.XR.OpenXRNativeFuncs:GetInstanceDelegate<Meta.XR.OpenXRNativeFuncs/xrHapticParametricGetPropertiesEXTX1> (Meta.XR.OpenXRNativeFuncs/xrGetInstanceProcAddr,Meta.XR.XrInstance,string,Meta.XR.OpenXRNativeFuncs/xrHapticParametricGetPropertiesEXTX1&) (at ./Library/PackageCache/com.meta.xr.sdk.core@c0efcbf2ba70/Scripts/OpenXRFeatures/OpenXRNativeFuncs.cs:64)
Meta.XR.MetaFeatureBase`1<Meta.XR.MetaXRFeature>:GetInstanceDelegate<Meta.XR.OpenXRNativeFuncs/xrHapticParametricGetPropertiesEXTX1> (string,Meta.XR.OpenXRNativeFuncs/xrHapticParametricGetPropertiesEXTX1&) (at ./Library/PackageCache/com.meta.xr.sdk.core@c0efcbf2ba70/Scripts/OpenXRFeatures/MetaFeatureBase.cs:182)
Meta.XR.MetaXRFeature:BindFunctionPointers () (at ./Library/PackageCache/com.meta.xr.sdk.core@c0efcbf2ba70/Scripts/OpenXRFeatures/MetaXRFeature.cs:492)
Meta.XR.MetaFeatureBase`1<Meta.XR.MetaXRFeature>:OnInstanceCreate (ulong) (at ./Library/PackageCache/com.meta.xr.sdk.core@c0efcbf2ba70/Scripts/OpenXRFeatures/MetaFeatureBase.cs:134)
Meta.XR.MetaXRFeature:OnInstanceCreate (ulong) (at ./Library/PackageCache/com.meta.xr.sdk.core@c0efcbf2ba70/Scripts/OpenXRFeatures/MetaXRFeature.cs:321)
UnityEngine.XR.OpenXR.Features.OpenXRFeature:ReceiveNativeEvent (UnityEngine.XR.OpenXR.Features.OpenXRFeature/NativeEvent,ulong) (at ./Library/PackageCache/com.unity.xr.openxr@58837b2992e0/Runtime/Features/OpenXRFeature.cs:698)
UnityEngine.XR.OpenXR.OpenXRLoaderBase:ReceiveNativeEvent (UnityEngine.XR.OpenXR.Features.OpenXRFeature/NativeEvent,ulong) (at ./Library/PackageCache/com.unity.xr.openxr@58837b2992e0/Runtime/OpenXRLoader.cs:704)
UnityEngine.IntegratedSubsystemDescriptor`1<UnityEngine.XR.XRDisplaySubsystem>:Create ()
UnityEngine.IntegratedSubsystemDescriptor`1<UnityEngine.XR.XRDisplaySubsystem>:CreateImpl ()
UnityEngine.IntegratedSubsystemDescriptor:UnityEngine.ISubsystemDescriptor.Create ()
UnityEngine.XR.Management.XRLoaderHelper:CreateSubsystem<UnityEngine.XR.XRDisplaySubsystemDescriptor, UnityEngine.XR.XRDisplaySubsystem> (System.Collections.Generic.List`1<UnityEngine.XR.XRDisplaySubsystemDescriptor>,string) (at ./Library/PackageCache/com.unity.xr.management@e3a3882b360a/Runtime/XRLoaderHelper.cs:112)
UnityEngine.XR.OpenXR.OpenXRLoaderBase:CreateSubsystem<UnityEngine.XR.XRDisplaySubsystemDescriptor, UnityEngine.XR.XRDisplaySubsystem> (System.Collections.Generic.List`1<UnityEngine.XR.XRDisplaySubsystemDescriptor>,string) (at ./Library/PackageCache/com.unity.xr.openxr@58837b2992e0/Runtime/OpenXRLoader.cs:508)
UnityEngine.XR.OpenXR.OpenXRLoaderBase:CreateSubsystems () (at ./Library/PackageCache/com.unity.xr.openxr@58837b2992e0/Runtime/OpenXRLoader.cs:293)
UnityEngine.XR.OpenXR.OpenXRLoaderBase:InitializeInternal () (at ./Library/PackageCache/com.unity.xr.openxr@58837b2992e0/Runtime/OpenXRLoader.cs:266)
UnityEngine.XR.OpenXR.OpenXRLoaderBase:Initialize () (at ./Library/PackageCache/com.unity.xr.openxr@58837b2992e0/Runtime/OpenXRLoader.cs:207)
UnityEngine.XR.Management.XRManagerSettings:InitializeLoaderSync () (at ./Library/PackageCache/com.unity.xr.management@e3a3882b360a/Runtime/XRManagerSettings.cs:186)
UnityEngine.XR.Management.XRGeneralSettings:InitXRSDK () (at ./Library/PackageCache/com.unity.xr.management@e3a3882b360a/Runtime/XRGeneralSettings.cs:172)
UnityEngine.XR.Management.XRGeneralSettings:AttemptInitializeXRSDKOnLoad () (at ./Library/PackageCache/com.unity.xr.management@e3a3882b360a/Runtime/XRGeneralSettings.cs:145)

(Filename: ./Library/PackageCache/com.meta.xr.sdk.core@c0efcbf2ba70/Scripts/OpenXRFeatures/OpenXRNativeFuncs.cs Line: 64)

ErrorFunctionUnsupported: xrGetInstanceProcAddr failed to get function pointer for 'xrAgenticRegisterExternalToolMETAX1'.
UnityEngine.Debug:ExtractStackTraceNoAlloc (byte*,int,string)
UnityEngine.StackTraceUtility:ExtractStackTrace ()
UnityEngine.DebugLogHandler:Internal_Log (UnityEngine.LogType,UnityEngine.LogOption,string,UnityEngine.Object)
UnityEngine.DebugLogHandler:LogFormat (UnityEngine.LogType,UnityEngine.Object,string,object[])
UnityEngine.Logger:Log (UnityEngine.LogType,object)
UnityEngine.Debug:LogWarning (object)
Meta.XR.OpenXRNativeFuncs:GetInstanceDelegate<Meta.XR.OpenXRNativeFuncs/xrAgenticRegisterExternalToolMETAX1> (Meta.XR.OpenXRNativeFuncs/xrGetInstanceProcAddr,Meta.XR.XrInstance,string,Meta.XR.OpenXRNativeFuncs/xrAgenticRegisterExternalToolMETAX1&) (at ./Library/PackageCache/com.meta.xr.sdk.core@c0efcbf2ba70/Scripts/OpenXRFeatures/OpenXRNativeFuncs.cs:64)
Meta.XR.MetaFeatureBase`1<Meta.XR.MetaXRFeature>:GetInstanceDelegate<Meta.XR.OpenXRNativeFuncs/xrAgenticRegisterExternalToolMETAX1> (string,Meta.XR.OpenXRNativeFuncs/xrAgenticRegisterExternalToolMETAX1&) (at ./Library/PackageCache/com.meta.xr.sdk.core@c0efcbf2ba70/Scripts/OpenXRFeatures/MetaFeatureBase.cs:182)
Meta.XR.MetaXRFeature:BindFunctionPointers () (at ./Library/PackageCache/com.meta.xr.sdk.core@c0efcbf2ba70/Scripts/OpenXRFeatures/MetaXRFeature.cs:496)
Meta.XR.MetaFeatureBase`1<Meta.XR.MetaXRFeature>:OnInstanceCreate (ulong) (at ./Library/PackageCache/com.meta.xr.sdk.core@c0efcbf2ba70/Scripts/OpenXRFeatures/MetaFeatureBase.cs:134)
Meta.XR.MetaXRFeature:OnInstanceCreate (ulong) (at ./Library/PackageCache/com.meta.xr.sdk.core@c0efcbf2ba70/Scripts/OpenXRFeatures/MetaXRFeature.cs:321)
UnityEngine.XR.OpenXR.Features.OpenXRFeature:ReceiveNativeEvent (UnityEngine.XR.OpenXR.Features.OpenXRFeature/NativeEvent,ulong) (at ./Library/PackageCache/com.unity.xr.openxr@58837b2992e0/Runtime/Features/OpenXRFeature.cs:698)
UnityEngine.XR.OpenXR.OpenXRLoaderBase:ReceiveNativeEvent (UnityEngine.XR.OpenXR.Features.OpenXRFeature/NativeEvent,ulong) (at ./Library/PackageCache/com.unity.xr.openxr@58837b2992e0/Runtime/OpenXRLoader.cs:704)
UnityEngine.IntegratedSubsystemDescriptor`1<UnityEngine.XR.XRDisplaySubsystem>:Create ()
UnityEngine.IntegratedSubsystemDescriptor`1<UnityEngine.XR.XRDisplaySubsystem>:CreateImpl ()
UnityEngine.IntegratedSubsystemDescriptor:UnityEngine.ISubsystemDescriptor.Create ()
UnityEngine.XR.Management.XRLoaderHelper:CreateSubsystem<UnityEngine.XR.XRDisplaySubsystemDescriptor, UnityEngine.XR.XRDisplaySubsystem> (System.Collections.Generic.List`1<UnityEngine.XR.XRDisplaySubsystemDescriptor>,string) (at ./Library/PackageCache/com.unity.xr.management@e3a3882b360a/Runtime/XRLoaderHelper.cs:112)
UnityEngine.XR.OpenXR.OpenXRLoaderBase:CreateSubsystem<UnityEngine.XR.XRDisplaySubsystemDescriptor, UnityEngine.XR.XRDisplaySubsystem> (System.Collections.Generic.List`1<UnityEngine.XR.XRDisplaySubsystemDescriptor>,string) (at ./Library/PackageCache/com.unity.xr.openxr@58837b2992e0/Runtime/OpenXRLoader.cs:508)
UnityEngine.XR.OpenXR.OpenXRLoaderBase:CreateSubsystems () (at ./Library/PackageCache/com.unity.xr.openxr@58837b2992e0/Runtime/OpenXRLoader.cs:293)
UnityEngine.XR.OpenXR.OpenXRLoaderBase:InitializeInternal () (at ./Library/PackageCache/com.unity.xr.openxr@58837b2992e0/Runtime/OpenXRLoader.cs:266)
UnityEngine.XR.OpenXR.OpenXRLoaderBase:Initialize () (at ./Library/PackageCache/com.unity.xr.openxr@58837b2992e0/Runtime/OpenXRLoader.cs:207)
UnityEngine.XR.Management.XRManagerSettings:InitializeLoaderSync () (at ./Library/PackageCache/com.unity.xr.management@e3a3882b360a/Runtime/XRManagerSettings.cs:186)
UnityEngine.XR.Management.XRGeneralSettings:InitXRSDK () (at ./Library/PackageCache/com.unity.xr.management@e3a3882b360a/Runtime/XRGeneralSettings.cs:172)
UnityEngine.XR.Management.XRGeneralSettings:AttemptInitializeXRSDKOnLoad () (at ./Library/PackageCache/com.unity.xr.management@e3a3882b360a/Runtime/XRGeneralSettings.cs:145)

(Filename: ./Library/PackageCache/com.meta.xr.sdk.core@c0efcbf2ba70/Scripts/OpenXRFeatures/OpenXRNativeFuncs.cs Line: 64)

ErrorFunctionUnsupported: xrGetInstanceProcAddr failed to get function pointer for 'xrQuerySpacesFB'.
UnityEngine.Debug:ExtractStackTraceNoAlloc (byte*,int,string)
UnityEngine.StackTraceUtility:ExtractStackTrace ()
UnityEngine.DebugLogHandler:Internal_Log (UnityEngine.LogType,UnityEngine.LogOption,string,UnityEngine.Object)
UnityEngine.DebugLogHandler:LogFormat (UnityEngine.LogType,UnityEngine.Object,string,object[])
UnityEngine.Logger:Log (UnityEngine.LogType,object)
UnityEngine.Debug:LogWarning (object)
Meta.XR.OpenXRNativeFuncs:GetInstanceDelegate<Meta.XR.OpenXRNativeFuncs/xrQuerySpacesFB> (Meta.XR.OpenXRNativeFuncs/xrGetInstanceProcAddr,Meta.XR.XrInstance,string,Meta.XR.OpenXRNativeFuncs/xrQuerySpacesFB&) (at ./Library/PackageCache/com.meta.xr.sdk.core@c0efcbf2ba70/Scripts/OpenXRFeatures/OpenXRNativeFuncs.cs:64)
Meta.XR.MetaFeatureBase`1<Meta.XR.MetaXRFeature>:GetInstanceDelegate<Meta.XR.OpenXRNativeFuncs/xrQuerySpacesFB> (string,Meta.XR.OpenXRNativeFuncs/xrQuerySpacesFB&) (at ./Library/PackageCache/com.meta.xr.sdk.core@c0efcbf2ba70/Scripts/OpenXRFeatures/MetaFeatureBase.cs:182)
Meta.XR.MetaXRFeature:BindSpatialEntityFunctionPointers () (at ./Library/PackageCache/com.meta.xr.sdk.core@c0efcbf2ba70/Scripts/OpenXRFeatures/MetaXRSpatialEntityFeature.cs:37)
Meta.XR.MetaXRFeature:BindFunctionPointers () (at ./Library/PackageCache/com.meta.xr.sdk.core@c0efcbf2ba70/Scripts/OpenXRFeatures/MetaXRFeature.cs:501)
Meta.XR.MetaFeatureBase`1<Meta.XR.MetaXRFeature>:OnInstanceCreate (ulong) (at ./Library/PackageCache/com.meta.xr.sdk.core@c0efcbf2ba70/Scripts/OpenXRFeatures/MetaFeatureBase.cs:134)
Meta.XR.MetaXRFeature:OnInstanceCreate (ulong) (at ./Library/PackageCache/com.meta.xr.sdk.core@c0efcbf2ba70/Scripts/OpenXRFeatures/MetaXRFeature.cs:321)
UnityEngine.XR.OpenXR.Features.OpenXRFeature:ReceiveNativeEvent (UnityEngine.XR.OpenXR.Features.OpenXRFeature/NativeEvent,ulong) (at ./Library/PackageCache/com.unity.xr.openxr@58837b2992e0/Runtime/Features/OpenXRFeature.cs:698)
UnityEngine.XR.OpenXR.OpenXRLoaderBase:ReceiveNativeEvent (UnityEngine.XR.OpenXR.Features.OpenXRFeature/NativeEvent,ulong) (at ./Library/PackageCache/com.unity.xr.openxr@58837b2992e0/Runtime/OpenXRLoader.cs:704)
UnityEngine.IntegratedSubsystemDescriptor`1<UnityEngine.XR.XRDisplaySubsystem>:Create ()
UnityEngine.IntegratedSubsystemDescriptor`1<UnityEngine.XR.XRDisplaySubsystem>:CreateImpl ()
UnityEngine.IntegratedSubsystemDescriptor:UnityEngine.ISubsystemDescriptor.Create ()
UnityEngine.XR.Management.XRLoaderHelper:CreateSubsystem<UnityEngine.XR.XRDisplaySubsystemDescriptor, UnityEngine.XR.XRDisplaySubsystem> (System.Collections.Generic.List`1<UnityEngine.XR.XRDisplaySubsystemDescriptor>,string) (at ./Library/PackageCache/com.unity.xr.management@e3a3882b360a/Runtime/XRLoaderHelper.cs:112)
UnityEngine.XR.OpenXR.OpenXRLoaderBase:CreateSubsystem<UnityEngine.XR.XRDisplaySubsystemDescriptor, UnityEngine.XR.XRDisplaySubsystem> (System.Collections.Generic.List`1<UnityEngine.XR.XRDisplaySubsystemDescriptor>,string) (at ./Library/PackageCache/com.unity.xr.openxr@58837b2992e0/Runtime/OpenXRLoader.cs:508)
UnityEngine.XR.OpenXR.OpenXRLoaderBase:CreateSubsystems () (at ./Library/PackageCache/com.unity.xr.openxr@58837b2992e0/Runtime/OpenXRLoader.cs:293)
UnityEngine.XR.OpenXR.OpenXRLoaderBase:InitializeInternal () (at ./Library/PackageCache/com.unity.xr.openxr@58837b2992e0/Runtime/OpenXRLoader.cs:266)
UnityEngine.XR.OpenXR.OpenXRLoaderBase:Initialize () (at ./Library/PackageCache/com.unity.xr.openxr@58837b2992e0/Runtime/OpenXRLoader.cs:207)
UnityEngine.XR.Management.XRManagerSettings:InitializeLoaderSync () (at ./Library/PackageCache/com.unity.xr.management@e3a3882b360a/Runtime/XRManagerSettings.cs:186)
UnityEngine.XR.Management.XRGeneralSettings:InitXRSDK () (at ./Library/PackageCache/com.unity.xr.management@e3a3882b360a/Runtime/XRGeneralSettings.cs:172)
UnityEngine.XR.Management.XRGeneralSettings:AttemptInitializeXRSDKOnLoad () (at ./Library/PackageCache/com.unity.xr.management@e3a3882b360a/Runtime/XRGeneralSettings.cs:145)

(Filename: ./Library/PackageCache/com.meta.xr.sdk.core@c0efcbf2ba70/Scripts/OpenXRFeatures/OpenXRNativeFuncs.cs Line: 64)

ErrorFunctionUnsupported: xrGetInstanceProcAddr failed to get function pointer for 'xrGetSpaceContainerFB'.
UnityEngine.Debug:ExtractStackTraceNoAlloc (byte*,int,string)
UnityEngine.StackTraceUtility:ExtractStackTrace ()
UnityEngine.DebugLogHandler:Internal_Log (UnityEngine.LogType,UnityEngine.LogOption,string,UnityEngine.Object)
UnityEngine.DebugLogHandler:LogFormat (UnityEngine.LogType,UnityEngine.Object,string,object[])
UnityEngine.Logger:Log (UnityEngine.LogType,object)
UnityEngine.Debug:LogWarning (object)
Meta.XR.OpenXRNativeFuncs:GetInstanceDelegate<Meta.XR.OpenXRNativeFuncs/xrGetSpaceContainerFB> (Meta.XR.OpenXRNativeFuncs/xrGetInstanceProcAddr,Meta.XR.XrInstance,string,Meta.XR.OpenXRNativeFuncs/xrGetSpaceContainerFB&) (at ./Library/PackageCache/com.meta.xr.sdk.core@c0efcbf2ba70/Scripts/OpenXRFeatures/OpenXRNativeFuncs.cs:64)
Meta.XR.MetaFeatureBase`1<Meta.XR.MetaXRFeature>:GetInstanceDelegate<Meta.XR.OpenXRNativeFuncs/xrGetSpaceContainerFB> (string,Meta.XR.OpenXRNativeFuncs/xrGetSpaceContainerFB&) (at ./Library/PackageCache/com.meta.xr.sdk.core@c0efcbf2ba70/Scripts/OpenXRFeatures/MetaFeatureBase.cs:182)
Meta.XR.MetaXRFeature:BindSpatialEntityFunctionPointers () (at ./Library/PackageCache/com.meta.xr.sdk.core@c0efcbf2ba70/Scripts/OpenXRFeatures/MetaXRSpatialEntityFeature.cs:38)
Meta.XR.MetaXRFeature:BindFunctionPointers () (at ./Library/PackageCache/com.meta.xr.sdk.core@c0efcbf2ba70/Scripts/OpenXRFeatures/MetaXRFeature.cs:501)
Meta.XR.MetaFeatureBase`1<Meta.XR.MetaXRFeature>:OnInstanceCreate (ulong) (at ./Library/PackageCache/com.meta.xr.sdk.core@c0efcbf2ba70/Scripts/OpenXRFeatures/MetaFeatureBase.cs:134)
Meta.XR.MetaXRFeature:OnInstanceCreate (ulong) (at ./Library/PackageCache/com.meta.xr.sdk.core@c0efcbf2ba70/Scripts/OpenXRFeatures/MetaXRFeature.cs:321)
UnityEngine.XR.OpenXR.Features.OpenXRFeature:ReceiveNativeEvent (UnityEngine.XR.OpenXR.Features.OpenXRFeature/NativeEvent,ulong) (at ./Library/PackageCache/com.unity.xr.openxr@58837b2992e0/Runtime/Features/OpenXRFeature.cs:698)
UnityEngine.XR.OpenXR.OpenXRLoaderBase:ReceiveNativeEvent (UnityEngine.XR.OpenXR.Features.OpenXRFeature/NativeEvent,ulong) (at ./Library/PackageCache/com.unity.xr.openxr@58837b2992e0/Runtime/OpenXRLoader.cs:704)
UnityEngine.IntegratedSubsystemDescriptor`1<UnityEngine.XR.XRDisplaySubsystem>:Create ()
UnityEngine.IntegratedSubsystemDescriptor`1<UnityEngine.XR.XRDisplaySubsystem>:CreateImpl ()
UnityEngine.IntegratedSubsystemDescriptor:UnityEngine.ISubsystemDescriptor.Create ()
UnityEngine.XR.Management.XRLoaderHelper:CreateSubsystem<UnityEngine.XR.XRDisplaySubsystemDescriptor, UnityEngine.XR.XRDisplaySubsystem> (System.Collections.Generic.List`1<UnityEngine.XR.XRDisplaySubsystemDescriptor>,string) (at ./Library/PackageCache/com.unity.xr.management@e3a3882b360a/Runtime/XRLoaderHelper.cs:112)
UnityEngine.XR.OpenXR.OpenXRLoaderBase:CreateSubsystem<UnityEngine.XR.XRDisplaySubsystemDescriptor, UnityEngine.XR.XRDisplaySubsystem> (System.Collections.Generic.List`1<UnityEngine.XR.XRDisplaySubsystemDescriptor>,string) (at ./Library/PackageCache/com.unity.xr.openxr@58837b2992e0/Runtime/OpenXRLoader.cs:508)
UnityEngine.XR.OpenXR.OpenXRLoaderBase:CreateSubsystems () (at ./Library/PackageCache/com.unity.xr.openxr@58837b2992e0/Runtime/OpenXRLoader.cs:293)
UnityEngine.XR.OpenXR.OpenXRLoaderBase:InitializeInternal () (at ./Library/PackageCache/com.unity.xr.openxr@58837b2992e0/Runtime/OpenXRLoader.cs:266)
UnityEngine.XR.OpenXR.OpenXRLoaderBase:Initialize () (at ./Library/PackageCache/com.unity.xr.openxr@58837b2992e0/Runtime/OpenXRLoader.cs:207)
UnityEngine.XR.Management.XRManagerSettings:InitializeLoaderSync () (at ./Library/PackageCache/com.unity.xr.management@e3a3882b360a/Runtime/XRManagerSettings.cs:186)
UnityEngine.XR.Management.XRGeneralSettings:InitXRSDK () (at ./Library/PackageCache/com.unity.xr.management@e3a3882b360a/Runtime/XRGeneralSettings.cs:172)
UnityEngine.XR.Management.XRGeneralSettings:AttemptInitializeXRSDKOnLoad () (at ./Library/PackageCache/com.unity.xr.management@e3a3882b360a/Runtime/XRGeneralSettings.cs:145)

(Filename: ./Library/PackageCache/com.meta.xr.sdk.core@c0efcbf2ba70/Scripts/OpenXRFeatures/OpenXRNativeFuncs.cs Line: 64)

ErrorFunctionUnsupported: xrGetInstanceProcAddr failed to get function pointer for 'xrCreateSpatialAnchorFB'.
UnityEngine.Debug:ExtractStackTraceNoAlloc (byte*,int,string)
UnityEngine.StackTraceUtility:ExtractStackTrace ()
UnityEngine.DebugLogHandler:Internal_Log (UnityEngine.LogType,UnityEngine.LogOption,string,UnityEngine.Object)
UnityEngine.DebugLogHandler:LogFormat (UnityEngine.LogType,UnityEngine.Object,string,object[])
UnityEngine.Logger:Log (UnityEngine.LogType,object)
UnityEngine.Debug:LogWarning (object)
Meta.XR.OpenXRNativeFuncs:GetInstanceDelegate<Meta.XR.OpenXRNativeFuncs/xrCreateSpatialAnchorFB> (Meta.XR.OpenXRNativeFuncs/xrGetInstanceProcAddr,Meta.XR.XrInstance,string,Meta.XR.OpenXRNativeFuncs/xrCreateSpatialAnchorFB&) (at ./Library/PackageCache/com.meta.xr.sdk.core@c0efcbf2ba70/Scripts/OpenXRFeatures/OpenXRNativeFuncs.cs:64)
Meta.XR.MetaFeatureBase`1<Meta.XR.MetaXRFeature>:GetInstanceDelegate<Meta.XR.OpenXRNativeFuncs/xrCreateSpatialAnchorFB> (string,Meta.XR.OpenXRNativeFuncs/xrCreateSpatialAnchorFB&) (at ./Library/PackageCache/com.meta.xr.sdk.core@c0efcbf2ba70/Scripts/OpenXRFeatures/MetaFeatureBase.cs:182)
Meta.XR.MetaXRFeature:BindSpatialEntityFunctionPointers () (at ./Library/PackageCache/com.meta.xr.sdk.core@c0efcbf2ba70/Scripts/OpenXRFeatures/MetaXRSpatialEntityFeature.cs:39)
Meta.XR.MetaXRFeature:BindFunctionPointers () (at ./Library/PackageCache/com.meta.xr.sdk.core@c0efcbf2ba70/Scripts/OpenXRFeatures/MetaXRFeature.cs:501)
Meta.XR.MetaFeatureBase`1<Meta.XR.MetaXRFeature>:OnInstanceCreate (ulong) (at ./Library/PackageCache/com.meta.xr.sdk.core@c0efcbf2ba70/Scripts/OpenXRFeatures/MetaFeatureBase.cs:134)
Meta.XR.MetaXRFeature:OnInstanceCreate (ulong) (at ./Library/PackageCache/com.meta.xr.sdk.core@c0efcbf2ba70/Scripts/OpenXRFeatures/MetaXRFeature.cs:321)
UnityEngine.XR.OpenXR.Features.OpenXRFeature:ReceiveNativeEvent (UnityEngine.XR.OpenXR.Features.OpenXRFeature/NativeEvent,ulong) (at ./Library/PackageCache/com.unity.xr.openxr@58837b2992e0/Runtime/Features/OpenXRFeature.cs:698)
UnityEngine.XR.OpenXR.OpenXRLoaderBase:ReceiveNativeEvent (UnityEngine.XR.OpenXR.Features.OpenXRFeature/NativeEvent,ulong) (at ./Library/PackageCache/com.unity.xr.openxr@58837b2992e0/Runtime/OpenXRLoader.cs:704)
UnityEngine.IntegratedSubsystemDescriptor`1<UnityEngine.XR.XRDisplaySubsystem>:Create ()
UnityEngine.IntegratedSubsystemDescriptor`1<UnityEngine.XR.XRDisplaySubsystem>:CreateImpl ()
UnityEngine.IntegratedSubsystemDescriptor:UnityEngine.ISubsystemDescriptor.Create ()
UnityEngine.XR.Management.XRLoaderHelper:CreateSubsystem<UnityEngine.XR.XRDisplaySubsystemDescriptor, UnityEngine.XR.XRDisplaySubsystem> (System.Collections.Generic.List`1<UnityEngine.XR.XRDisplaySubsystemDescriptor>,string) (at ./Library/PackageCache/com.unity.xr.management@e3a3882b360a/Runtime/XRLoaderHelper.cs:112)
UnityEngine.XR.OpenXR.OpenXRLoaderBase:CreateSubsystem<UnityEngine.XR.XRDisplaySubsystemDescriptor, UnityEngine.XR.XRDisplaySubsystem> (System.Collections.Generic.List`1<UnityEngine.XR.XRDisplaySubsystemDescriptor>,string) (at ./Library/PackageCache/com.unity.xr.openxr@58837b2992e0/Runtime/OpenXRLoader.cs:508)
UnityEngine.XR.OpenXR.OpenXRLoaderBase:CreateSubsystems () (at ./Library/PackageCache/com.unity.xr.openxr@58837b2992e0/Runtime/OpenXRLoader.cs:293)
UnityEngine.XR.OpenXR.OpenXRLoaderBase:InitializeInternal () (at ./Library/PackageCache/com.unity.xr.openxr@58837b2992e0/Runtime/OpenXRLoader.cs:266)
UnityEngine.XR.OpenXR.OpenXRLoaderBase:Initialize () (at ./Library/PackageCache/com.unity.xr.openxr@58837b2992e0/Runtime/OpenXRLoader.cs:207)
UnityEngine.XR.Management.XRManagerSettings:InitializeLoaderSync () (at ./Library/PackageCache/com.unity.xr.management@e3a3882b360a/Runtime/XRManagerSettings.cs:186)
UnityEngine.XR.Management.XRGeneralSettings:InitXRSDK () (at ./Library/PackageCache/com.unity.xr.management@e3a3882b360a/Runtime/XRGeneralSettings.cs:172)
UnityEngine.XR.Management.XRGeneralSettings:AttemptInitializeXRSDKOnLoad () (at ./Library/PackageCache/com.unity.xr.management@e3a3882b360a/Runtime/XRGeneralSettings.cs:145)

(Filename: ./Library/PackageCache/com.meta.xr.sdk.core@c0efcbf2ba70/Scripts/OpenXRFeatures/OpenXRNativeFuncs.cs Line: 64)

ErrorFunctionUnsupported: xrGetInstanceProcAddr failed to get function pointer for 'xrGetSpaceUuidFB'.
UnityEngine.Debug:ExtractStackTraceNoAlloc (byte*,int,string)
UnityEngine.StackTraceUtility:ExtractStackTrace ()
UnityEngine.DebugLogHandler:Internal_Log (UnityEngine.LogType,UnityEngine.LogOption,string,UnityEngine.Object)
UnityEngine.DebugLogHandler:LogFormat (UnityEngine.LogType,UnityEngine.Object,string,object[])
UnityEngine.Logger:Log (UnityEngine.LogType,object)
UnityEngine.Debug:LogWarning (object)
Meta.XR.OpenXRNativeFuncs:GetInstanceDelegate<Meta.XR.OpenXRNativeFuncs/xrGetSpaceUuidFB> (Meta.XR.OpenXRNativeFuncs/xrGetInstanceProcAddr,Meta.XR.XrInstance,string,Meta.XR.OpenXRNativeFuncs/xrGetSpaceUuidFB&) (at ./Library/PackageCache/com.meta.xr.sdk.core@c0efcbf2ba70/Scripts/OpenXRFeatures/OpenXRNativeFuncs.cs:64)
Meta.XR.MetaFeatureBase`1<Meta.XR.MetaXRFeature>:GetInstanceDelegate<Meta.XR.OpenXRNativeFuncs/xrGetSpaceUuidFB> (string,Meta.XR.OpenXRNativeFuncs/xrGetSpaceUuidFB&) (at ./Library/PackageCache/com.meta.xr.sdk.core@c0efcbf2ba70/Scripts/OpenXRFeatures/MetaFeatureBase.cs:182)
Meta.XR.MetaXRFeature:BindSpatialEntityFunctionPointers () (at ./Library/PackageCache/com.meta.xr.sdk.core@c0efcbf2ba70/Scripts/OpenXRFeatures/MetaXRSpatialEntityFeature.cs:40)
Meta.XR.MetaXRFeature:BindFunctionPointers () (at ./Library/PackageCache/com.meta.xr.sdk.core@c0efcbf2ba70/Scripts/OpenXRFeatures/MetaXRFeature.cs:501)
Meta.XR.MetaFeatureBase`1<Meta.XR.MetaXRFeature>:OnInstanceCreate (ulong) (at ./Library/PackageCache/com.meta.xr.sdk.core@c0efcbf2ba70/Scripts/OpenXRFeatures/MetaFeatureBase.cs:134)
Meta.XR.MetaXRFeature:OnInstanceCreate (ulong) (at ./Library/PackageCache/com.meta.xr.sdk.core@c0efcbf2ba70/Scripts/OpenXRFeatures/MetaXRFeature.cs:321)
UnityEngine.XR.OpenXR.Features.OpenXRFeature:ReceiveNativeEvent (UnityEngine.XR.OpenXR.Features.OpenXRFeature/NativeEvent,ulong) (at ./Library/PackageCache/com.unity.xr.openxr@58837b2992e0/Runtime/Features/OpenXRFeature.cs:698)
UnityEngine.XR.OpenXR.OpenXRLoaderBase:ReceiveNativeEvent (UnityEngine.XR.OpenXR.Features.OpenXRFeature/NativeEvent,ulong) (at ./Library/PackageCache/com.unity.xr.openxr@58837b2992e0/Runtime/OpenXRLoader.cs:704)
UnityEngine.IntegratedSubsystemDescriptor`1<UnityEngine.XR.XRDisplaySubsystem>:Create ()
UnityEngine.IntegratedSubsystemDescriptor`1<UnityEngine.XR.XRDisplaySubsystem>:CreateImpl ()
UnityEngine.IntegratedSubsystemDescriptor:UnityEngine.ISubsystemDescriptor.Create ()
UnityEngine.XR.Management.XRLoaderHelper:CreateSubsystem<UnityEngine.XR.XRDisplaySubsystemDescriptor, UnityEngine.XR.XRDisplaySubsystem> (System.Collections.Generic.List`1<UnityEngine.XR.XRDisplaySubsystemDescriptor>,string) (at ./Library/PackageCache/com.unity.xr.management@e3a3882b360a/Runtime/XRLoaderHelper.cs:112)
UnityEngine.XR.OpenXR.OpenXRLoaderBase:CreateSubsystem<UnityEngine.XR.XRDisplaySubsystemDescriptor, UnityEngine.XR.XRDisplaySubsystem> (System.Collections.Generic.List`1<UnityEngine.XR.XRDisplaySubsystemDescriptor>,string) (at ./Library/PackageCache/com.unity.xr.openxr@58837b2992e0/Runtime/OpenXRLoader.cs:508)
UnityEngine.XR.OpenXR.OpenXRLoaderBase:CreateSubsystems () (at ./Library/PackageCache/com.unity.xr.openxr@58837b2992e0/Runtime/OpenXRLoader.cs:293)
UnityEngine.XR.OpenXR.OpenXRLoaderBase:InitializeInternal () (at ./Library/PackageCache/com.unity.xr.openxr@58837b2992e0/Runtime/OpenXRLoader.cs:266)
UnityEngine.XR.OpenXR.OpenXRLoaderBase:Initialize () (at ./Library/PackageCache/com.unity.xr.openxr@58837b2992e0/Runtime/OpenXRLoader.cs:207)
UnityEngine.XR.Management.XRManagerSettings:InitializeLoaderSync () (at ./Library/PackageCache/com.unity.xr.management@e3a3882b360a/Runtime/XRManagerSettings.cs:186)
UnityEngine.XR.Management.XRGeneralSettings:InitXRSDK () (at ./Library/PackageCache/com.unity.xr.management@e3a3882b360a/Runtime/XRGeneralSettings.cs:172)
UnityEngine.XR.Management.XRGeneralSettings:AttemptInitializeXRSDKOnLoad () (at ./Library/PackageCache/com.unity.xr.management@e3a3882b360a/Runtime/XRGeneralSettings.cs:145)

(Filename: ./Library/PackageCache/com.meta.xr.sdk.core@c0efcbf2ba70/Scripts/OpenXRFeatures/OpenXRNativeFuncs.cs Line: 64)

ErrorFunctionUnsupported: xrGetInstanceProcAddr failed to get function pointer for 'xrEnumerateSpaceSupportedComponentsFB'.
UnityEngine.Debug:ExtractStackTraceNoAlloc (byte*,int,string)
UnityEngine.StackTraceUtility:ExtractStackTrace ()
UnityEngine.DebugLogHandler:Internal_Log (UnityEngine.LogType,UnityEngine.LogOption,string,UnityEngine.Object)
UnityEngine.DebugLogHandler:LogFormat (UnityEngine.LogType,UnityEngine.Object,string,object[])
UnityEngine.Logger:Log (UnityEngine.LogType,object)
UnityEngine.Debug:LogWarning (object)
Meta.XR.OpenXRNativeFuncs:GetInstanceDelegate<Meta.XR.OpenXRNativeFuncs/xrEnumerateSpaceSupportedComponentsFB> (Meta.XR.OpenXRNativeFuncs/xrGetInstanceProcAddr,Meta.XR.XrInstance,string,Meta.XR.OpenXRNativeFuncs/xrEnumerateSpaceSupportedComponentsFB&) (at ./Library/PackageCache/com.meta.xr.sdk.core@c0efcbf2ba70/Scripts/OpenXRFeatures/OpenXRNativeFuncs.cs:64)
Meta.XR.MetaFeatureBase`1<Meta.XR.MetaXRFeature>:GetInstanceDelegate<Meta.XR.OpenXRNativeFuncs/xrEnumerateSpaceSupportedComponentsFB> (string,Meta.XR.OpenXRNativeFuncs/xrEnumerateSpaceSupportedComponentsFB&) (at ./Library/PackageCache/com.meta.xr.sdk.core@c0efcbf2ba70/Scripts/OpenXRFeatures/MetaFeatureBase.cs:182)
Meta.XR.MetaXRFeature:BindSpatialEntityFunctionPointers () (at ./Library/PackageCache/com.meta.xr.sdk.core@c0efcbf2ba70/Scripts/OpenXRFeatures/MetaXRSpatialEntityFeature.cs:41)
Meta.XR.MetaXRFeature:BindFunctionPointers () (at ./Library/PackageCache/com.meta.xr.sdk.core@c0efcbf2ba70/Scripts/OpenXRFeatures/MetaXRFeature.cs:501)
Meta.XR.MetaFeatureBase`1<Meta.XR.MetaXRFeature>:OnInstanceCreate (ulong) (at ./Library/PackageCache/com.meta.xr.sdk.core@c0efcbf2ba70/Scripts/OpenXRFeatures/MetaFeatureBase.cs:134)
Meta.XR.MetaXRFeature:OnInstanceCreate (ulong) (at ./Library/PackageCache/com.meta.xr.sdk.core@c0efcbf2ba70/Scripts/OpenXRFeatures/MetaXRFeature.cs:321)
UnityEngine.XR.OpenXR.Features.OpenXRFeature:ReceiveNativeEvent (UnityEngine.XR.OpenXR.Features.OpenXRFeature/NativeEvent,ulong) (at ./Library/PackageCache/com.unity.xr.openxr@58837b2992e0/Runtime/Features/OpenXRFeature.cs:698)
UnityEngine.XR.OpenXR.OpenXRLoaderBase:ReceiveNativeEvent (UnityEngine.XR.OpenXR.Features.OpenXRFeature/NativeEvent,ulong) (at ./Library/PackageCache/com.unity.xr.openxr@58837b2992e0/Runtime/OpenXRLoader.cs:704)
UnityEngine.IntegratedSubsystemDescriptor`1<UnityEngine.XR.XRDisplaySubsystem>:Create ()
UnityEngine.IntegratedSubsystemDescriptor`1<UnityEngine.XR.XRDisplaySubsystem>:CreateImpl ()
UnityEngine.IntegratedSubsystemDescriptor:UnityEngine.ISubsystemDescriptor.Create ()
UnityEngine.XR.Management.XRLoaderHelper:CreateSubsystem<UnityEngine.XR.XRDisplaySubsystemDescriptor, UnityEngine.XR.XRDisplaySubsystem> (System.Collections.Generic.List`1<UnityEngine.XR.XRDisplaySubsystemDescriptor>,string) (at ./Library/PackageCache/com.unity.xr.management@e3a3882b360a/Runtime/XRLoaderHelper.cs:112)
UnityEngine.XR.OpenXR.OpenXRLoaderBase:CreateSubsystem<UnityEngine.XR.XRDisplaySubsystemDescriptor, UnityEngine.XR.XRDisplaySubsystem> (System.Collections.Generic.List`1<UnityEngine.XR.XRDisplaySubsystemDescriptor>,string) (at ./Library/PackageCache/com.unity.xr.openxr@58837b2992e0/Runtime/OpenXRLoader.cs:508)
UnityEngine.XR.OpenXR.OpenXRLoaderBase:CreateSubsystems () (at ./Library/PackageCache/com.unity.xr.openxr@58837b2992e0/Runtime/OpenXRLoader.cs:293)
UnityEngine.XR.OpenXR.OpenXRLoaderBase:InitializeInternal () (at ./Library/PackageCache/com.unity.xr.openxr@58837b2992e0/Runtime/OpenXRLoader.cs:266)
UnityEngine.XR.OpenXR.OpenXRLoaderBase:Initialize () (at ./Library/PackageCache/com.unity.xr.openxr@58837b2992e0/Runtime/OpenXRLoader.cs:207)
UnityEngine.XR.Management.XRManagerSettings:InitializeLoaderSync () (at ./Library/PackageCache/com.unity.xr.management@e3a3882b360a/Runtime/XRManagerSettings.cs:186)
UnityEngine.XR.Management.XRGeneralSettings:InitXRSDK () (at ./Library/PackageCache/com.unity.xr.management@e3a3882b360a/Runtime/XRGeneralSettings.cs:172)
UnityEngine.XR.Management.XRGeneralSettings:AttemptInitializeXRSDKOnLoad () (at ./Library/PackageCache/com.unity.xr.management@e3a3882b360a/Runtime/XRGeneralSettings.cs:145)

(Filename: ./Library/PackageCache/com.meta.xr.sdk.core@c0efcbf2ba70/Scripts/OpenXRFeatures/OpenXRNativeFuncs.cs Line: 64)

ErrorFunctionUnsupported: xrGetInstanceProcAddr failed to get function pointer for 'xrGetSpaceComponentStatusFB'.
UnityEngine.Debug:ExtractStackTraceNoAlloc (byte*,int,string)
UnityEngine.StackTraceUtility:ExtractStackTrace ()
UnityEngine.DebugLogHandler:Internal_Log (UnityEngine.LogType,UnityEngine.LogOption,string,UnityEngine.Object)
UnityEngine.DebugLogHandler:LogFormat (UnityEngine.LogType,UnityEngine.Object,string,object[])
UnityEngine.Logger:Log (UnityEngine.LogType,object)
UnityEngine.Debug:LogWarning (object)
Meta.XR.OpenXRNativeFuncs:GetInstanceDelegate<Meta.XR.OpenXRNativeFuncs/xrGetSpaceComponentStatusFB> (Meta.XR.OpenXRNativeFuncs/xrGetInstanceProcAddr,Meta.XR.XrInstance,string,Meta.XR.OpenXRNativeFuncs/xrGetSpaceComponentStatusFB&) (at ./Library/PackageCache/com.meta.xr.sdk.core@c0efcbf2ba70/Scripts/OpenXRFeatures/OpenXRNativeFuncs.cs:64)
Meta.XR.MetaFeatureBase`1<Meta.XR.MetaXRFeature>:GetInstanceDelegate<Meta.XR.OpenXRNativeFuncs/xrGetSpaceComponentStatusFB> (string,Meta.XR.OpenXRNativeFuncs/xrGetSpaceComponentStatusFB&) (at ./Library/PackageCache/com.meta.xr.sdk.core@c0efcbf2ba70/Scripts/OpenXRFeatures/MetaFeatureBase.cs:182)
Meta.XR.MetaXRFeature:BindSpatialEntityFunctionPointers () (at ./Library/PackageCache/com.meta.xr.sdk.core@c0efcbf2ba70/Scripts/OpenXRFeatures/MetaXRSpatialEntityFeature.cs:42)
Meta.XR.MetaXRFeature:BindFunctionPointers () (at ./Library/PackageCache/com.meta.xr.sdk.core@c0efcbf2ba70/Scripts/OpenXRFeatures/MetaXRFeature.cs:501)
Meta.XR.MetaFeatureBase`1<Meta.XR.MetaXRFeature>:OnInstanceCreate (ulong) (at ./Library/PackageCache/com.meta.xr.sdk.core@c0efcbf2ba70/Scripts/OpenXRFeatures/MetaFeatureBase.cs:134)
Meta.XR.MetaXRFeature:OnInstanceCreate (ulong) (at ./Library/PackageCache/com.meta.xr.sdk.core@c0efcbf2ba70/Scripts/OpenXRFeatures/MetaXRFeature.cs:321)
UnityEngine.XR.OpenXR.Features.OpenXRFeature:ReceiveNativeEvent (UnityEngine.XR.OpenXR.Features.OpenXRFeature/NativeEvent,ulong) (at ./Library/PackageCache/com.unity.xr.openxr@58837b2992e0/Runtime/Features/OpenXRFeature.cs:698)
UnityEngine.XR.OpenXR.OpenXRLoaderBase:ReceiveNativeEvent (UnityEngine.XR.OpenXR.Features.OpenXRFeature/NativeEvent,ulong) (at ./Library/PackageCache/com.unity.xr.openxr@58837b2992e0/Runtime/OpenXRLoader.cs:704)
UnityEngine.IntegratedSubsystemDescriptor`1<UnityEngine.XR.XRDisplaySubsystem>:Create ()
UnityEngine.IntegratedSubsystemDescriptor`1<UnityEngine.XR.XRDisplaySubsystem>:CreateImpl ()
UnityEngine.IntegratedSubsystemDescriptor:UnityEngine.ISubsystemDescriptor.Create ()
UnityEngine.XR.Management.XRLoaderHelper:CreateSubsystem<UnityEngine.XR.XRDisplaySubsystemDescriptor, UnityEngine.XR.XRDisplaySubsystem> (System.Collections.Generic.List`1<UnityEngine.XR.XRDisplaySubsystemDescriptor>,string) (at ./Library/PackageCache/com.unity.xr.management@e3a3882b360a/Runtime/XRLoaderHelper.cs:112)
UnityEngine.XR.OpenXR.OpenXRLoaderBase:CreateSubsystem<UnityEngine.XR.XRDisplaySubsystemDescriptor, UnityEngine.XR.XRDisplaySubsystem> (System.Collections.Generic.List`1<UnityEngine.XR.XRDisplaySubsystemDescriptor>,string) (at ./Library/PackageCache/com.unity.xr.openxr@58837b2992e0/Runtime/OpenXRLoader.cs:508)
UnityEngine.XR.OpenXR.OpenXRLoaderBase:CreateSubsystems () (at ./Library/PackageCache/com.unity.xr.openxr@58837b2992e0/Runtime/OpenXRLoader.cs:293)
UnityEngine.XR.OpenXR.OpenXRLoaderBase:InitializeInternal () (at ./Library/PackageCache/com.unity.xr.openxr@58837b2992e0/Runtime/OpenXRLoader.cs:266)
UnityEngine.XR.OpenXR.OpenXRLoaderBase:Initialize () (at ./Library/PackageCache/com.unity.xr.openxr@58837b2992e0/Runtime/OpenXRLoader.cs:207)
UnityEngine.XR.Management.XRManagerSettings:InitializeLoaderSync () (at ./Library/PackageCache/com.unity.xr.management@e3a3882b360a/Runtime/XRManagerSettings.cs:186)
UnityEngine.XR.Management.XRGeneralSettings:InitXRSDK () (at ./Library/PackageCache/com.unity.xr.management@e3a3882b360a/Runtime/XRGeneralSettings.cs:172)
UnityEngine.XR.Management.XRGeneralSettings:AttemptInitializeXRSDKOnLoad () (at ./Library/PackageCache/com.unity.xr.management@e3a3882b360a/Runtime/XRGeneralSettings.cs:145)

(Filename: ./Library/PackageCache/com.meta.xr.sdk.core@c0efcbf2ba70/Scripts/OpenXRFeatures/OpenXRNativeFuncs.cs Line: 64)

ErrorFunctionUnsupported: xrGetInstanceProcAddr failed to get function pointer for 'xrRetrieveSpaceQueryResultsFB'.
UnityEngine.Debug:ExtractStackTraceNoAlloc (byte*,int,string)
UnityEngine.StackTraceUtility:ExtractStackTrace ()
UnityEngine.DebugLogHandler:Internal_Log (UnityEngine.LogType,UnityEngine.LogOption,string,UnityEngine.Object)
UnityEngine.DebugLogHandler:LogFormat (UnityEngine.LogType,UnityEngine.Object,string,object[])
UnityEngine.Logger:Log (UnityEngine.LogType,object)
UnityEngine.Debug:LogWarning (object)
Meta.XR.OpenXRNativeFuncs:GetInstanceDelegate<Meta.XR.OpenXRNativeFuncs/xrRetrieveSpaceQueryResultsFB> (Meta.XR.OpenXRNativeFuncs/xrGetInstanceProcAddr,Meta.XR.XrInstance,string,Meta.XR.OpenXRNativeFuncs/xrRetrieveSpaceQueryResultsFB&) (at ./Library/PackageCache/com.meta.xr.sdk.core@c0efcbf2ba70/Scripts/OpenXRFeatures/OpenXRNativeFuncs.cs:64)
Meta.XR.MetaFeatureBase`1<Meta.XR.MetaXRFeature>:GetInstanceDelegate<Meta.XR.OpenXRNativeFuncs/xrRetrieveSpaceQueryResultsFB> (string,Meta.XR.OpenXRNativeFuncs/xrRetrieveSpaceQueryResultsFB&) (at ./Library/PackageCache/com.meta.xr.sdk.core@c0efcbf2ba70/Scripts/OpenXRFeatures/MetaFeatureBase.cs:182)
Meta.XR.MetaXRFeature:BindSpatialEntityFunctionPointers () (at ./Library/PackageCache/com.meta.xr.sdk.core@c0efcbf2ba70/Scripts/OpenXRFeatures/MetaXRSpatialEntityFeature.cs:43)
Meta.XR.MetaXRFeature:BindFunctionPointers () (at ./Library/PackageCache/com.meta.xr.sdk.core@c0efcbf2ba70/Scripts/OpenXRFeatures/MetaXRFeature.cs:501)
Meta.XR.MetaFeatureBase`1<Meta.XR.MetaXRFeature>:OnInstanceCreate (ulong) (at ./Library/PackageCache/com.meta.xr.sdk.core@c0efcbf2ba70/Scripts/OpenXRFeatures/MetaFeatureBase.cs:134)
Meta.XR.MetaXRFeature:OnInstanceCreate (ulong) (at ./Library/PackageCache/com.meta.xr.sdk.core@c0efcbf2ba70/Scripts/OpenXRFeatures/MetaXRFeature.cs:321)
UnityEngine.XR.OpenXR.Features.OpenXRFeature:ReceiveNativeEvent (UnityEngine.XR.OpenXR.Features.OpenXRFeature/NativeEvent,ulong) (at ./Library/PackageCache/com.unity.xr.openxr@58837b2992e0/Runtime/Features/OpenXRFeature.cs:698)
UnityEngine.XR.OpenXR.OpenXRLoaderBase:ReceiveNativeEvent (UnityEngine.XR.OpenXR.Features.OpenXRFeature/NativeEvent,ulong) (at ./Library/PackageCache/com.unity.xr.openxr@58837b2992e0/Runtime/OpenXRLoader.cs:704)
UnityEngine.IntegratedSubsystemDescriptor`1<UnityEngine.XR.XRDisplaySubsystem>:Create ()
UnityEngine.IntegratedSubsystemDescriptor`1<UnityEngine.XR.XRDisplaySubsystem>:CreateImpl ()
UnityEngine.IntegratedSubsystemDescriptor:UnityEngine.ISubsystemDescriptor.Create ()
UnityEngine.XR.Management.XRLoaderHelper:CreateSubsystem<UnityEngine.XR.XRDisplaySubsystemDescriptor, UnityEngine.XR.XRDisplaySubsystem> (System.Collections.Generic.List`1<UnityEngine.XR.XRDisplaySubsystemDescriptor>,string) (at ./Library/PackageCache/com.unity.xr.management@e3a3882b360a/Runtime/XRLoaderHelper.cs:112)
UnityEngine.XR.OpenXR.OpenXRLoaderBase:CreateSubsystem<UnityEngine.XR.XRDisplaySubsystemDescriptor, UnityEngine.XR.XRDisplaySubsystem> (System.Collections.Generic.List`1<UnityEngine.XR.XRDisplaySubsystemDescriptor>,string) (at ./Library/PackageCache/com.unity.xr.openxr@58837b2992e0/Runtime/OpenXRLoader.cs:508)
UnityEngine.XR.OpenXR.OpenXRLoaderBase:CreateSubsystems () (at ./Library/PackageCache/com.unity.xr.openxr@58837b2992e0/Runtime/OpenXRLoader.cs:293)
UnityEngine.XR.OpenXR.OpenXRLoaderBase:InitializeInternal () (at ./Library/PackageCache/com.unity.xr.openxr@58837b2992e0/Runtime/OpenXRLoader.cs:266)
UnityEngine.XR.OpenXR.OpenXRLoaderBase:Initialize () (at ./Library/PackageCache/com.unity.xr.openxr@58837b2992e0/Runtime/OpenXRLoader.cs:207)
UnityEngine.XR.Management.XRManagerSettings:InitializeLoaderSync () (at ./Library/PackageCache/com.unity.xr.management@e3a3882b360a/Runtime/XRManagerSettings.cs:186)
UnityEngine.XR.Management.XRGeneralSettings:InitXRSDK () (at ./Library/PackageCache/com.unity.xr.management@e3a3882b360a/Runtime/XRGeneralSettings.cs:172)
UnityEngine.XR.Management.XRGeneralSettings:AttemptInitializeXRSDKOnLoad () (at ./Library/PackageCache/com.unity.xr.management@e3a3882b360a/Runtime/XRGeneralSettings.cs:145)

(Filename: ./Library/PackageCache/com.meta.xr.sdk.core@c0efcbf2ba70/Scripts/OpenXRFeatures/OpenXRNativeFuncs.cs Line: 64)

ErrorFunctionUnsupported: xrGetInstanceProcAddr failed to get function pointer for 'xrSetSpaceComponentStatusFB'.
UnityEngine.Debug:ExtractStackTraceNoAlloc (byte*,int,string)
UnityEngine.StackTraceUtility:ExtractStackTrace ()
UnityEngine.DebugLogHandler:Internal_Log (UnityEngine.LogType,UnityEngine.LogOption,string,UnityEngine.Object)
UnityEngine.DebugLogHandler:LogFormat (UnityEngine.LogType,UnityEngine.Object,string,object[])
UnityEngine.Logger:Log (UnityEngine.LogType,object)
UnityEngine.Debug:LogWarning (object)
Meta.XR.OpenXRNativeFuncs:GetInstanceDelegate<Meta.XR.OpenXRNativeFuncs/xrSetSpaceComponentStatusFB> (Meta.XR.OpenXRNativeFuncs/xrGetInstanceProcAddr,Meta.XR.XrInstance,string,Meta.XR.OpenXRNativeFuncs/xrSetSpaceComponentStatusFB&) (at ./Library/PackageCache/com.meta.xr.sdk.core@c0efcbf2ba70/Scripts/OpenXRFeatures/OpenXRNativeFuncs.cs:64)
Meta.XR.MetaFeatureBase`1<Meta.XR.MetaXRFeature>:GetInstanceDelegate<Meta.XR.OpenXRNativeFuncs/xrSetSpaceComponentStatusFB> (string,Meta.XR.OpenXRNativeFuncs/xrSetSpaceComponentStatusFB&) (at ./Library/PackageCache/com.meta.xr.sdk.core@c0efcbf2ba70/Scripts/OpenXRFeatures/MetaFeatureBase.cs:182)
Meta.XR.MetaXRFeature:BindSpatialEntityFunctionPointers () (at ./Library/PackageCache/com.meta.xr.sdk.core@c0efcbf2ba70/Scripts/OpenXRFeatures/MetaXRSpatialEntityFeature.cs:44)
Meta.XR.MetaXRFeature:BindFunctionPointers () (at ./Library/PackageCache/com.meta.xr.sdk.core@c0efcbf2ba70/Scripts/OpenXRFeatures/MetaXRFeature.cs:501)
Meta.XR.MetaFeatureBase`1<Meta.XR.MetaXRFeature>:OnInstanceCreate (ulong) (at ./Library/PackageCache/com.meta.xr.sdk.core@c0efcbf2ba70/Scripts/OpenXRFeatures/MetaFeatureBase.cs:134)
Meta.XR.MetaXRFeature:OnInstanceCreate (ulong) (at ./Library/PackageCache/com.meta.xr.sdk.core@c0efcbf2ba70/Scripts/OpenXRFeatures/MetaXRFeature.cs:321)
UnityEngine.XR.OpenXR.Features.OpenXRFeature:ReceiveNativeEvent (UnityEngine.XR.OpenXR.Features.OpenXRFeature/NativeEvent,ulong) (at ./Library/PackageCache/com.unity.xr.openxr@58837b2992e0/Runtime/Features/OpenXRFeature.cs:698)
UnityEngine.XR.OpenXR.OpenXRLoaderBase:ReceiveNativeEvent (UnityEngine.XR.OpenXR.Features.OpenXRFeature/NativeEvent,ulong) (at ./Library/PackageCache/com.unity.xr.openxr@58837b2992e0/Runtime/OpenXRLoader.cs:704)
UnityEngine.IntegratedSubsystemDescriptor`1<UnityEngine.XR.XRDisplaySubsystem>:Create ()
UnityEngine.IntegratedSubsystemDescriptor`1<UnityEngine.XR.XRDisplaySubsystem>:CreateImpl ()
UnityEngine.IntegratedSubsystemDescriptor:UnityEngine.ISubsystemDescriptor.Create ()
UnityEngine.XR.Management.XRLoaderHelper:CreateSubsystem<UnityEngine.XR.XRDisplaySubsystemDescriptor, UnityEngine.XR.XRDisplaySubsystem> (System.Collections.Generic.List`1<UnityEngine.XR.XRDisplaySubsystemDescriptor>,string) (at ./Library/PackageCache/com.unity.xr.management@e3a3882b360a/Runtime/XRLoaderHelper.cs:112)
UnityEngine.XR.OpenXR.OpenXRLoaderBase:CreateSubsystem<UnityEngine.XR.XRDisplaySubsystemDescriptor, UnityEngine.XR.XRDisplaySubsystem> (System.Collections.Generic.List`1<UnityEngine.XR.XRDisplaySubsystemDescriptor>,string) (at ./Library/PackageCache/com.unity.xr.openxr@58837b2992e0/Runtime/OpenXRLoader.cs:508)
UnityEngine.XR.OpenXR.OpenXRLoaderBase:CreateSubsystems () (at ./Library/PackageCache/com.unity.xr.openxr@58837b2992e0/Runtime/OpenXRLoader.cs:293)
UnityEngine.XR.OpenXR.OpenXRLoaderBase:InitializeInternal () (at ./Library/PackageCache/com.unity.xr.openxr@58837b2992e0/Runtime/OpenXRLoader.cs:266)
UnityEngine.XR.OpenXR.OpenXRLoaderBase:Initialize () (at ./Library/PackageCache/com.unity.xr.openxr@58837b2992e0/Runtime/OpenXRLoader.cs:207)
UnityEngine.XR.Management.XRManagerSettings:InitializeLoaderSync () (at ./Library/PackageCache/com.unity.xr.management@e3a3882b360a/Runtime/XRManagerSettings.cs:186)
UnityEngine.XR.Management.XRGeneralSettings:InitXRSDK () (at ./Library/PackageCache/com.unity.xr.management@e3a3882b360a/Runtime/XRGeneralSettings.cs:172)
UnityEngine.XR.Management.XRGeneralSettings:AttemptInitializeXRSDKOnLoad () (at ./Library/PackageCache/com.unity.xr.management@e3a3882b360a/Runtime/XRGeneralSettings.cs:145)

(Filename: ./Library/PackageCache/com.meta.xr.sdk.core@c0efcbf2ba70/Scripts/OpenXRFeatures/OpenXRNativeFuncs.cs Line: 64)

ErrorFunctionUnsupported: xrGetInstanceProcAddr failed to get function pointer for 'xrSaveSpacesMETA'.
UnityEngine.Debug:ExtractStackTraceNoAlloc (byte*,int,string)
UnityEngine.StackTraceUtility:ExtractStackTrace ()
UnityEngine.DebugLogHandler:Internal_Log (UnityEngine.LogType,UnityEngine.LogOption,string,UnityEngine.Object)
UnityEngine.DebugLogHandler:LogFormat (UnityEngine.LogType,UnityEngine.Object,string,object[])
UnityEngine.Logger:Log (UnityEngine.LogType,object)
UnityEngine.Debug:LogWarning (object)
Meta.XR.OpenXRNativeFuncs:GetInstanceDelegate<Meta.XR.OpenXRNativeFuncs/xrSaveSpacesMETA> (Meta.XR.OpenXRNativeFuncs/xrGetInstanceProcAddr,Meta.XR.XrInstance,string,Meta.XR.OpenXRNativeFuncs/xrSaveSpacesMETA&) (at ./Library/PackageCache/com.meta.xr.sdk.core@c0efcbf2ba70/Scripts/OpenXRFeatures/OpenXRNativeFuncs.cs:64)
Meta.XR.MetaFeatureBase`1<Meta.XR.MetaXRFeature>:GetInstanceDelegate<Meta.XR.OpenXRNativeFuncs/xrSaveSpacesMETA> (string,Meta.XR.OpenXRNativeFuncs/xrSaveSpacesMETA&) (at ./Library/PackageCache/com.meta.xr.sdk.core@c0efcbf2ba70/Scripts/OpenXRFeatures/MetaFeatureBase.cs:182)
Meta.XR.MetaXRFeature:BindSpatialEntityFunctionPointers () (at ./Library/PackageCache/com.meta.xr.sdk.core@c0efcbf2ba70/Scripts/OpenXRFeatures/MetaXRSpatialEntityFeature.cs:45)
Meta.XR.MetaXRFeature:BindFunctionPointers () (at ./Library/PackageCache/com.meta.xr.sdk.core@c0efcbf2ba70/Scripts/OpenXRFeatures/MetaXRFeature.cs:501)
Meta.XR.MetaFeatureBase`1<Meta.XR.MetaXRFeature>:OnInstanceCreate (ulong) (at ./Library/PackageCache/com.meta.xr.sdk.core@c0efcbf2ba70/Scripts/OpenXRFeatures/MetaFeatureBase.cs:134)
Meta.XR.MetaXRFeature:OnInstanceCreate (ulong) (at ./Library/PackageCache/com.meta.xr.sdk.core@c0efcbf2ba70/Scripts/OpenXRFeatures/MetaXRFeature.cs:321)
UnityEngine.XR.OpenXR.Features.OpenXRFeature:ReceiveNativeEvent (UnityEngine.XR.OpenXR.Features.OpenXRFeature/NativeEvent,ulong) (at ./Library/PackageCache/com.unity.xr.openxr@58837b2992e0/Runtime/Features/OpenXRFeature.cs:698)
UnityEngine.XR.OpenXR.OpenXRLoaderBase:ReceiveNativeEvent (UnityEngine.XR.OpenXR.Features.OpenXRFeature/NativeEvent,ulong) (at ./Library/PackageCache/com.unity.xr.openxr@58837b2992e0/Runtime/OpenXRLoader.cs:704)
UnityEngine.IntegratedSubsystemDescriptor`1<UnityEngine.XR.XRDisplaySubsystem>:Create ()
UnityEngine.IntegratedSubsystemDescriptor`1<UnityEngine.XR.XRDisplaySubsystem>:CreateImpl ()
UnityEngine.IntegratedSubsystemDescriptor:UnityEngine.ISubsystemDescriptor.Create ()
UnityEngine.XR.Management.XRLoaderHelper:CreateSubsystem<UnityEngine.XR.XRDisplaySubsystemDescriptor, UnityEngine.XR.XRDisplaySubsystem> (System.Collections.Generic.List`1<UnityEngine.XR.XRDisplaySubsystemDescriptor>,string) (at ./Library/PackageCache/com.unity.xr.management@e3a3882b360a/Runtime/XRLoaderHelper.cs:112)
UnityEngine.XR.OpenXR.OpenXRLoaderBase:CreateSubsystem<UnityEngine.XR.XRDisplaySubsystemDescriptor, UnityEngine.XR.XRDisplaySubsystem> (System.Collections.Generic.List`1<UnityEngine.XR.XRDisplaySubsystemDescriptor>,string) (at ./Library/PackageCache/com.unity.xr.openxr@58837b2992e0/Runtime/OpenXRLoader.cs:508)
UnityEngine.XR.OpenXR.OpenXRLoaderBase:CreateSubsystems () (at ./Library/PackageCache/com.unity.xr.openxr@58837b2992e0/Runtime/OpenXRLoader.cs:293)
UnityEngine.XR.OpenXR.OpenXRLoaderBase:InitializeInternal () (at ./Library/PackageCache/com.unity.xr.openxr@58837b2992e0/Runtime/OpenXRLoader.cs:266)
UnityEngine.XR.OpenXR.OpenXRLoaderBase:Initialize () (at ./Library/PackageCache/com.unity.xr.openxr@58837b2992e0/Runtime/OpenXRLoader.cs:207)
UnityEngine.XR.Management.XRManagerSettings:InitializeLoaderSync () (at ./Library/PackageCache/com.unity.xr.management@e3a3882b360a/Runtime/XRManagerSettings.cs:186)
UnityEngine.XR.Management.XRGeneralSettings:InitXRSDK () (at ./Library/PackageCache/com.unity.xr.management@e3a3882b360a/Runtime/XRGeneralSettings.cs:172)
UnityEngine.XR.Management.XRGeneralSettings:AttemptInitializeXRSDKOnLoad () (at ./Library/PackageCache/com.unity.xr.management@e3a3882b360a/Runtime/XRGeneralSettings.cs:145)

(Filename: ./Library/PackageCache/com.meta.xr.sdk.core@c0efcbf2ba70/Scripts/OpenXRFeatures/OpenXRNativeFuncs.cs Line: 64)

ErrorFunctionUnsupported: xrGetInstanceProcAddr failed to get function pointer for 'xrEraseSpacesMETA'.
UnityEngine.Debug:ExtractStackTraceNoAlloc (byte*,int,string)
UnityEngine.StackTraceUtility:ExtractStackTrace ()
UnityEngine.DebugLogHandler:Internal_Log (UnityEngine.LogType,UnityEngine.LogOption,string,UnityEngine.Object)
UnityEngine.DebugLogHandler:LogFormat (UnityEngine.LogType,UnityEngine.Object,string,object[])
UnityEngine.Logger:Log (UnityEngine.LogType,object)
UnityEngine.Debug:LogWarning (object)
Meta.XR.OpenXRNativeFuncs:GetInstanceDelegate<Meta.XR.OpenXRNativeFuncs/xrEraseSpacesMETA> (Meta.XR.OpenXRNativeFuncs/xrGetInstanceProcAddr,Meta.XR.XrInstance,string,Meta.XR.OpenXRNativeFuncs/xrEraseSpacesMETA&) (at ./Library/PackageCache/com.meta.xr.sdk.core@c0efcbf2ba70/Scripts/OpenXRFeatures/OpenXRNativeFuncs.cs:64)
Meta.XR.MetaFeatureBase`1<Meta.XR.MetaXRFeature>:GetInstanceDelegate<Meta.XR.OpenXRNativeFuncs/xrEraseSpacesMETA> (string,Meta.XR.OpenXRNativeFuncs/xrEraseSpacesMETA&) (at ./Library/PackageCache/com.meta.xr.sdk.core@c0efcbf2ba70/Scripts/OpenXRFeatures/MetaFeatureBase.cs:182)
Meta.XR.MetaXRFeature:BindSpatialEntityFunctionPointers () (at ./Library/PackageCache/com.meta.xr.sdk.core@c0efcbf2ba70/Scripts/OpenXRFeatures/MetaXRSpatialEntityFeature.cs:46)
Meta.XR.MetaXRFeature:BindFunctionPointers () (at ./Library/PackageCache/com.meta.xr.sdk.core@c0efcbf2ba70/Scripts/OpenXRFeatures/MetaXRFeature.cs:501)
Meta.XR.MetaFeatureBase`1<Meta.XR.MetaXRFeature>:OnInstanceCreate (ulong) (at ./Library/PackageCache/com.meta.xr.sdk.core@c0efcbf2ba70/Scripts/OpenXRFeatures/MetaFeatureBase.cs:134)
Meta.XR.MetaXRFeature:OnInstanceCreate (ulong) (at ./Library/PackageCache/com.meta.xr.sdk.core@c0efcbf2ba70/Scripts/OpenXRFeatures/MetaXRFeature.cs:321)
UnityEngine.XR.OpenXR.Features.OpenXRFeature:ReceiveNativeEvent (UnityEngine.XR.OpenXR.Features.OpenXRFeature/NativeEvent,ulong) (at ./Library/PackageCache/com.unity.xr.openxr@58837b2992e0/Runtime/Features/OpenXRFeature.cs:698)
UnityEngine.XR.OpenXR.OpenXRLoaderBase:ReceiveNativeEvent (UnityEngine.XR.OpenXR.Features.OpenXRFeature/NativeEvent,ulong) (at ./Library/PackageCache/com.unity.xr.openxr@58837b2992e0/Runtime/OpenXRLoader.cs:704)
UnityEngine.IntegratedSubsystemDescriptor`1<UnityEngine.XR.XRDisplaySubsystem>:Create ()
UnityEngine.IntegratedSubsystemDescriptor`1<UnityEngine.XR.XRDisplaySubsystem>:CreateImpl ()
UnityEngine.IntegratedSubsystemDescriptor:UnityEngine.ISubsystemDescriptor.Create ()
UnityEngine.XR.Management.XRLoaderHelper:CreateSubsystem<UnityEngine.XR.XRDisplaySubsystemDescriptor, UnityEngine.XR.XRDisplaySubsystem> (System.Collections.Generic.List`1<UnityEngine.XR.XRDisplaySubsystemDescriptor>,string) (at ./Library/PackageCache/com.unity.xr.management@e3a3882b360a/Runtime/XRLoaderHelper.cs:112)
UnityEngine.XR.OpenXR.OpenXRLoaderBase:CreateSubsystem<UnityEngine.XR.XRDisplaySubsystemDescriptor, UnityEngine.XR.XRDisplaySubsystem> (System.Collections.Generic.List`1<UnityEngine.XR.XRDisplaySubsystemDescriptor>,string) (at ./Library/PackageCache/com.unity.xr.openxr@58837b2992e0/Runtime/OpenXRLoader.cs:508)
UnityEngine.XR.OpenXR.OpenXRLoaderBase:CreateSubsystems () (at ./Library/PackageCache/com.unity.xr.openxr@58837b2992e0/Runtime/OpenXRLoader.cs:293)
UnityEngine.XR.OpenXR.OpenXRLoaderBase:InitializeInternal () (at ./Library/PackageCache/com.unity.xr.openxr@58837b2992e0/Runtime/OpenXRLoader.cs:266)
UnityEngine.XR.OpenXR.OpenXRLoaderBase:Initialize () (at ./Library/PackageCache/com.unity.xr.openxr@58837b2992e0/Runtime/OpenXRLoader.cs:207)
UnityEngine.XR.Management.XRManagerSettings:InitializeLoaderSync () (at ./Library/PackageCache/com.unity.xr.management@e3a3882b360a/Runtime/XRManagerSettings.cs:186)
UnityEngine.XR.Management.XRGeneralSettings:InitXRSDK () (at ./Library/PackageCache/com.unity.xr.management@e3a3882b360a/Runtime/XRGeneralSettings.cs:172)
UnityEngine.XR.Management.XRGeneralSettings:AttemptInitializeXRSDKOnLoad () (at ./Library/PackageCache/com.unity.xr.management@e3a3882b360a/Runtime/XRGeneralSettings.cs:145)

(Filename: ./Library/PackageCache/com.meta.xr.sdk.core@c0efcbf2ba70/Scripts/OpenXRFeatures/OpenXRNativeFuncs.cs Line: 64)

ErrorFunctionUnsupported: xrGetInstanceProcAddr failed to get function pointer for 'xrDiscoverSpacesMETA'.
UnityEngine.Debug:ExtractStackTraceNoAlloc (byte*,int,string)
UnityEngine.StackTraceUtility:ExtractStackTrace ()
UnityEngine.DebugLogHandler:Internal_Log (UnityEngine.LogType,UnityEngine.LogOption,string,UnityEngine.Object)
UnityEngine.DebugLogHandler:LogFormat (UnityEngine.LogType,UnityEngine.Object,string,object[])
UnityEngine.Logger:Log (UnityEngine.LogType,object)
UnityEngine.Debug:LogWarning (object)
Meta.XR.OpenXRNativeFuncs:GetInstanceDelegate<Meta.XR.OpenXRNativeFuncs/xrDiscoverSpacesMETA> (Meta.XR.OpenXRNativeFuncs/xrGetInstanceProcAddr,Meta.XR.XrInstance,string,Meta.XR.OpenXRNativeFuncs/xrDiscoverSpacesMETA&) (at ./Library/PackageCache/com.meta.xr.sdk.core@c0efcbf2ba70/Scripts/OpenXRFeatures/OpenXRNativeFuncs.cs:64)
Meta.XR.MetaFeatureBase`1<Meta.XR.MetaXRFeature>:GetInstanceDelegate<Meta.XR.OpenXRNativeFuncs/xrDiscoverSpacesMETA> (string,Meta.XR.OpenXRNativeFuncs/xrDiscoverSpacesMETA&) (at ./Library/PackageCache/com.meta.xr.sdk.core@c0efcbf2ba70/Scripts/OpenXRFeatures/MetaFeatureBase.cs:182)
Meta.XR.MetaXRFeature:BindSpatialEntityFunctionPointers () (at ./Library/PackageCache/com.meta.xr.sdk.core@c0efcbf2ba70/Scripts/OpenXRFeatures/MetaXRSpatialEntityFeature.cs:47)
Meta.XR.MetaXRFeature:BindFunctionPointers () (at ./Library/PackageCache/com.meta.xr.sdk.core@c0efcbf2ba70/Scripts/OpenXRFeatures/MetaXRFeature.cs:501)
Meta.XR.MetaFeatureBase`1<Meta.XR.MetaXRFeature>:OnInstanceCreate (ulong) (at ./Library/PackageCache/com.meta.xr.sdk.core@c0efcbf2ba70/Scripts/OpenXRFeatures/MetaFeatureBase.cs:134)
Meta.XR.MetaXRFeature:OnInstanceCreate (ulong) (at ./Library/PackageCache/com.meta.xr.sdk.core@c0efcbf2ba70/Scripts/OpenXRFeatures/MetaXRFeature.cs:321)
UnityEngine.XR.OpenXR.Features.OpenXRFeature:ReceiveNativeEvent (UnityEngine.XR.OpenXR.Features.OpenXRFeature/NativeEvent,ulong) (at ./Library/PackageCache/com.unity.xr.openxr@58837b2992e0/Runtime/Features/OpenXRFeature.cs:698)
UnityEngine.XR.OpenXR.OpenXRLoaderBase:ReceiveNativeEvent (UnityEngine.XR.OpenXR.Features.OpenXRFeature/NativeEvent,ulong) (at ./Library/PackageCache/com.unity.xr.openxr@58837b2992e0/Runtime/OpenXRLoader.cs:704)
UnityEngine.IntegratedSubsystemDescriptor`1<UnityEngine.XR.XRDisplaySubsystem>:Create ()
UnityEngine.IntegratedSubsystemDescriptor`1<UnityEngine.XR.XRDisplaySubsystem>:CreateImpl ()
UnityEngine.IntegratedSubsystemDescriptor:UnityEngine.ISubsystemDescriptor.Create ()
UnityEngine.XR.Management.XRLoaderHelper:CreateSubsystem<UnityEngine.XR.XRDisplaySubsystemDescriptor, UnityEngine.XR.XRDisplaySubsystem> (System.Collections.Generic.List`1<UnityEngine.XR.XRDisplaySubsystemDescriptor>,string) (at ./Library/PackageCache/com.unity.xr.management@e3a3882b360a/Runtime/XRLoaderHelper.cs:112)
UnityEngine.XR.OpenXR.OpenXRLoaderBase:CreateSubsystem<UnityEngine.XR.XRDisplaySubsystemDescriptor, UnityEngine.XR.XRDisplaySubsystem> (System.Collections.Generic.List`1<UnityEngine.XR.XRDisplaySubsystemDescriptor>,string) (at ./Library/PackageCache/com.unity.xr.openxr@58837b2992e0/Runtime/OpenXRLoader.cs:508)
UnityEngine.XR.OpenXR.OpenXRLoaderBase:CreateSubsystems () (at ./Library/PackageCache/com.unity.xr.openxr@58837b2992e0/Runtime/OpenXRLoader.cs:293)
UnityEngine.XR.OpenXR.OpenXRLoaderBase:InitializeInternal () (at ./Library/PackageCache/com.unity.xr.openxr@58837b2992e0/Runtime/OpenXRLoader.cs:266)
UnityEngine.XR.OpenXR.OpenXRLoaderBase:Initialize () (at ./Library/PackageCache/com.unity.xr.openxr@58837b2992e0/Runtime/OpenXRLoader.cs:207)
UnityEngine.XR.Management.XRManagerSettings:InitializeLoaderSync () (at ./Library/PackageCache/com.unity.xr.management@e3a3882b360a/Runtime/XRManagerSettings.cs:186)
UnityEngine.XR.Management.XRGeneralSettings:InitXRSDK () (at ./Library/PackageCache/com.unity.xr.management@e3a3882b360a/Runtime/XRGeneralSettings.cs:172)
UnityEngine.XR.Management.XRGeneralSettings:AttemptInitializeXRSDKOnLoad () (at ./Library/PackageCache/com.unity.xr.management@e3a3882b360a/Runtime/XRGeneralSettings.cs:145)

(Filename: ./Library/PackageCache/com.meta.xr.sdk.core@c0efcbf2ba70/Scripts/OpenXRFeatures/OpenXRNativeFuncs.cs Line: 64)

ErrorFunctionUnsupported: xrGetInstanceProcAddr failed to get function pointer for 'xrRetrieveSpaceDiscoveryResultsMETA'.
UnityEngine.Debug:ExtractStackTraceNoAlloc (byte*,int,string)
UnityEngine.StackTraceUtility:ExtractStackTrace ()
UnityEngine.DebugLogHandler:Internal_Log (UnityEngine.LogType,UnityEngine.LogOption,string,UnityEngine.Object)
UnityEngine.DebugLogHandler:LogFormat (UnityEngine.LogType,UnityEngine.Object,string,object[])
UnityEngine.Logger:Log (UnityEngine.LogType,object)
UnityEngine.Debug:LogWarning (object)
Meta.XR.OpenXRNativeFuncs:GetInstanceDelegate<Meta.XR.OpenXRNativeFuncs/xrRetrieveSpaceDiscoveryResultsMETA> (Meta.XR.OpenXRNativeFuncs/xrGetInstanceProcAddr,Meta.XR.XrInstance,string,Meta.XR.OpenXRNativeFuncs/xrRetrieveSpaceDiscoveryResultsMETA&) (at ./Library/PackageCache/com.meta.xr.sdk.core@c0efcbf2ba70/Scripts/OpenXRFeatures/OpenXRNativeFuncs.cs:64)
Meta.XR.MetaFeatureBase`1<Meta.XR.MetaXRFeature>:GetInstanceDelegate<Meta.XR.OpenXRNativeFuncs/xrRetrieveSpaceDiscoveryResultsMETA> (string,Meta.XR.OpenXRNativeFuncs/xrRetrieveSpaceDiscoveryResultsMETA&) (at ./Library/PackageCache/com.meta.xr.sdk.core@c0efcbf2ba70/Scripts/OpenXRFeatures/MetaFeatureBase.cs:182)
Meta.XR.MetaXRFeature:BindSpatialEntityFunctionPointers () (at ./Library/PackageCache/com.meta.xr.sdk.core@c0efcbf2ba70/Scripts/OpenXRFeatures/MetaXRSpatialEntityFeature.cs:48)
Meta.XR.MetaXRFeature:BindFunctionPointers () (at ./Library/PackageCache/com.meta.xr.sdk.core@c0efcbf2ba70/Scripts/OpenXRFeatures/MetaXRFeature.cs:501)
Meta.XR.MetaFeatureBase`1<Meta.XR.MetaXRFeature>:OnInstanceCreate (ulong) (at ./Library/PackageCache/com.meta.xr.sdk.core@c0efcbf2ba70/Scripts/OpenXRFeatures/MetaFeatureBase.cs:134)
Meta.XR.MetaXRFeature:OnInstanceCreate (ulong) (at ./Library/PackageCache/com.meta.xr.sdk.core@c0efcbf2ba70/Scripts/OpenXRFeatures/MetaXRFeature.cs:321)
UnityEngine.XR.OpenXR.Features.OpenXRFeature:ReceiveNativeEvent (UnityEngine.XR.OpenXR.Features.OpenXRFeature/NativeEvent,ulong) (at ./Library/PackageCache/com.unity.xr.openxr@58837b2992e0/Runtime/Features/OpenXRFeature.cs:698)
UnityEngine.XR.OpenXR.OpenXRLoaderBase:ReceiveNativeEvent (UnityEngine.XR.OpenXR.Features.OpenXRFeature/NativeEvent,ulong) (at ./Library/PackageCache/com.unity.xr.openxr@58837b2992e0/Runtime/OpenXRLoader.cs:704)
UnityEngine.IntegratedSubsystemDescriptor`1<UnityEngine.XR.XRDisplaySubsystem>:Create ()
UnityEngine.IntegratedSubsystemDescriptor`1<UnityEngine.XR.XRDisplaySubsystem>:CreateImpl ()
UnityEngine.IntegratedSubsystemDescriptor:UnityEngine.ISubsystemDescriptor.Create ()
UnityEngine.XR.Management.XRLoaderHelper:CreateSubsystem<UnityEngine.XR.XRDisplaySubsystemDescriptor, UnityEngine.XR.XRDisplaySubsystem> (System.Collections.Generic.List`1<UnityEngine.XR.XRDisplaySubsystemDescriptor>,string) (at ./Library/PackageCache/com.unity.xr.management@e3a3882b360a/Runtime/XRLoaderHelper.cs:112)
UnityEngine.XR.OpenXR.OpenXRLoaderBase:CreateSubsystem<UnityEngine.XR.XRDisplaySubsystemDescriptor, UnityEngine.XR.XRDisplaySubsystem> (System.Collections.Generic.List`1<UnityEngine.XR.XRDisplaySubsystemDescriptor>,string) (at ./Library/PackageCache/com.unity.xr.openxr@58837b2992e0/Runtime/OpenXRLoader.cs:508)
UnityEngine.XR.OpenXR.OpenXRLoaderBase:CreateSubsystems () (at ./Library/PackageCache/com.unity.xr.openxr@58837b2992e0/Runtime/OpenXRLoader.cs:293)
UnityEngine.XR.OpenXR.OpenXRLoaderBase:InitializeInternal () (at ./Library/PackageCache/com.unity.xr.openxr@58837b2992e0/Runtime/OpenXRLoader.cs:266)
UnityEngine.XR.OpenXR.OpenXRLoaderBase:Initialize () (at ./Library/PackageCache/com.unity.xr.openxr@58837b2992e0/Runtime/OpenXRLoader.cs:207)
UnityEngine.XR.Management.XRManagerSettings:InitializeLoaderSync () (at ./Library/PackageCache/com.unity.xr.management@e3a3882b360a/Runtime/XRManagerSettings.cs:186)
UnityEngine.XR.Management.XRGeneralSettings:InitXRSDK () (at ./Library/PackageCache/com.unity.xr.management@e3a3882b360a/Runtime/XRGeneralSettings.cs:172)
UnityEngine.XR.Management.XRGeneralSettings:AttemptInitializeXRSDKOnLoad () (at ./Library/PackageCache/com.unity.xr.management@e3a3882b360a/Runtime/XRGeneralSettings.cs:145)

(Filename: ./Library/PackageCache/com.meta.xr.sdk.core@c0efcbf2ba70/Scripts/OpenXRFeatures/OpenXRNativeFuncs.cs Line: 64)

ErrorFunctionUnsupported: xrGetInstanceProcAddr failed to get function pointer for 'xrGetSpaceBoundary2DFB'.
UnityEngine.Debug:ExtractStackTraceNoAlloc (byte*,int,string)
UnityEngine.StackTraceUtility:ExtractStackTrace ()
UnityEngine.DebugLogHandler:Internal_Log (UnityEngine.LogType,UnityEngine.LogOption,string,UnityEngine.Object)
UnityEngine.DebugLogHandler:LogFormat (UnityEngine.LogType,UnityEngine.Object,string,object[])
UnityEngine.Logger:Log (UnityEngine.LogType,object)
UnityEngine.Debug:LogWarning (object)
Meta.XR.OpenXRNativeFuncs:GetInstanceDelegate<Meta.XR.OpenXRNativeFuncs/xrGetSpaceBoundary2DFB> (Meta.XR.OpenXRNativeFuncs/xrGetInstanceProcAddr,Meta.XR.XrInstance,string,Meta.XR.OpenXRNativeFuncs/xrGetSpaceBoundary2DFB&) (at ./Library/PackageCache/com.meta.xr.sdk.core@c0efcbf2ba70/Scripts/OpenXRFeatures/OpenXRNativeFuncs.cs:64)
Meta.XR.MetaFeatureBase`1<Meta.XR.MetaXRFeature>:GetInstanceDelegate<Meta.XR.OpenXRNativeFuncs/xrGetSpaceBoundary2DFB> (string,Meta.XR.OpenXRNativeFuncs/xrGetSpaceBoundary2DFB&) (at ./Library/PackageCache/com.meta.xr.sdk.core@c0efcbf2ba70/Scripts/OpenXRFeatures/MetaFeatureBase.cs:182)
Meta.XR.MetaXRFeature:BindSpatialEntityFunctionPointers () (at ./Library/PackageCache/com.meta.xr.sdk.core@c0efcbf2ba70/Scripts/OpenXRFeatures/MetaXRSpatialEntityFeature.cs:49)
Meta.XR.MetaXRFeature:BindFunctionPointers () (at ./Library/PackageCache/com.meta.xr.sdk.core@c0efcbf2ba70/Scripts/OpenXRFeatures/MetaXRFeature.cs:501)
Meta.XR.MetaFeatureBase`1<Meta.XR.MetaXRFeature>:OnInstanceCreate (ulong) (at ./Library/PackageCache/com.meta.xr.sdk.core@c0efcbf2ba70/Scripts/OpenXRFeatures/MetaFeatureBase.cs:134)
Meta.XR.MetaXRFeature:OnInstanceCreate (ulong) (at ./Library/PackageCache/com.meta.xr.sdk.core@c0efcbf2ba70/Scripts/OpenXRFeatures/MetaXRFeature.cs:321)
UnityEngine.XR.OpenXR.Features.OpenXRFeature:ReceiveNativeEvent (UnityEngine.XR.OpenXR.Features.OpenXRFeature/NativeEvent,ulong) (at ./Library/PackageCache/com.unity.xr.openxr@58837b2992e0/Runtime/Features/OpenXRFeature.cs:698)
UnityEngine.XR.OpenXR.OpenXRLoaderBase:ReceiveNativeEvent (UnityEngine.XR.OpenXR.Features.OpenXRFeature/NativeEvent,ulong) (at ./Library/PackageCache/com.unity.xr.openxr@58837b2992e0/Runtime/OpenXRLoader.cs:704)
UnityEngine.IntegratedSubsystemDescriptor`1<UnityEngine.XR.XRDisplaySubsystem>:Create ()
UnityEngine.IntegratedSubsystemDescriptor`1<UnityEngine.XR.XRDisplaySubsystem>:CreateImpl ()
UnityEngine.IntegratedSubsystemDescriptor:UnityEngine.ISubsystemDescriptor.Create ()
UnityEngine.XR.Management.XRLoaderHelper:CreateSubsystem<UnityEngine.XR.XRDisplaySubsystemDescriptor, UnityEngine.XR.XRDisplaySubsystem> (System.Collections.Generic.List`1<UnityEngine.XR.XRDisplaySubsystemDescriptor>,string) (at ./Library/PackageCache/com.unity.xr.management@e3a3882b360a/Runtime/XRLoaderHelper.cs:112)
UnityEngine.XR.OpenXR.OpenXRLoaderBase:CreateSubsystem<UnityEngine.XR.XRDisplaySubsystemDescriptor, UnityEngine.XR.XRDisplaySubsystem> (System.Collections.Generic.List`1<UnityEngine.XR.XRDisplaySubsystemDescriptor>,string) (at ./Library/PackageCache/com.unity.xr.openxr@58837b2992e0/Runtime/OpenXRLoader.cs:508)
UnityEngine.XR.OpenXR.OpenXRLoaderBase:CreateSubsystems () (at ./Library/PackageCache/com.unity.xr.openxr@58837b2992e0/Runtime/OpenXRLoader.cs:293)
UnityEngine.XR.OpenXR.OpenXRLoaderBase:InitializeInternal () (at ./Library/PackageCache/com.unity.xr.openxr@58837b2992e0/Runtime/OpenXRLoader.cs:266)
UnityEngine.XR.OpenXR.OpenXRLoaderBase:Initialize () (at ./Library/PackageCache/com.unity.xr.openxr@58837b2992e0/Runtime/OpenXRLoader.cs:207)
UnityEngine.XR.Management.XRManagerSettings:InitializeLoaderSync () (at ./Library/PackageCache/com.unity.xr.management@e3a3882b360a/Runtime/XRManagerSettings.cs:186)
UnityEngine.XR.Management.XRGeneralSettings:InitXRSDK () (at ./Library/PackageCache/com.unity.xr.management@e3a3882b360a/Runtime/XRGeneralSettings.cs:172)
UnityEngine.XR.Management.XRGeneralSettings:AttemptInitializeXRSDKOnLoad () (at ./Library/PackageCache/com.unity.xr.management@e3a3882b360a/Runtime/XRGeneralSettings.cs:145)

(Filename: ./Library/PackageCache/com.meta.xr.sdk.core@c0efcbf2ba70/Scripts/OpenXRFeatures/OpenXRNativeFuncs.cs Line: 64)

ErrorFunctionUnsupported: xrGetInstanceProcAddr failed to get function pointer for 'xrGetSpaceBoundingBox2DFB'.
UnityEngine.Debug:ExtractStackTraceNoAlloc (byte*,int,string)
UnityEngine.StackTraceUtility:ExtractStackTrace ()
UnityEngine.DebugLogHandler:Internal_Log (UnityEngine.LogType,UnityEngine.LogOption,string,UnityEngine.Object)
UnityEngine.DebugLogHandler:LogFormat (UnityEngine.LogType,UnityEngine.Object,string,object[])
UnityEngine.Logger:Log (UnityEngine.LogType,object)
UnityEngine.Debug:LogWarning (object)
Meta.XR.OpenXRNativeFuncs:GetInstanceDelegate<Meta.XR.OpenXRNativeFuncs/xrGetSpaceBoundingBox2DFB> (Meta.XR.OpenXRNativeFuncs/xrGetInstanceProcAddr,Meta.XR.XrInstance,string,Meta.XR.OpenXRNativeFuncs/xrGetSpaceBoundingBox2DFB&) (at ./Library/PackageCache/com.meta.xr.sdk.core@c0efcbf2ba70/Scripts/OpenXRFeatures/OpenXRNativeFuncs.cs:64)
Meta.XR.MetaFeatureBase`1<Meta.XR.MetaXRFeature>:GetInstanceDelegate<Meta.XR.OpenXRNativeFuncs/xrGetSpaceBoundingBox2DFB> (string,Meta.XR.OpenXRNativeFuncs/xrGetSpaceBoundingBox2DFB&) (at ./Library/PackageCache/com.meta.xr.sdk.core@c0efcbf2ba70/Scripts/OpenXRFeatures/MetaFeatureBase.cs:182)
Meta.XR.MetaXRFeature:BindSpatialEntityFunctionPointers () (at ./Library/PackageCache/com.meta.xr.sdk.core@c0efcbf2ba70/Scripts/OpenXRFeatures/MetaXRSpatialEntityFeature.cs:50)
Meta.XR.MetaXRFeature:BindFunctionPointers () (at ./Library/PackageCache/com.meta.xr.sdk.core@c0efcbf2ba70/Scripts/OpenXRFeatures/MetaXRFeature.cs:501)
Meta.XR.MetaFeatureBase`1<Meta.XR.MetaXRFeature>:OnInstanceCreate (ulong) (at ./Library/PackageCache/com.meta.xr.sdk.core@c0efcbf2ba70/Scripts/OpenXRFeatures/MetaFeatureBase.cs:134)
Meta.XR.MetaXRFeature:OnInstanceCreate (ulong) (at ./Library/PackageCache/com.meta.xr.sdk.core@c0efcbf2ba70/Scripts/OpenXRFeatures/MetaXRFeature.cs:321)
UnityEngine.XR.OpenXR.Features.OpenXRFeature:ReceiveNativeEvent (UnityEngine.XR.OpenXR.Features.OpenXRFeature/NativeEvent,ulong) (at ./Library/PackageCache/com.unity.xr.openxr@58837b2992e0/Runtime/Features/OpenXRFeature.cs:698)
UnityEngine.XR.OpenXR.OpenXRLoaderBase:ReceiveNativeEvent (UnityEngine.XR.OpenXR.Features.OpenXRFeature/NativeEvent,ulong) (at ./Library/PackageCache/com.unity.xr.openxr@58837b2992e0/Runtime/OpenXRLoader.cs:704)
UnityEngine.IntegratedSubsystemDescriptor`1<UnityEngine.XR.XRDisplaySubsystem>:Create ()
UnityEngine.IntegratedSubsystemDescriptor`1<UnityEngine.XR.XRDisplaySubsystem>:CreateImpl ()
UnityEngine.IntegratedSubsystemDescriptor:UnityEngine.ISubsystemDescriptor.Create ()
UnityEngine.XR.Management.XRLoaderHelper:CreateSubsystem<UnityEngine.XR.XRDisplaySubsystemDescriptor, UnityEngine.XR.XRDisplaySubsystem> (System.Collections.Generic.List`1<UnityEngine.XR.XRDisplaySubsystemDescriptor>,string) (at ./Library/PackageCache/com.unity.xr.management@e3a3882b360a/Runtime/XRLoaderHelper.cs:112)
UnityEngine.XR.OpenXR.OpenXRLoaderBase:CreateSubsystem<UnityEngine.XR.XRDisplaySubsystemDescriptor, UnityEngine.XR.XRDisplaySubsystem> (System.Collections.Generic.List`1<UnityEngine.XR.XRDisplaySubsystemDescriptor>,string) (at ./Library/PackageCache/com.unity.xr.openxr@58837b2992e0/Runtime/OpenXRLoader.cs:508)
UnityEngine.XR.OpenXR.OpenXRLoaderBase:CreateSubsystems () (at ./Library/PackageCache/com.unity.xr.openxr@58837b2992e0/Runtime/OpenXRLoader.cs:293)
UnityEngine.XR.OpenXR.OpenXRLoaderBase:InitializeInternal () (at ./Library/PackageCache/com.unity.xr.openxr@58837b2992e0/Runtime/OpenXRLoader.cs:266)
UnityEngine.XR.OpenXR.OpenXRLoaderBase:Initialize () (at ./Library/PackageCache/com.unity.xr.openxr@58837b2992e0/Runtime/OpenXRLoader.cs:207)
UnityEngine.XR.Management.XRManagerSettings:InitializeLoaderSync () (at ./Library/PackageCache/com.unity.xr.management@e3a3882b360a/Runtime/XRManagerSettings.cs:186)
UnityEngine.XR.Management.XRGeneralSettings:InitXRSDK () (at ./Library/PackageCache/com.unity.xr.management@e3a3882b360a/Runtime/XRGeneralSettings.cs:172)
UnityEngine.XR.Management.XRGeneralSettings:AttemptInitializeXRSDKOnLoad () (at ./Library/PackageCache/com.unity.xr.management@e3a3882b360a/Runtime/XRGeneralSettings.cs:145)

(Filename: ./Library/PackageCache/com.meta.xr.sdk.core@c0efcbf2ba70/Scripts/OpenXRFeatures/OpenXRNativeFuncs.cs Line: 64)

ErrorFunctionUnsupported: xrGetInstanceProcAddr failed to get function pointer for 'xrGetSpaceBoundingBox3DFB'.
UnityEngine.Debug:ExtractStackTraceNoAlloc (byte*,int,string)
UnityEngine.StackTraceUtility:ExtractStackTrace ()
UnityEngine.DebugLogHandler:Internal_Log (UnityEngine.LogType,UnityEngine.LogOption,string,UnityEngine.Object)
UnityEngine.DebugLogHandler:LogFormat (UnityEngine.LogType,UnityEngine.Object,string,object[])
UnityEngine.Logger:Log (UnityEngine.LogType,object)
UnityEngine.Debug:LogWarning (object)
Meta.XR.OpenXRNativeFuncs:GetInstanceDelegate<Meta.XR.OpenXRNativeFuncs/xrGetSpaceBoundingBox3DFB> (Meta.XR.OpenXRNativeFuncs/xrGetInstanceProcAddr,Meta.XR.XrInstance,string,Meta.XR.OpenXRNativeFuncs/xrGetSpaceBoundingBox3DFB&) (at ./Library/PackageCache/com.meta.xr.sdk.core@c0efcbf2ba70/Scripts/OpenXRFeatures/OpenXRNativeFuncs.cs:64)
Meta.XR.MetaFeatureBase`1<Meta.XR.MetaXRFeature>:GetInstanceDelegate<Meta.XR.OpenXRNativeFuncs/xrGetSpaceBoundingBox3DFB> (string,Meta.XR.OpenXRNativeFuncs/xrGetSpaceBoundingBox3DFB&) (at ./Library/PackageCache/com.meta.xr.sdk.core@c0efcbf2ba70/Scripts/OpenXRFeatures/MetaFeatureBase.cs:182)
Meta.XR.MetaXRFeature:BindSpatialEntityFunctionPointers () (at ./Library/PackageCache/com.meta.xr.sdk.core@c0efcbf2ba70/Scripts/OpenXRFeatures/MetaXRSpatialEntityFeature.cs:51)
Meta.XR.MetaXRFeature:BindFunctionPointers () (at ./Library/PackageCache/com.meta.xr.sdk.core@c0efcbf2ba70/Scripts/OpenXRFeatures/MetaXRFeature.cs:501)
Meta.XR.MetaFeatureBase`1<Meta.XR.MetaXRFeature>:OnInstanceCreate (ulong) (at ./Library/PackageCache/com.meta.xr.sdk.core@c0efcbf2ba70/Scripts/OpenXRFeatures/MetaFeatureBase.cs:134)
Meta.XR.MetaXRFeature:OnInstanceCreate (ulong) (at ./Library/PackageCache/com.meta.xr.sdk.core@c0efcbf2ba70/Scripts/OpenXRFeatures/MetaXRFeature.cs:321)
UnityEngine.XR.OpenXR.Features.OpenXRFeature:ReceiveNativeEvent (UnityEngine.XR.OpenXR.Features.OpenXRFeature/NativeEvent,ulong) (at ./Library/PackageCache/com.unity.xr.openxr@58837b2992e0/Runtime/Features/OpenXRFeature.cs:698)
UnityEngine.XR.OpenXR.OpenXRLoaderBase:ReceiveNativeEvent (UnityEngine.XR.OpenXR.Features.OpenXRFeature/NativeEvent,ulong) (at ./Library/PackageCache/com.unity.xr.openxr@58837b2992e0/Runtime/OpenXRLoader.cs:704)
UnityEngine.IntegratedSubsystemDescriptor`1<UnityEngine.XR.XRDisplaySubsystem>:Create ()
UnityEngine.IntegratedSubsystemDescriptor`1<UnityEngine.XR.XRDisplaySubsystem>:CreateImpl ()
UnityEngine.IntegratedSubsystemDescriptor:UnityEngine.ISubsystemDescriptor.Create ()
UnityEngine.XR.Management.XRLoaderHelper:CreateSubsystem<UnityEngine.XR.XRDisplaySubsystemDescriptor, UnityEngine.XR.XRDisplaySubsystem> (System.Collections.Generic.List`1<UnityEngine.XR.XRDisplaySubsystemDescriptor>,string) (at ./Library/PackageCache/com.unity.xr.management@e3a3882b360a/Runtime/XRLoaderHelper.cs:112)
UnityEngine.XR.OpenXR.OpenXRLoaderBase:CreateSubsystem<UnityEngine.XR.XRDisplaySubsystemDescriptor, UnityEngine.XR.XRDisplaySubsystem> (System.Collections.Generic.List`1<UnityEngine.XR.XRDisplaySubsystemDescriptor>,string) (at ./Library/PackageCache/com.unity.xr.openxr@58837b2992e0/Runtime/OpenXRLoader.cs:508)
UnityEngine.XR.OpenXR.OpenXRLoaderBase:CreateSubsystems () (at ./Library/PackageCache/com.unity.xr.openxr@58837b2992e0/Runtime/OpenXRLoader.cs:293)
UnityEngine.XR.OpenXR.OpenXRLoaderBase:InitializeInternal () (at ./Library/PackageCache/com.unity.xr.openxr@58837b2992e0/Runtime/OpenXRLoader.cs:266)
UnityEngine.XR.OpenXR.OpenXRLoaderBase:Initialize () (at ./Library/PackageCache/com.unity.xr.openxr@58837b2992e0/Runtime/OpenXRLoader.cs:207)
UnityEngine.XR.Management.XRManagerSettings:InitializeLoaderSync () (at ./Library/PackageCache/com.unity.xr.management@e3a3882b360a/Runtime/XRManagerSettings.cs:186)
UnityEngine.XR.Management.XRGeneralSettings:InitXRSDK () (at ./Library/PackageCache/com.unity.xr.management@e3a3882b360a/Runtime/XRGeneralSettings.cs:172)
UnityEngine.XR.Management.XRGeneralSettings:AttemptInitializeXRSDKOnLoad () (at ./Library/PackageCache/com.unity.xr.management@e3a3882b360a/Runtime/XRGeneralSettings.cs:145)

(Filename: ./Library/PackageCache/com.meta.xr.sdk.core@c0efcbf2ba70/Scripts/OpenXRFeatures/OpenXRNativeFuncs.cs Line: 64)

ErrorFunctionUnsupported: xrGetInstanceProcAddr failed to get function pointer for 'xrGetSpaceRoomLayoutFB'.
UnityEngine.Debug:ExtractStackTraceNoAlloc (byte*,int,string)
UnityEngine.StackTraceUtility:ExtractStackTrace ()
UnityEngine.DebugLogHandler:Internal_Log (UnityEngine.LogType,UnityEngine.LogOption,string,UnityEngine.Object)
UnityEngine.DebugLogHandler:LogFormat (UnityEngine.LogType,UnityEngine.Object,string,object[])
UnityEngine.Logger:Log (UnityEngine.LogType,object)
UnityEngine.Debug:LogWarning (object)
Meta.XR.OpenXRNativeFuncs:GetInstanceDelegate<Meta.XR.OpenXRNativeFuncs/xrGetSpaceRoomLayoutFB> (Meta.XR.OpenXRNativeFuncs/xrGetInstanceProcAddr,Meta.XR.XrInstance,string,Meta.XR.OpenXRNativeFuncs/xrGetSpaceRoomLayoutFB&) (at ./Library/PackageCache/com.meta.xr.sdk.core@c0efcbf2ba70/Scripts/OpenXRFeatures/OpenXRNativeFuncs.cs:64)
Meta.XR.MetaFeatureBase`1<Meta.XR.MetaXRFeature>:GetInstanceDelegate<Meta.XR.OpenXRNativeFuncs/xrGetSpaceRoomLayoutFB> (string,Meta.XR.OpenXRNativeFuncs/xrGetSpaceRoomLayoutFB&) (at ./Library/PackageCache/com.meta.xr.sdk.core@c0efcbf2ba70/Scripts/OpenXRFeatures/MetaFeatureBase.cs:182)
Meta.XR.MetaXRFeature:BindSpatialEntityFunctionPointers () (at ./Library/PackageCache/com.meta.xr.sdk.core@c0efcbf2ba70/Scripts/OpenXRFeatures/MetaXRSpatialEntityFeature.cs:52)
Meta.XR.MetaXRFeature:BindFunctionPointers () (at ./Library/PackageCache/com.meta.xr.sdk.core@c0efcbf2ba70/Scripts/OpenXRFeatures/MetaXRFeature.cs:501)
Meta.XR.MetaFeatureBase`1<Meta.XR.MetaXRFeature>:OnInstanceCreate (ulong) (at ./Library/PackageCache/com.meta.xr.sdk.core@c0efcbf2ba70/Scripts/OpenXRFeatures/MetaFeatureBase.cs:134)
Meta.XR.MetaXRFeature:OnInstanceCreate (ulong) (at ./Library/PackageCache/com.meta.xr.sdk.core@c0efcbf2ba70/Scripts/OpenXRFeatures/MetaXRFeature.cs:321)
UnityEngine.XR.OpenXR.Features.OpenXRFeature:ReceiveNativeEvent (UnityEngine.XR.OpenXR.Features.OpenXRFeature/NativeEvent,ulong) (at ./Library/PackageCache/com.unity.xr.openxr@58837b2992e0/Runtime/Features/OpenXRFeature.cs:698)
UnityEngine.XR.OpenXR.OpenXRLoaderBase:ReceiveNativeEvent (UnityEngine.XR.OpenXR.Features.OpenXRFeature/NativeEvent,ulong) (at ./Library/PackageCache/com.unity.xr.openxr@58837b2992e0/Runtime/OpenXRLoader.cs:704)
UnityEngine.IntegratedSubsystemDescriptor`1<UnityEngine.XR.XRDisplaySubsystem>:Create ()
UnityEngine.IntegratedSubsystemDescriptor`1<UnityEngine.XR.XRDisplaySubsystem>:CreateImpl ()
UnityEngine.IntegratedSubsystemDescriptor:UnityEngine.ISubsystemDescriptor.Create ()
UnityEngine.XR.Management.XRLoaderHelper:CreateSubsystem<UnityEngine.XR.XRDisplaySubsystemDescriptor, UnityEngine.XR.XRDisplaySubsystem> (System.Collections.Generic.List`1<UnityEngine.XR.XRDisplaySubsystemDescriptor>,string) (at ./Library/PackageCache/com.unity.xr.management@e3a3882b360a/Runtime/XRLoaderHelper.cs:112)
UnityEngine.XR.OpenXR.OpenXRLoaderBase:CreateSubsystem<UnityEngine.XR.XRDisplaySubsystemDescriptor, UnityEngine.XR.XRDisplaySubsystem> (System.Collections.Generic.List`1<UnityEngine.XR.XRDisplaySubsystemDescriptor>,string) (at ./Library/PackageCache/com.unity.xr.openxr@58837b2992e0/Runtime/OpenXRLoader.cs:508)
UnityEngine.XR.OpenXR.OpenXRLoaderBase:CreateSubsystems () (at ./Library/PackageCache/com.unity.xr.openxr@58837b2992e0/Runtime/OpenXRLoader.cs:293)
UnityEngine.XR.OpenXR.OpenXRLoaderBase:InitializeInternal () (at ./Library/PackageCache/com.unity.xr.openxr@58837b2992e0/Runtime/OpenXRLoader.cs:266)
UnityEngine.XR.OpenXR.OpenXRLoaderBase:Initialize () (at ./Library/PackageCache/com.unity.xr.openxr@58837b2992e0/Runtime/OpenXRLoader.cs:207)
UnityEngine.XR.Management.XRManagerSettings:InitializeLoaderSync () (at ./Library/PackageCache/com.unity.xr.management@e3a3882b360a/Runtime/XRManagerSettings.cs:186)
UnityEngine.XR.Management.XRGeneralSettings:InitXRSDK () (at ./Library/PackageCache/com.unity.xr.management@e3a3882b360a/Runtime/XRGeneralSettings.cs:172)
UnityEngine.XR.Management.XRGeneralSettings:AttemptInitializeXRSDKOnLoad () (at ./Library/PackageCache/com.unity.xr.management@e3a3882b360a/Runtime/XRGeneralSettings.cs:145)

(Filename: ./Library/PackageCache/com.meta.xr.sdk.core@c0efcbf2ba70/Scripts/OpenXRFeatures/OpenXRNativeFuncs.cs Line: 64)

ErrorFunctionUnsupported: xrGetInstanceProcAddr failed to get function pointer for 'xrGetSpaceSemanticLabelsFB'.
UnityEngine.Debug:ExtractStackTraceNoAlloc (byte*,int,string)
UnityEngine.StackTraceUtility:ExtractStackTrace ()
UnityEngine.DebugLogHandler:Internal_Log (UnityEngine.LogType,UnityEngine.LogOption,string,UnityEngine.Object)
UnityEngine.DebugLogHandler:LogFormat (UnityEngine.LogType,UnityEngine.Object,string,object[])
UnityEngine.Logger:Log (UnityEngine.LogType,object)
UnityEngine.Debug:LogWarning (object)
Meta.XR.OpenXRNativeFuncs:GetInstanceDelegate<Meta.XR.OpenXRNativeFuncs/xrGetSpaceSemanticLabelsFB> (Meta.XR.OpenXRNativeFuncs/xrGetInstanceProcAddr,Meta.XR.XrInstance,string,Meta.XR.OpenXRNativeFuncs/xrGetSpaceSemanticLabelsFB&) (at ./Library/PackageCache/com.meta.xr.sdk.core@c0efcbf2ba70/Scripts/OpenXRFeatures/OpenXRNativeFuncs.cs:64)
Meta.XR.MetaFeatureBase`1<Meta.XR.MetaXRFeature>:GetInstanceDelegate<Meta.XR.OpenXRNativeFuncs/xrGetSpaceSemanticLabelsFB> (string,Meta.XR.OpenXRNativeFuncs/xrGetSpaceSemanticLabelsFB&) (at ./Library/PackageCache/com.meta.xr.sdk.core@c0efcbf2ba70/Scripts/OpenXRFeatures/MetaFeatureBase.cs:182)
Meta.XR.MetaXRFeature:BindSpatialEntityFunctionPointers () (at ./Library/PackageCache/com.meta.xr.sdk.core@c0efcbf2ba70/Scripts/OpenXRFeatures/MetaXRSpatialEntityFeature.cs:53)
Meta.XR.MetaXRFeature:BindFunctionPointers () (at ./Library/PackageCache/com.meta.xr.sdk.core@c0efcbf2ba70/Scripts/OpenXRFeatures/MetaXRFeature.cs:501)
Meta.XR.MetaFeatureBase`1<Meta.XR.MetaXRFeature>:OnInstanceCreate (ulong) (at ./Library/PackageCache/com.meta.xr.sdk.core@c0efcbf2ba70/Scripts/OpenXRFeatures/MetaFeatureBase.cs:134)
Meta.XR.MetaXRFeature:OnInstanceCreate (ulong) (at ./Library/PackageCache/com.meta.xr.sdk.core@c0efcbf2ba70/Scripts/OpenXRFeatures/MetaXRFeature.cs:321)
UnityEngine.XR.OpenXR.Features.OpenXRFeature:ReceiveNativeEvent (UnityEngine.XR.OpenXR.Features.OpenXRFeature/NativeEvent,ulong) (at ./Library/PackageCache/com.unity.xr.openxr@58837b2992e0/Runtime/Features/OpenXRFeature.cs:698)
UnityEngine.XR.OpenXR.OpenXRLoaderBase:ReceiveNativeEvent (UnityEngine.XR.OpenXR.Features.OpenXRFeature/NativeEvent,ulong) (at ./Library/PackageCache/com.unity.xr.openxr@58837b2992e0/Runtime/OpenXRLoader.cs:704)
UnityEngine.IntegratedSubsystemDescriptor`1<UnityEngine.XR.XRDisplaySubsystem>:Create ()
UnityEngine.IntegratedSubsystemDescriptor`1<UnityEngine.XR.XRDisplaySubsystem>:CreateImpl ()
UnityEngine.IntegratedSubsystemDescriptor:UnityEngine.ISubsystemDescriptor.Create ()
UnityEngine.XR.Management.XRLoaderHelper:CreateSubsystem<UnityEngine.XR.XRDisplaySubsystemDescriptor, UnityEngine.XR.XRDisplaySubsystem> (System.Collections.Generic.List`1<UnityEngine.XR.XRDisplaySubsystemDescriptor>,string) (at ./Library/PackageCache/com.unity.xr.management@e3a3882b360a/Runtime/XRLoaderHelper.cs:112)
UnityEngine.XR.OpenXR.OpenXRLoaderBase:CreateSubsystem<UnityEngine.XR.XRDisplaySubsystemDescriptor, UnityEngine.XR.XRDisplaySubsystem> (System.Collections.Generic.List`1<UnityEngine.XR.XRDisplaySubsystemDescriptor>,string) (at ./Library/PackageCache/com.unity.xr.openxr@58837b2992e0/Runtime/OpenXRLoader.cs:508)
UnityEngine.XR.OpenXR.OpenXRLoaderBase:CreateSubsystems () (at ./Library/PackageCache/com.unity.xr.openxr@58837b2992e0/Runtime/OpenXRLoader.cs:293)
UnityEngine.XR.OpenXR.OpenXRLoaderBase:InitializeInternal () (at ./Library/PackageCache/com.unity.xr.openxr@58837b2992e0/Runtime/OpenXRLoader.cs:266)
UnityEngine.XR.OpenXR.OpenXRLoaderBase:Initialize () (at ./Library/PackageCache/com.unity.xr.openxr@58837b2992e0/Runtime/OpenXRLoader.cs:207)
UnityEngine.XR.Management.XRManagerSettings:InitializeLoaderSync () (at ./Library/PackageCache/com.unity.xr.management@e3a3882b360a/Runtime/XRManagerSettings.cs:186)
UnityEngine.XR.Management.XRGeneralSettings:InitXRSDK () (at ./Library/PackageCache/com.unity.xr.management@e3a3882b360a/Runtime/XRGeneralSettings.cs:172)
UnityEngine.XR.Management.XRGeneralSettings:AttemptInitializeXRSDKOnLoad () (at ./Library/PackageCache/com.unity.xr.management@e3a3882b360a/Runtime/XRGeneralSettings.cs:145)

(Filename: ./Library/PackageCache/com.meta.xr.sdk.core@c0efcbf2ba70/Scripts/OpenXRFeatures/OpenXRNativeFuncs.cs Line: 64)

ErrorFunctionUnsupported: xrGetInstanceProcAddr failed to get function pointer for 'xrGetSpaceTriangleMeshMETA'.
UnityEngine.Debug:ExtractStackTraceNoAlloc (byte*,int,string)
UnityEngine.StackTraceUtility:ExtractStackTrace ()
UnityEngine.DebugLogHandler:Internal_Log (UnityEngine.LogType,UnityEngine.LogOption,string,UnityEngine.Object)
UnityEngine.DebugLogHandler:LogFormat (UnityEngine.LogType,UnityEngine.Object,string,object[])
UnityEngine.Logger:Log (UnityEngine.LogType,object)
UnityEngine.Debug:LogWarning (object)
Meta.XR.OpenXRNativeFuncs:GetInstanceDelegate<Meta.XR.OpenXRNativeFuncs/xrGetSpaceTriangleMeshMETA> (Meta.XR.OpenXRNativeFuncs/xrGetInstanceProcAddr,Meta.XR.XrInstance,string,Meta.XR.OpenXRNativeFuncs/xrGetSpaceTriangleMeshMETA&) (at ./Library/PackageCache/com.meta.xr.sdk.core@c0efcbf2ba70/Scripts/OpenXRFeatures/OpenXRNativeFuncs.cs:64)
Meta.XR.MetaFeatureBase`1<Meta.XR.MetaXRFeature>:GetInstanceDelegate<Meta.XR.OpenXRNativeFuncs/xrGetSpaceTriangleMeshMETA> (string,Meta.XR.OpenXRNativeFuncs/xrGetSpaceTriangleMeshMETA&) (at ./Library/PackageCache/com.meta.xr.sdk.core@c0efcbf2ba70/Scripts/OpenXRFeatures/MetaFeatureBase.cs:182)
Meta.XR.MetaXRFeature:BindSpatialEntityFunctionPointers () (at ./Library/PackageCache/com.meta.xr.sdk.core@c0efcbf2ba70/Scripts/OpenXRFeatures/MetaXRSpatialEntityFeature.cs:54)
Meta.XR.MetaXRFeature:BindFunctionPointers () (at ./Library/PackageCache/com.meta.xr.sdk.core@c0efcbf2ba70/Scripts/OpenXRFeatures/MetaXRFeature.cs:501)
Meta.XR.MetaFeatureBase`1<Meta.XR.MetaXRFeature>:OnInstanceCreate (ulong) (at ./Library/PackageCache/com.meta.xr.sdk.core@c0efcbf2ba70/Scripts/OpenXRFeatures/MetaFeatureBase.cs:134)
Meta.XR.MetaXRFeature:OnInstanceCreate (ulong) (at ./Library/PackageCache/com.meta.xr.sdk.core@c0efcbf2ba70/Scripts/OpenXRFeatures/MetaXRFeature.cs:321)
UnityEngine.XR.OpenXR.Features.OpenXRFeature:ReceiveNativeEvent (UnityEngine.XR.OpenXR.Features.OpenXRFeature/NativeEvent,ulong) (at ./Library/PackageCache/com.unity.xr.openxr@58837b2992e0/Runtime/Features/OpenXRFeature.cs:698)
UnityEngine.XR.OpenXR.OpenXRLoaderBase:ReceiveNativeEvent (UnityEngine.XR.OpenXR.Features.OpenXRFeature/NativeEvent,ulong) (at ./Library/PackageCache/com.unity.xr.openxr@58837b2992e0/Runtime/OpenXRLoader.cs:704)
UnityEngine.IntegratedSubsystemDescriptor`1<UnityEngine.XR.XRDisplaySubsystem>:Create ()
UnityEngine.IntegratedSubsystemDescriptor`1<UnityEngine.XR.XRDisplaySubsystem>:CreateImpl ()
UnityEngine.IntegratedSubsystemDescriptor:UnityEngine.ISubsystemDescriptor.Create ()
UnityEngine.XR.Management.XRLoaderHelper:CreateSubsystem<UnityEngine.XR.XRDisplaySubsystemDescriptor, UnityEngine.XR.XRDisplaySubsystem> (System.Collections.Generic.List`1<UnityEngine.XR.XRDisplaySubsystemDescriptor>,string) (at ./Library/PackageCache/com.unity.xr.management@e3a3882b360a/Runtime/XRLoaderHelper.cs:112)
UnityEngine.XR.OpenXR.OpenXRLoaderBase:CreateSubsystem<UnityEngine.XR.XRDisplaySubsystemDescriptor, UnityEngine.XR.XRDisplaySubsystem> (System.Collections.Generic.List`1<UnityEngine.XR.XRDisplaySubsystemDescriptor>,string) (at ./Library/PackageCache/com.unity.xr.openxr@58837b2992e0/Runtime/OpenXRLoader.cs:508)
UnityEngine.XR.OpenXR.OpenXRLoaderBase:CreateSubsystems () (at ./Library/PackageCache/com.unity.xr.openxr@58837b2992e0/Runtime/OpenXRLoader.cs:293)
UnityEngine.XR.OpenXR.OpenXRLoaderBase:InitializeInternal () (at ./Library/PackageCache/com.unity.xr.openxr@58837b2992e0/Runtime/OpenXRLoader.cs:266)
UnityEngine.XR.OpenXR.OpenXRLoaderBase:Initialize () (at ./Library/PackageCache/com.unity.xr.openxr@58837b2992e0/Runtime/OpenXRLoader.cs:207)
UnityEngine.XR.Management.XRManagerSettings:InitializeLoaderSync () (at ./Library/PackageCache/com.unity.xr.management@e3a3882b360a/Runtime/XRManagerSettings.cs:186)
UnityEngine.XR.Management.XRGeneralSettings:InitXRSDK () (at ./Library/PackageCache/com.unity.xr.management@e3a3882b360a/Runtime/XRGeneralSettings.cs:172)
UnityEngine.XR.Management.XRGeneralSettings:AttemptInitializeXRSDKOnLoad () (at ./Library/PackageCache/com.unity.xr.management@e3a3882b360a/Runtime/XRGeneralSettings.cs:145)

(Filename: ./Library/PackageCache/com.meta.xr.sdk.core@c0efcbf2ba70/Scripts/OpenXRFeatures/OpenXRNativeFuncs.cs Line: 64)

ErrorFunctionUnsupported: xrGetInstanceProcAddr failed to get function pointer for 'xrCreateSpaceUserFB'.
UnityEngine.Debug:ExtractStackTraceNoAlloc (byte*,int,string)
UnityEngine.StackTraceUtility:ExtractStackTrace ()
UnityEngine.DebugLogHandler:Internal_Log (UnityEngine.LogType,UnityEngine.LogOption,string,UnityEngine.Object)
UnityEngine.DebugLogHandler:LogFormat (UnityEngine.LogType,UnityEngine.Object,string,object[])
UnityEngine.Logger:Log (UnityEngine.LogType,object)
UnityEngine.Debug:LogWarning (object)
Meta.XR.OpenXRNativeFuncs:GetInstanceDelegate<Meta.XR.OpenXRNativeFuncs/xrCreateSpaceUserFB> (Meta.XR.OpenXRNativeFuncs/xrGetInstanceProcAddr,Meta.XR.XrInstance,string,Meta.XR.OpenXRNativeFuncs/xrCreateSpaceUserFB&) (at ./Library/PackageCache/com.meta.xr.sdk.core@c0efcbf2ba70/Scripts/OpenXRFeatures/OpenXRNativeFuncs.cs:64)
Meta.XR.MetaFeatureBase`1<Meta.XR.MetaXRFeature>:GetInstanceDelegate<Meta.XR.OpenXRNativeFuncs/xrCreateSpaceUserFB> (string,Meta.XR.OpenXRNativeFuncs/xrCreateSpaceUserFB&) (at ./Library/PackageCache/com.meta.xr.sdk.core@c0efcbf2ba70/Scripts/OpenXRFeatures/MetaFeatureBase.cs:182)
Meta.XR.MetaXRFeature:BindSpatialEntityFunctionPointers () (at ./Library/PackageCache/com.meta.xr.sdk.core@c0efcbf2ba70/Scripts/OpenXRFeatures/MetaXRSpatialEntityFeature.cs:55)
Meta.XR.MetaXRFeature:BindFunctionPointers () (at ./Library/PackageCache/com.meta.xr.sdk.core@c0efcbf2ba70/Scripts/OpenXRFeatures/MetaXRFeature.cs:501)
Meta.XR.MetaFeatureBase`1<Meta.XR.MetaXRFeature>:OnInstanceCreate (ulong) (at ./Library/PackageCache/com.meta.xr.sdk.core@c0efcbf2ba70/Scripts/OpenXRFeatures/MetaFeatureBase.cs:134)
Meta.XR.MetaXRFeature:OnInstanceCreate (ulong) (at ./Library/PackageCache/com.meta.xr.sdk.core@c0efcbf2ba70/Scripts/OpenXRFeatures/MetaXRFeature.cs:321)
UnityEngine.XR.OpenXR.Features.OpenXRFeature:ReceiveNativeEvent (UnityEngine.XR.OpenXR.Features.OpenXRFeature/NativeEvent,ulong) (at ./Library/PackageCache/com.unity.xr.openxr@58837b2992e0/Runtime/Features/OpenXRFeature.cs:698)
UnityEngine.XR.OpenXR.OpenXRLoaderBase:ReceiveNativeEvent (UnityEngine.XR.OpenXR.Features.OpenXRFeature/NativeEvent,ulong) (at ./Library/PackageCache/com.unity.xr.openxr@58837b2992e0/Runtime/OpenXRLoader.cs:704)
UnityEngine.IntegratedSubsystemDescriptor`1<UnityEngine.XR.XRDisplaySubsystem>:Create ()
UnityEngine.IntegratedSubsystemDescriptor`1<UnityEngine.XR.XRDisplaySubsystem>:CreateImpl ()
UnityEngine.IntegratedSubsystemDescriptor:UnityEngine.ISubsystemDescriptor.Create ()
UnityEngine.XR.Management.XRLoaderHelper:CreateSubsystem<UnityEngine.XR.XRDisplaySubsystemDescriptor, UnityEngine.XR.XRDisplaySubsystem> (System.Collections.Generic.List`1<UnityEngine.XR.XRDisplaySubsystemDescriptor>,string) (at ./Library/PackageCache/com.unity.xr.management@e3a3882b360a/Runtime/XRLoaderHelper.cs:112)
UnityEngine.XR.OpenXR.OpenXRLoaderBase:CreateSubsystem<UnityEngine.XR.XRDisplaySubsystemDescriptor, UnityEngine.XR.XRDisplaySubsystem> (System.Collections.Generic.List`1<UnityEngine.XR.XRDisplaySubsystemDescriptor>,string) (at ./Library/PackageCache/com.unity.xr.openxr@58837b2992e0/Runtime/OpenXRLoader.cs:508)
UnityEngine.XR.OpenXR.OpenXRLoaderBase:CreateSubsystems () (at ./Library/PackageCache/com.unity.xr.openxr@58837b2992e0/Runtime/OpenXRLoader.cs:293)
UnityEngine.XR.OpenXR.OpenXRLoaderBase:InitializeInternal () (at ./Library/PackageCache/com.unity.xr.openxr@58837b2992e0/Runtime/OpenXRLoader.cs:266)
UnityEngine.XR.OpenXR.OpenXRLoaderBase:Initialize () (at ./Library/PackageCache/com.unity.xr.openxr@58837b2992e0/Runtime/OpenXRLoader.cs:207)
UnityEngine.XR.Management.XRManagerSettings:InitializeLoaderSync () (at ./Library/PackageCache/com.unity.xr.management@e3a3882b360a/Runtime/XRManagerSettings.cs:186)
UnityEngine.XR.Management.XRGeneralSettings:InitXRSDK () (at ./Library/PackageCache/com.unity.xr.management@e3a3882b360a/Runtime/XRGeneralSettings.cs:172)
UnityEngine.XR.Management.XRGeneralSettings:AttemptInitializeXRSDKOnLoad () (at ./Library/PackageCache/com.unity.xr.management@e3a3882b360a/Runtime/XRGeneralSettings.cs:145)

(Filename: ./Library/PackageCache/com.meta.xr.sdk.core@c0efcbf2ba70/Scripts/OpenXRFeatures/OpenXRNativeFuncs.cs Line: 64)

ErrorFunctionUnsupported: xrGetInstanceProcAddr failed to get function pointer for 'xrGetSpaceUserIdFB'.
UnityEngine.Debug:ExtractStackTraceNoAlloc (byte*,int,string)
UnityEngine.StackTraceUtility:ExtractStackTrace ()
UnityEngine.DebugLogHandler:Internal_Log (UnityEngine.LogType,UnityEngine.LogOption,string,UnityEngine.Object)
UnityEngine.DebugLogHandler:LogFormat (UnityEngine.LogType,UnityEngine.Object,string,object[])
UnityEngine.Logger:Log (UnityEngine.LogType,object)
UnityEngine.Debug:LogWarning (object)
Meta.XR.OpenXRNativeFuncs:GetInstanceDelegate<Meta.XR.OpenXRNativeFuncs/xrGetSpaceUserIdFB> (Meta.XR.OpenXRNativeFuncs/xrGetInstanceProcAddr,Meta.XR.XrInstance,string,Meta.XR.OpenXRNativeFuncs/xrGetSpaceUserIdFB&) (at ./Library/PackageCache/com.meta.xr.sdk.core@c0efcbf2ba70/Scripts/OpenXRFeatures/OpenXRNativeFuncs.cs:64)
Meta.XR.MetaFeatureBase`1<Meta.XR.MetaXRFeature>:GetInstanceDelegate<Meta.XR.OpenXRNativeFuncs/xrGetSpaceUserIdFB> (string,Meta.XR.OpenXRNativeFuncs/xrGetSpaceUserIdFB&) (at ./Library/PackageCache/com.meta.xr.sdk.core@c0efcbf2ba70/Scripts/OpenXRFeatures/MetaFeatureBase.cs:182)
Meta.XR.MetaXRFeature:BindSpatialEntityFunctionPointers () (at ./Library/PackageCache/com.meta.xr.sdk.core@c0efcbf2ba70/Scripts/OpenXRFeatures/MetaXRSpatialEntityFeature.cs:56)
Meta.XR.MetaXRFeature:BindFunctionPointers () (at ./Library/PackageCache/com.meta.xr.sdk.core@c0efcbf2ba70/Scripts/OpenXRFeatures/MetaXRFeature.cs:501)
Meta.XR.MetaFeatureBase`1<Meta.XR.MetaXRFeature>:OnInstanceCreate (ulong) (at ./Library/PackageCache/com.meta.xr.sdk.core@c0efcbf2ba70/Scripts/OpenXRFeatures/MetaFeatureBase.cs:134)
Meta.XR.MetaXRFeature:OnInstanceCreate (ulong) (at ./Library/PackageCache/com.meta.xr.sdk.core@c0efcbf2ba70/Scripts/OpenXRFeatures/MetaXRFeature.cs:321)
UnityEngine.XR.OpenXR.Features.OpenXRFeature:ReceiveNativeEvent (UnityEngine.XR.OpenXR.Features.OpenXRFeature/NativeEvent,ulong) (at ./Library/PackageCache/com.unity.xr.openxr@58837b2992e0/Runtime/Features/OpenXRFeature.cs:698)
UnityEngine.XR.OpenXR.OpenXRLoaderBase:ReceiveNativeEvent (UnityEngine.XR.OpenXR.Features.OpenXRFeature/NativeEvent,ulong) (at ./Library/PackageCache/com.unity.xr.openxr@58837b2992e0/Runtime/OpenXRLoader.cs:704)
UnityEngine.IntegratedSubsystemDescriptor`1<UnityEngine.XR.XRDisplaySubsystem>:Create ()
UnityEngine.IntegratedSubsystemDescriptor`1<UnityEngine.XR.XRDisplaySubsystem>:CreateImpl ()
UnityEngine.IntegratedSubsystemDescriptor:UnityEngine.ISubsystemDescriptor.Create ()
UnityEngine.XR.Management.XRLoaderHelper:CreateSubsystem<UnityEngine.XR.XRDisplaySubsystemDescriptor, UnityEngine.XR.XRDisplaySubsystem> (System.Collections.Generic.List`1<UnityEngine.XR.XRDisplaySubsystemDescriptor>,string) (at ./Library/PackageCache/com.unity.xr.management@e3a3882b360a/Runtime/XRLoaderHelper.cs:112)
UnityEngine.XR.OpenXR.OpenXRLoaderBase:CreateSubsystem<UnityEngine.XR.XRDisplaySubsystemDescriptor, UnityEngine.XR.XRDisplaySubsystem> (System.Collections.Generic.List`1<UnityEngine.XR.XRDisplaySubsystemDescriptor>,string) (at ./Library/PackageCache/com.unity.xr.openxr@58837b2992e0/Runtime/OpenXRLoader.cs:508)
UnityEngine.XR.OpenXR.OpenXRLoaderBase:CreateSubsystems () (at ./Library/PackageCache/com.unity.xr.openxr@58837b2992e0/Runtime/OpenXRLoader.cs:293)
UnityEngine.XR.OpenXR.OpenXRLoaderBase:InitializeInternal () (at ./Library/PackageCache/com.unity.xr.openxr@58837b2992e0/Runtime/OpenXRLoader.cs:266)
UnityEngine.XR.OpenXR.OpenXRLoaderBase:Initialize () (at ./Library/PackageCache/com.unity.xr.openxr@58837b2992e0/Runtime/OpenXRLoader.cs:207)
UnityEngine.XR.Management.XRManagerSettings:InitializeLoaderSync () (at ./Library/PackageCache/com.unity.xr.management@e3a3882b360a/Runtime/XRManagerSettings.cs:186)
UnityEngine.XR.Management.XRGeneralSettings:InitXRSDK () (at ./Library/PackageCache/com.unity.xr.management@e3a3882b360a/Runtime/XRGeneralSettings.cs:172)
UnityEngine.XR.Management.XRGeneralSettings:AttemptInitializeXRSDKOnLoad () (at ./Library/PackageCache/com.unity.xr.management@e3a3882b360a/Runtime/XRGeneralSettings.cs:145)

(Filename: ./Library/PackageCache/com.meta.xr.sdk.core@c0efcbf2ba70/Scripts/OpenXRFeatures/OpenXRNativeFuncs.cs Line: 64)

ErrorFunctionUnsupported: xrGetInstanceProcAddr failed to get function pointer for 'xrDestroySpaceUserFB'.
UnityEngine.Debug:ExtractStackTraceNoAlloc (byte*,int,string)
UnityEngine.StackTraceUtility:ExtractStackTrace ()
UnityEngine.DebugLogHandler:Internal_Log (UnityEngine.LogType,UnityEngine.LogOption,string,UnityEngine.Object)
UnityEngine.DebugLogHandler:LogFormat (UnityEngine.LogType,UnityEngine.Object,string,object[])
UnityEngine.Logger:Log (UnityEngine.LogType,object)
UnityEngine.Debug:LogWarning (object)
Meta.XR.OpenXRNativeFuncs:GetInstanceDelegate<Meta.XR.OpenXRNativeFuncs/xrDestroySpaceUserFB> (Meta.XR.OpenXRNativeFuncs/xrGetInstanceProcAddr,Meta.XR.XrInstance,string,Meta.XR.OpenXRNativeFuncs/xrDestroySpaceUserFB&) (at ./Library/PackageCache/com.meta.xr.sdk.core@c0efcbf2ba70/Scripts/OpenXRFeatures/OpenXRNativeFuncs.cs:64)
Meta.XR.MetaFeatureBase`1<Meta.XR.MetaXRFeature>:GetInstanceDelegate<Meta.XR.OpenXRNativeFuncs/xrDestroySpaceUserFB> (string,Meta.XR.OpenXRNativeFuncs/xrDestroySpaceUserFB&) (at ./Library/PackageCache/com.meta.xr.sdk.core@c0efcbf2ba70/Scripts/OpenXRFeatures/MetaFeatureBase.cs:182)
Meta.XR.MetaXRFeature:BindSpatialEntityFunctionPointers () (at ./Library/PackageCache/com.meta.xr.sdk.core@c0efcbf2ba70/Scripts/OpenXRFeatures/MetaXRSpatialEntityFeature.cs:57)
Meta.XR.MetaXRFeature:BindFunctionPointers () (at ./Library/PackageCache/com.meta.xr.sdk.core@c0efcbf2ba70/Scripts/OpenXRFeatures/MetaXRFeature.cs:501)
Meta.XR.MetaFeatureBase`1<Meta.XR.MetaXRFeature>:OnInstanceCreate (ulong) (at ./Library/PackageCache/com.meta.xr.sdk.core@c0efcbf2ba70/Scripts/OpenXRFeatures/MetaFeatureBase.cs:134)
Meta.XR.MetaXRFeature:OnInstanceCreate (ulong) (at ./Library/PackageCache/com.meta.xr.sdk.core@c0efcbf2ba70/Scripts/OpenXRFeatures/MetaXRFeature.cs:321)
UnityEngine.XR.OpenXR.Features.OpenXRFeature:ReceiveNativeEvent (UnityEngine.XR.OpenXR.Features.OpenXRFeature/NativeEvent,ulong) (at ./Library/PackageCache/com.unity.xr.openxr@58837b2992e0/Runtime/Features/OpenXRFeature.cs:698)
UnityEngine.XR.OpenXR.OpenXRLoaderBase:ReceiveNativeEvent (UnityEngine.XR.OpenXR.Features.OpenXRFeature/NativeEvent,ulong) (at ./Library/PackageCache/com.unity.xr.openxr@58837b2992e0/Runtime/OpenXRLoader.cs:704)
UnityEngine.IntegratedSubsystemDescriptor`1<UnityEngine.XR.XRDisplaySubsystem>:Create ()
UnityEngine.IntegratedSubsystemDescriptor`1<UnityEngine.XR.XRDisplaySubsystem>:CreateImpl ()
UnityEngine.IntegratedSubsystemDescriptor:UnityEngine.ISubsystemDescriptor.Create ()
UnityEngine.XR.Management.XRLoaderHelper:CreateSubsystem<UnityEngine.XR.XRDisplaySubsystemDescriptor, UnityEngine.XR.XRDisplaySubsystem> (System.Collections.Generic.List`1<UnityEngine.XR.XRDisplaySubsystemDescriptor>,string) (at ./Library/PackageCache/com.unity.xr.management@e3a3882b360a/Runtime/XRLoaderHelper.cs:112)
UnityEngine.XR.OpenXR.OpenXRLoaderBase:CreateSubsystem<UnityEngine.XR.XRDisplaySubsystemDescriptor, UnityEngine.XR.XRDisplaySubsystem> (System.Collections.Generic.List`1<UnityEngine.XR.XRDisplaySubsystemDescriptor>,string) (at ./Library/PackageCache/com.unity.xr.openxr@58837b2992e0/Runtime/OpenXRLoader.cs:508)
UnityEngine.XR.OpenXR.OpenXRLoaderBase:CreateSubsystems () (at ./Library/PackageCache/com.unity.xr.openxr@58837b2992e0/Runtime/OpenXRLoader.cs:293)
UnityEngine.XR.OpenXR.OpenXRLoaderBase:InitializeInternal () (at ./Library/PackageCache/com.unity.xr.openxr@58837b2992e0/Runtime/OpenXRLoader.cs:266)
UnityEngine.XR.OpenXR.OpenXRLoaderBase:Initialize () (at ./Library/PackageCache/com.unity.xr.openxr@58837b2992e0/Runtime/OpenXRLoader.cs:207)
UnityEngine.XR.Management.XRManagerSettings:InitializeLoaderSync () (at ./Library/PackageCache/com.unity.xr.management@e3a3882b360a/Runtime/XRManagerSettings.cs:186)
UnityEngine.XR.Management.XRGeneralSettings:InitXRSDK () (at ./Library/PackageCache/com.unity.xr.management@e3a3882b360a/Runtime/XRGeneralSettings.cs:172)
UnityEngine.XR.Management.XRGeneralSettings:AttemptInitializeXRSDKOnLoad () (at ./Library/PackageCache/com.unity.xr.management@e3a3882b360a/Runtime/XRGeneralSettings.cs:145)

(Filename: ./Library/PackageCache/com.meta.xr.sdk.core@c0efcbf2ba70/Scripts/OpenXRFeatures/OpenXRNativeFuncs.cs Line: 64)

ErrorFunctionUnsupported: xrGetInstanceProcAddr failed to get function pointer for 'xrShareSpacesFB'.
UnityEngine.Debug:ExtractStackTraceNoAlloc (byte*,int,string)
UnityEngine.StackTraceUtility:ExtractStackTrace ()
UnityEngine.DebugLogHandler:Internal_Log (UnityEngine.LogType,UnityEngine.LogOption,string,UnityEngine.Object)
UnityEngine.DebugLogHandler:LogFormat (UnityEngine.LogType,UnityEngine.Object,string,object[])
UnityEngine.Logger:Log (UnityEngine.LogType,object)
UnityEngine.Debug:LogWarning (object)
Meta.XR.OpenXRNativeFuncs:GetInstanceDelegate<Meta.XR.OpenXRNativeFuncs/xrShareSpacesFB> (Meta.XR.OpenXRNativeFuncs/xrGetInstanceProcAddr,Meta.XR.XrInstance,string,Meta.XR.OpenXRNativeFuncs/xrShareSpacesFB&) (at ./Library/PackageCache/com.meta.xr.sdk.core@c0efcbf2ba70/Scripts/OpenXRFeatures/OpenXRNativeFuncs.cs:64)
Meta.XR.MetaFeatureBase`1<Meta.XR.MetaXRFeature>:GetInstanceDelegate<Meta.XR.OpenXRNativeFuncs/xrShareSpacesFB> (string,Meta.XR.OpenXRNativeFuncs/xrShareSpacesFB&) (at ./Library/PackageCache/com.meta.xr.sdk.core@c0efcbf2ba70/Scripts/OpenXRFeatures/MetaFeatureBase.cs:182)
Meta.XR.MetaXRFeature:BindSpatialEntityFunctionPointers () (at ./Library/PackageCache/com.meta.xr.sdk.core@c0efcbf2ba70/Scripts/OpenXRFeatures/MetaXRSpatialEntityFeature.cs:58)
Meta.XR.MetaXRFeature:BindFunctionPointers () (at ./Library/PackageCache/com.meta.xr.sdk.core@c0efcbf2ba70/Scripts/OpenXRFeatures/MetaXRFeature.cs:501)
Meta.XR.MetaFeatureBase`1<Meta.XR.MetaXRFeature>:OnInstanceCreate (ulong) (at ./Library/PackageCache/com.meta.xr.sdk.core@c0efcbf2ba70/Scripts/OpenXRFeatures/MetaFeatureBase.cs:134)
Meta.XR.MetaXRFeature:OnInstanceCreate (ulong) (at ./Library/PackageCache/com.meta.xr.sdk.core@c0efcbf2ba70/Scripts/OpenXRFeatures/MetaXRFeature.cs:321)
UnityEngine.XR.OpenXR.Features.OpenXRFeature:ReceiveNativeEvent (UnityEngine.XR.OpenXR.Features.OpenXRFeature/NativeEvent,ulong) (at ./Library/PackageCache/com.unity.xr.openxr@58837b2992e0/Runtime/Features/OpenXRFeature.cs:698)
UnityEngine.XR.OpenXR.OpenXRLoaderBase:ReceiveNativeEvent (UnityEngine.XR.OpenXR.Features.OpenXRFeature/NativeEvent,ulong) (at ./Library/PackageCache/com.unity.xr.openxr@58837b2992e0/Runtime/OpenXRLoader.cs:704)
UnityEngine.IntegratedSubsystemDescriptor`1<UnityEngine.XR.XRDisplaySubsystem>:Create ()
UnityEngine.IntegratedSubsystemDescriptor`1<UnityEngine.XR.XRDisplaySubsystem>:CreateImpl ()
UnityEngine.IntegratedSubsystemDescriptor:UnityEngine.ISubsystemDescriptor.Create ()
UnityEngine.XR.Management.XRLoaderHelper:CreateSubsystem<UnityEngine.XR.XRDisplaySubsystemDescriptor, UnityEngine.XR.XRDisplaySubsystem> (System.Collections.Generic.List`1<UnityEngine.XR.XRDisplaySubsystemDescriptor>,string) (at ./Library/PackageCache/com.unity.xr.management@e3a3882b360a/Runtime/XRLoaderHelper.cs:112)
UnityEngine.XR.OpenXR.OpenXRLoaderBase:CreateSubsystem<UnityEngine.XR.XRDisplaySubsystemDescriptor, UnityEngine.XR.XRDisplaySubsystem> (System.Collections.Generic.List`1<UnityEngine.XR.XRDisplaySubsystemDescriptor>,string) (at ./Library/PackageCache/com.unity.xr.openxr@58837b2992e0/Runtime/OpenXRLoader.cs:508)
UnityEngine.XR.OpenXR.OpenXRLoaderBase:CreateSubsystems () (at ./Library/PackageCache/com.unity.xr.openxr@58837b2992e0/Runtime/OpenXRLoader.cs:293)
UnityEngine.XR.OpenXR.OpenXRLoaderBase:InitializeInternal () (at ./Library/PackageCache/com.unity.xr.openxr@58837b2992e0/Runtime/OpenXRLoader.cs:266)
UnityEngine.XR.OpenXR.OpenXRLoaderBase:Initialize () (at ./Library/PackageCache/com.unity.xr.openxr@58837b2992e0/Runtime/OpenXRLoader.cs:207)
UnityEngine.XR.Management.XRManagerSettings:InitializeLoaderSync () (at ./Library/PackageCache/com.unity.xr.management@e3a3882b360a/Runtime/XRManagerSettings.cs:186)
UnityEngine.XR.Management.XRGeneralSettings:InitXRSDK () (at ./Library/PackageCache/com.unity.xr.management@e3a3882b360a/Runtime/XRGeneralSettings.cs:172)
UnityEngine.XR.Management.XRGeneralSettings:AttemptInitializeXRSDKOnLoad () (at ./Library/PackageCache/com.unity.xr.management@e3a3882b360a/Runtime/XRGeneralSettings.cs:145)

(Filename: ./Library/PackageCache/com.meta.xr.sdk.core@c0efcbf2ba70/Scripts/OpenXRFeatures/OpenXRNativeFuncs.cs Line: 64)

ErrorFunctionUnsupported: xrGetInstanceProcAddr failed to get function pointer for 'xrShareSpacesMETA'.
UnityEngine.Debug:ExtractStackTraceNoAlloc (byte*,int,string)
UnityEngine.StackTraceUtility:ExtractStackTrace ()
UnityEngine.DebugLogHandler:Internal_Log (UnityEngine.LogType,UnityEngine.LogOption,string,UnityEngine.Object)
UnityEngine.DebugLogHandler:LogFormat (UnityEngine.LogType,UnityEngine.Object,string,object[])
UnityEngine.Logger:Log (UnityEngine.LogType,object)
UnityEngine.Debug:LogWarning (object)
Meta.XR.OpenXRNativeFuncs:GetInstanceDelegate<Meta.XR.OpenXRNativeFuncs/xrShareSpacesMETA> (Meta.XR.OpenXRNativeFuncs/xrGetInstanceProcAddr,Meta.XR.XrInstance,string,Meta.XR.OpenXRNativeFuncs/xrShareSpacesMETA&) (at ./Library/PackageCache/com.meta.xr.sdk.core@c0efcbf2ba70/Scripts/OpenXRFeatures/OpenXRNativeFuncs.cs:64)
Meta.XR.MetaFeatureBase`1<Meta.XR.MetaXRFeature>:GetInstanceDelegate<Meta.XR.OpenXRNativeFuncs/xrShareSpacesMETA> (string,Meta.XR.OpenXRNativeFuncs/xrShareSpacesMETA&) (at ./Library/PackageCache/com.meta.xr.sdk.core@c0efcbf2ba70/Scripts/OpenXRFeatures/MetaFeatureBase.cs:182)
Meta.XR.MetaXRFeature:BindSpatialEntityFunctionPointers () (at ./Library/PackageCache/com.meta.xr.sdk.core@c0efcbf2ba70/Scripts/OpenXRFeatures/MetaXRSpatialEntityFeature.cs:59)
Meta.XR.MetaXRFeature:BindFunctionPointers () (at ./Library/PackageCache/com.meta.xr.sdk.core@c0efcbf2ba70/Scripts/OpenXRFeatures/MetaXRFeature.cs:501)
Meta.XR.MetaFeatureBase`1<Meta.XR.MetaXRFeature>:OnInstanceCreate (ulong) (at ./Library/PackageCache/com.meta.xr.sdk.core@c0efcbf2ba70/Scripts/OpenXRFeatures/MetaFeatureBase.cs:134)
Meta.XR.MetaXRFeature:OnInstanceCreate (ulong) (at ./Library/PackageCache/com.meta.xr.sdk.core@c0efcbf2ba70/Scripts/OpenXRFeatures/MetaXRFeature.cs:321)
UnityEngine.XR.OpenXR.Features.OpenXRFeature:ReceiveNativeEvent (UnityEngine.XR.OpenXR.Features.OpenXRFeature/NativeEvent,ulong) (at ./Library/PackageCache/com.unity.xr.openxr@58837b2992e0/Runtime/Features/OpenXRFeature.cs:698)
UnityEngine.XR.OpenXR.OpenXRLoaderBase:ReceiveNativeEvent (UnityEngine.XR.OpenXR.Features.OpenXRFeature/NativeEvent,ulong) (at ./Library/PackageCache/com.unity.xr.openxr@58837b2992e0/Runtime/OpenXRLoader.cs:704)
UnityEngine.IntegratedSubsystemDescriptor`1<UnityEngine.XR.XRDisplaySubsystem>:Create ()
UnityEngine.IntegratedSubsystemDescriptor`1<UnityEngine.XR.XRDisplaySubsystem>:CreateImpl ()
UnityEngine.IntegratedSubsystemDescriptor:UnityEngine.ISubsystemDescriptor.Create ()
UnityEngine.XR.Management.XRLoaderHelper:CreateSubsystem<UnityEngine.XR.XRDisplaySubsystemDescriptor, UnityEngine.XR.XRDisplaySubsystem> (System.Collections.Generic.List`1<UnityEngine.XR.XRDisplaySubsystemDescriptor>,string) (at ./Library/PackageCache/com.unity.xr.management@e3a3882b360a/Runtime/XRLoaderHelper.cs:112)
UnityEngine.XR.OpenXR.OpenXRLoaderBase:CreateSubsystem<UnityEngine.XR.XRDisplaySubsystemDescriptor, UnityEngine.XR.XRDisplaySubsystem> (System.Collections.Generic.List`1<UnityEngine.XR.XRDisplaySubsystemDescriptor>,string) (at ./Library/PackageCache/com.unity.xr.openxr@58837b2992e0/Runtime/OpenXRLoader.cs:508)
UnityEngine.XR.OpenXR.OpenXRLoaderBase:CreateSubsystems () (at ./Library/PackageCache/com.unity.xr.openxr@58837b2992e0/Runtime/OpenXRLoader.cs:293)
UnityEngine.XR.OpenXR.OpenXRLoaderBase:InitializeInternal () (at ./Library/PackageCache/com.unity.xr.openxr@58837b2992e0/Runtime/OpenXRLoader.cs:266)
UnityEngine.XR.OpenXR.OpenXRLoaderBase:Initialize () (at ./Library/PackageCache/com.unity.xr.openxr@58837b2992e0/Runtime/OpenXRLoader.cs:207)
UnityEngine.XR.Management.XRManagerSettings:InitializeLoaderSync () (at ./Library/PackageCache/com.unity.xr.management@e3a3882b360a/Runtime/XRManagerSettings.cs:186)
UnityEngine.XR.Management.XRGeneralSettings:InitXRSDK () (at ./Library/PackageCache/com.unity.xr.management@e3a3882b360a/Runtime/XRGeneralSettings.cs:172)
UnityEngine.XR.Management.XRGeneralSettings:AttemptInitializeXRSDKOnLoad () (at ./Library/PackageCache/com.unity.xr.management@e3a3882b360a/Runtime/XRGeneralSettings.cs:145)

(Filename: ./Library/PackageCache/com.meta.xr.sdk.core@c0efcbf2ba70/Scripts/OpenXRFeatures/OpenXRNativeFuncs.cs Line: 64)

ErrorFunctionUnsupported: xrGetInstanceProcAddr failed to get function pointer for 'xrGetSpaceRoomMeshFaceIndicesMETA'.
UnityEngine.Debug:ExtractStackTraceNoAlloc (byte*,int,string)
UnityEngine.StackTraceUtility:ExtractStackTrace ()
UnityEngine.DebugLogHandler:Internal_Log (UnityEngine.LogType,UnityEngine.LogOption,string,UnityEngine.Object)
UnityEngine.DebugLogHandler:LogFormat (UnityEngine.LogType,UnityEngine.Object,string,object[])
UnityEngine.Logger:Log (UnityEngine.LogType,object)
UnityEngine.Debug:LogWarning (object)
Meta.XR.OpenXRNativeFuncs:GetInstanceDelegate<Meta.XR.OpenXRNativeFuncs/xrGetSpaceRoomMeshFaceIndicesMETA> (Meta.XR.OpenXRNativeFuncs/xrGetInstanceProcAddr,Meta.XR.XrInstance,string,Meta.XR.OpenXRNativeFuncs/xrGetSpaceRoomMeshFaceIndicesMETA&) (at ./Library/PackageCache/com.meta.xr.sdk.core@c0efcbf2ba70/Scripts/OpenXRFeatures/OpenXRNativeFuncs.cs:64)
Meta.XR.MetaFeatureBase`1<Meta.XR.MetaXRFeature>:GetInstanceDelegate<Meta.XR.OpenXRNativeFuncs/xrGetSpaceRoomMeshFaceIndicesMETA> (string,Meta.XR.OpenXRNativeFuncs/xrGetSpaceRoomMeshFaceIndicesMETA&) (at ./Library/PackageCache/com.meta.xr.sdk.core@c0efcbf2ba70/Scripts/OpenXRFeatures/MetaFeatureBase.cs:182)
Meta.XR.MetaXRFeature:BindSpatialEntityFunctionPointers () (at ./Library/PackageCache/com.meta.xr.sdk.core@c0efcbf2ba70/Scripts/OpenXRFeatures/MetaXRSpatialEntityFeature.cs:60)
Meta.XR.MetaXRFeature:BindFunctionPointers () (at ./Library/PackageCache/com.meta.xr.sdk.core@c0efcbf2ba70/Scripts/OpenXRFeatures/MetaXRFeature.cs:501)
Meta.XR.MetaFeatureBase`1<Meta.XR.MetaXRFeature>:OnInstanceCreate (ulong) (at ./Library/PackageCache/com.meta.xr.sdk.core@c0efcbf2ba70/Scripts/OpenXRFeatures/MetaFeatureBase.cs:134)
Meta.XR.MetaXRFeature:OnInstanceCreate (ulong) (at ./Library/PackageCache/com.meta.xr.sdk.core@c0efcbf2ba70/Scripts/OpenXRFeatures/MetaXRFeature.cs:321)
UnityEngine.XR.OpenXR.Features.OpenXRFeature:ReceiveNativeEvent (UnityEngine.XR.OpenXR.Features.OpenXRFeature/NativeEvent,ulong) (at ./Library/PackageCache/com.unity.xr.openxr@58837b2992e0/Runtime/Features/OpenXRFeature.cs:698)
UnityEngine.XR.OpenXR.OpenXRLoaderBase:ReceiveNativeEvent (UnityEngine.XR.OpenXR.Features.OpenXRFeature/NativeEvent,ulong) (at ./Library/PackageCache/com.unity.xr.openxr@58837b2992e0/Runtime/OpenXRLoader.cs:704)
UnityEngine.IntegratedSubsystemDescriptor`1<UnityEngine.XR.XRDisplaySubsystem>:Create ()
UnityEngine.IntegratedSubsystemDescriptor`1<UnityEngine.XR.XRDisplaySubsystem>:CreateImpl ()
UnityEngine.IntegratedSubsystemDescriptor:UnityEngine.ISubsystemDescriptor.Create ()
UnityEngine.XR.Management.XRLoaderHelper:CreateSubsystem<UnityEngine.XR.XRDisplaySubsystemDescriptor, UnityEngine.XR.XRDisplaySubsystem> (System.Collections.Generic.List`1<UnityEngine.XR.XRDisplaySubsystemDescriptor>,string) (at ./Library/PackageCache/com.unity.xr.management@e3a3882b360a/Runtime/XRLoaderHelper.cs:112)
UnityEngine.XR.OpenXR.OpenXRLoaderBase:CreateSubsystem<UnityEngine.XR.XRDisplaySubsystemDescriptor, UnityEngine.XR.XRDisplaySubsystem> (System.Collections.Generic.List`1<UnityEngine.XR.XRDisplaySubsystemDescriptor>,string) (at ./Library/PackageCache/com.unity.xr.openxr@58837b2992e0/Runtime/OpenXRLoader.cs:508)
UnityEngine.XR.OpenXR.OpenXRLoaderBase:CreateSubsystems () (at ./Library/PackageCache/com.unity.xr.openxr@58837b2992e0/Runtime/OpenXRLoader.cs:293)
UnityEngine.XR.OpenXR.OpenXRLoaderBase:InitializeInternal () (at ./Library/PackageCache/com.unity.xr.openxr@58837b2992e0/Runtime/OpenXRLoader.cs:266)
UnityEngine.XR.OpenXR.OpenXRLoaderBase:Initialize () (at ./Library/PackageCache/com.unity.xr.openxr@58837b2992e0/Runtime/OpenXRLoader.cs:207)
UnityEngine.XR.Management.XRManagerSettings:InitializeLoaderSync () (at ./Library/PackageCache/com.unity.xr.management@e3a3882b360a/Runtime/XRManagerSettings.cs:186)
UnityEngine.XR.Management.XRGeneralSettings:InitXRSDK () (at ./Library/PackageCache/com.unity.xr.management@e3a3882b360a/Runtime/XRGeneralSettings.cs:172)
UnityEngine.XR.Management.XRGeneralSettings:AttemptInitializeXRSDKOnLoad () (at ./Library/PackageCache/com.unity.xr.management@e3a3882b360a/Runtime/XRGeneralSettings.cs:145)

(Filename: ./Library/PackageCache/com.meta.xr.sdk.core@c0efcbf2ba70/Scripts/OpenXRFeatures/OpenXRNativeFuncs.cs Line: 64)

ErrorFunctionUnsupported: xrGetInstanceProcAddr failed to get function pointer for 'xrGetSpaceRoomMeshMETA'.
UnityEngine.Debug:ExtractStackTraceNoAlloc (byte*,int,string)
UnityEngine.StackTraceUtility:ExtractStackTrace ()
UnityEngine.DebugLogHandler:Internal_Log (UnityEngine.LogType,UnityEngine.LogOption,string,UnityEngine.Object)
UnityEngine.DebugLogHandler:LogFormat (UnityEngine.LogType,UnityEngine.Object,string,object[])
UnityEngine.Logger:Log (UnityEngine.LogType,object)
UnityEngine.Debug:LogWarning (object)
Meta.XR.OpenXRNativeFuncs:GetInstanceDelegate<Meta.XR.OpenXRNativeFuncs/xrGetSpaceRoomMeshMETA> (Meta.XR.OpenXRNativeFuncs/xrGetInstanceProcAddr,Meta.XR.XrInstance,string,Meta.XR.OpenXRNativeFuncs/xrGetSpaceRoomMeshMETA&) (at ./Library/PackageCache/com.meta.xr.sdk.core@c0efcbf2ba70/Scripts/OpenXRFeatures/OpenXRNativeFuncs.cs:64)
Meta.XR.MetaFeatureBase`1<Meta.XR.MetaXRFeature>:GetInstanceDelegate<Meta.XR.OpenXRNativeFuncs/xrGetSpaceRoomMeshMETA> (string,Meta.XR.OpenXRNativeFuncs/xrGetSpaceRoomMeshMETA&) (at ./Library/PackageCache/com.meta.xr.sdk.core@c0efcbf2ba70/Scripts/OpenXRFeatures/MetaFeatureBase.cs:182)
Meta.XR.MetaXRFeature:BindSpatialEntityFunctionPointers () (at ./Library/PackageCache/com.meta.xr.sdk.core@c0efcbf2ba70/Scripts/OpenXRFeatures/MetaXRSpatialEntityFeature.cs:61)
Meta.XR.MetaXRFeature:BindFunctionPointers () (at ./Library/PackageCache/com.meta.xr.sdk.core@c0efcbf2ba70/Scripts/OpenXRFeatures/MetaXRFeature.cs:501)
Meta.XR.MetaFeatureBase`1<Meta.XR.MetaXRFeature>:OnInstanceCreate (ulong) (at ./Library/PackageCache/com.meta.xr.sdk.core@c0efcbf2ba70/Scripts/OpenXRFeatures/MetaFeatureBase.cs:134)
Meta.XR.MetaXRFeature:OnInstanceCreate (ulong) (at ./Library/PackageCache/com.meta.xr.sdk.core@c0efcbf2ba70/Scripts/OpenXRFeatures/MetaXRFeature.cs:321)
UnityEngine.XR.OpenXR.Features.OpenXRFeature:ReceiveNativeEvent (UnityEngine.XR.OpenXR.Features.OpenXRFeature/NativeEvent,ulong) (at ./Library/PackageCache/com.unity.xr.openxr@58837b2992e0/Runtime/Features/OpenXRFeature.cs:698)
UnityEngine.XR.OpenXR.OpenXRLoaderBase:ReceiveNativeEvent (UnityEngine.XR.OpenXR.Features.OpenXRFeature/NativeEvent,ulong) (at ./Library/PackageCache/com.unity.xr.openxr@58837b2992e0/Runtime/OpenXRLoader.cs:704)
UnityEngine.IntegratedSubsystemDescriptor`1<UnityEngine.XR.XRDisplaySubsystem>:Create ()
UnityEngine.IntegratedSubsystemDescriptor`1<UnityEngine.XR.XRDisplaySubsystem>:CreateImpl ()
UnityEngine.IntegratedSubsystemDescriptor:UnityEngine.ISubsystemDescriptor.Create ()
UnityEngine.XR.Management.XRLoaderHelper:CreateSubsystem<UnityEngine.XR.XRDisplaySubsystemDescriptor, UnityEngine.XR.XRDisplaySubsystem> (System.Collections.Generic.List`1<UnityEngine.XR.XRDisplaySubsystemDescriptor>,string) (at ./Library/PackageCache/com.unity.xr.management@e3a3882b360a/Runtime/XRLoaderHelper.cs:112)
UnityEngine.XR.OpenXR.OpenXRLoaderBase:CreateSubsystem<UnityEngine.XR.XRDisplaySubsystemDescriptor, UnityEngine.XR.XRDisplaySubsystem> (System.Collections.Generic.List`1<UnityEngine.XR.XRDisplaySubsystemDescriptor>,string) (at ./Library/PackageCache/com.unity.xr.openxr@58837b2992e0/Runtime/OpenXRLoader.cs:508)
UnityEngine.XR.OpenXR.OpenXRLoaderBase:CreateSubsystems () (at ./Library/PackageCache/com.unity.xr.openxr@58837b2992e0/Runtime/OpenXRLoader.cs:293)
UnityEngine.XR.OpenXR.OpenXRLoaderBase:InitializeInternal () (at ./Library/PackageCache/com.unity.xr.openxr@58837b2992e0/Runtime/OpenXRLoader.cs:266)
UnityEngine.XR.OpenXR.OpenXRLoaderBase:Initialize () (at ./Library/PackageCache/com.unity.xr.openxr@58837b2992e0/Runtime/OpenXRLoader.cs:207)
UnityEngine.XR.Management.XRManagerSettings:InitializeLoaderSync () (at ./Library/PackageCache/com.unity.xr.management@e3a3882b360a/Runtime/XRManagerSettings.cs:186)
UnityEngine.XR.Management.XRGeneralSettings:InitXRSDK () (at ./Library/PackageCache/com.unity.xr.management@e3a3882b360a/Runtime/XRGeneralSettings.cs:172)
UnityEngine.XR.Management.XRGeneralSettings:AttemptInitializeXRSDKOnLoad () (at ./Library/PackageCache/com.unity.xr.management@e3a3882b360a/Runtime/XRGeneralSettings.cs:145)

(Filename: ./Library/PackageCache/com.meta.xr.sdk.core@c0efcbf2ba70/Scripts/OpenXRFeatures/OpenXRNativeFuncs.cs Line: 64)

ErrorFunctionUnsupported: xrGetInstanceProcAddr failed to get function pointer for 'xrRequestSceneCaptureFB'.
UnityEngine.Debug:ExtractStackTraceNoAlloc (byte*,int,string)
UnityEngine.StackTraceUtility:ExtractStackTrace ()
UnityEngine.DebugLogHandler:Internal_Log (UnityEngine.LogType,UnityEngine.LogOption,string,UnityEngine.Object)
UnityEngine.DebugLogHandler:LogFormat (UnityEngine.LogType,UnityEngine.Object,string,object[])
UnityEngine.Logger:Log (UnityEngine.LogType,object)
UnityEngine.Debug:LogWarning (object)
Meta.XR.OpenXRNativeFuncs:GetInstanceDelegate<Meta.XR.OpenXRNativeFuncs/xrRequestSceneCaptureFB> (Meta.XR.OpenXRNativeFuncs/xrGetInstanceProcAddr,Meta.XR.XrInstance,string,Meta.XR.OpenXRNativeFuncs/xrRequestSceneCaptureFB&) (at ./Library/PackageCache/com.meta.xr.sdk.core@c0efcbf2ba70/Scripts/OpenXRFeatures/OpenXRNativeFuncs.cs:64)
Meta.XR.MetaFeatureBase`1<Meta.XR.MetaXRFeature>:GetInstanceDelegate<Meta.XR.OpenXRNativeFuncs/xrRequestSceneCaptureFB> (string,Meta.XR.OpenXRNativeFuncs/xrRequestSceneCaptureFB&) (at ./Library/PackageCache/com.meta.xr.sdk.core@c0efcbf2ba70/Scripts/OpenXRFeatures/MetaFeatureBase.cs:182)
Meta.XR.MetaXRFeature:BindSpatialEntityFunctionPointers () (at ./Library/PackageCache/com.meta.xr.sdk.core@c0efcbf2ba70/Scripts/OpenXRFeatures/MetaXRSpatialEntityFeature.cs:63)
Meta.XR.MetaXRFeature:BindFunctionPointers () (at ./Library/PackageCache/com.meta.xr.sdk.core@c0efcbf2ba70/Scripts/OpenXRFeatures/MetaXRFeature.cs:501)
Meta.XR.MetaFeatureBase`1<Meta.XR.MetaXRFeature>:OnInstanceCreate (ulong) (at ./Library/PackageCache/com.meta.xr.sdk.core@c0efcbf2ba70/Scripts/OpenXRFeatures/MetaFeatureBase.cs:134)
Meta.XR.MetaXRFeature:OnInstanceCreate (ulong) (at ./Library/PackageCache/com.meta.xr.sdk.core@c0efcbf2ba70/Scripts/OpenXRFeatures/MetaXRFeature.cs:321)
UnityEngine.XR.OpenXR.Features.OpenXRFeature:ReceiveNativeEvent (UnityEngine.XR.OpenXR.Features.OpenXRFeature/NativeEvent,ulong) (at ./Library/PackageCache/com.unity.xr.openxr@58837b2992e0/Runtime/Features/OpenXRFeature.cs:698)
UnityEngine.XR.OpenXR.OpenXRLoaderBase:ReceiveNativeEvent (UnityEngine.XR.OpenXR.Features.OpenXRFeature/NativeEvent,ulong) (at ./Library/PackageCache/com.unity.xr.openxr@58837b2992e0/Runtime/OpenXRLoader.cs:704)
UnityEngine.IntegratedSubsystemDescriptor`1<UnityEngine.XR.XRDisplaySubsystem>:Create ()
UnityEngine.IntegratedSubsystemDescriptor`1<UnityEngine.XR.XRDisplaySubsystem>:CreateImpl ()
UnityEngine.IntegratedSubsystemDescriptor:UnityEngine.ISubsystemDescriptor.Create ()
UnityEngine.XR.Management.XRLoaderHelper:CreateSubsystem<UnityEngine.XR.XRDisplaySubsystemDescriptor, UnityEngine.XR.XRDisplaySubsystem> (System.Collections.Generic.List`1<UnityEngine.XR.XRDisplaySubsystemDescriptor>,string) (at ./Library/PackageCache/com.unity.xr.management@e3a3882b360a/Runtime/XRLoaderHelper.cs:112)
UnityEngine.XR.OpenXR.OpenXRLoaderBase:CreateSubsystem<UnityEngine.XR.XRDisplaySubsystemDescriptor, UnityEngine.XR.XRDisplaySubsystem> (System.Collections.Generic.List`1<UnityEngine.XR.XRDisplaySubsystemDescriptor>,string) (at ./Library/PackageCache/com.unity.xr.openxr@58837b2992e0/Runtime/OpenXRLoader.cs:508)
UnityEngine.XR.OpenXR.OpenXRLoaderBase:CreateSubsystems () (at ./Library/PackageCache/com.unity.xr.openxr@58837b2992e0/Runtime/OpenXRLoader.cs:293)
UnityEngine.XR.OpenXR.OpenXRLoaderBase:InitializeInternal () (at ./Library/PackageCache/com.unity.xr.openxr@58837b2992e0/Runtime/OpenXRLoader.cs:266)
UnityEngine.XR.OpenXR.OpenXRLoaderBase:Initialize () (at ./Library/PackageCache/com.unity.xr.openxr@58837b2992e0/Runtime/OpenXRLoader.cs:207)
UnityEngine.XR.Management.XRManagerSettings:InitializeLoaderSync () (at ./Library/PackageCache/com.unity.xr.management@e3a3882b360a/Runtime/XRManagerSettings.cs:186)
UnityEngine.XR.Management.XRGeneralSettings:InitXRSDK () (at ./Library/PackageCache/com.unity.xr.management@e3a3882b360a/Runtime/XRGeneralSettings.cs:172)
UnityEngine.XR.Management.XRGeneralSettings:AttemptInitializeXRSDKOnLoad () (at ./Library/PackageCache/com.unity.xr.management@e3a3882b360a/Runtime/XRGeneralSettings.cs:145)

(Filename: ./Library/PackageCache/com.meta.xr.sdk.core@c0efcbf2ba70/Scripts/OpenXRFeatures/OpenXRNativeFuncs.cs Line: 64)

[XR] [16024] [13:22:54.498][Error  ] xrCreateDebugUtilsMessengerEXT: XR_ERROR_VALIDATION_FAILURE
[XR] [16024] [13:22:54.498][Error  ] xrGetSystem: XR_ERROR_FORM_FACTOR_UNAVAILABLE
[XR] [16024] [13:22:54.499][Info   ] 

==== Start Unity OpenXR Diagnostic Report ====


[XR] [16024] [13:22:54.499][Info   ] ==== Report Reason: Uncaught Exception ====


[XR] [16024] [13:22:54.499][Info   ] ==== OpenXR Settings ====
[XR] [16024] [13:22:54.499][Info   ] 
[XR] [16024] [13:22:54.499][Info   ] Symmetric Projection: False
[XR] [16024] [13:22:54.499][Info   ] Stereo Rendering Mode: SinglePassInstanced
[XR] [16024] [13:22:54.499][Info   ] Latency Optimization: PrioritizeRendering
[XR] [16024] [13:22:54.499][Info   ] Color Submission Modes: kRenderTextureFormatGroup8888
[XR] [16024] [13:22:54.499][Info   ] Depth Submission Mode: None
[XR] [16024] [13:22:54.500][Info   ] Space Warp Motion Vector Texture Format: RGBA16f
[XR] [16024] [13:22:54.500][Info   ] Optimize Buffer Discards: False
[XR] [16024] [13:22:54.500][Info   ] Multiview Render Regions Optimization Mode: None
[XR] [16024] [13:22:54.500][Info   ] Use OpenXR Predicted Time: True
[XR] [16024] [13:22:54.500][Info   ] Foveated Rendering API: SRPFoveation
[XR] [16024] [13:22:54.500][Info   ] 
[XR] [16024] [13:22:54.500][Info   ] ==== OpenXR Provider Info ====
[XR] [16024] [13:22:54.500][Info   ] 
[XR] [16024] [13:22:54.500][Info   ] Provider Version: 324c489
[XR] [16024] [13:22:54.500][Info   ] App: My project (1) #1521753221
[XR] [16024] [13:22:54.500][Info   ] Engine: 6000.5.4f1 #89146369
[XR] [16024] [13:22:54.500][Info   ] 
[XR] [16024] [13:22:54.500][Info   ] ==== OpenXR Runtime Info ====
[XR] [16024] [13:22:54.500][Info   ] 
[XR] [16024] [13:22:54.500][Info   ] Available Runtime Extensions: (43)
[XR] [16024] [13:22:54.500][Info   ]   XR_KHR_D3D11_enable: Version=11
[XR] [16024] [13:22:54.500][Info   ]   XR_KHR_D3D12_enable: Version=11
[XR] [16024] [13:22:54.500][Info   ]   XR_KHR_opengl_enable: Version=12
[XR] [16024] [13:22:54.500][Info   ]   XR_KHR_vulkan_enable: Version=10
[XR] [16024] [13:22:54.500][Info   ]   XR_KHR_vulkan_enable2: Version=4
[XR] [16024] [13:22:54.500][Info   ]   XR_KHR_composition_layer_depth: Version=6
[XR] [16024] [13:22:54.500][Info   ]   XR_KHR_win32_convert_performance_counter_time: Version=1
[XR] [16024] [13:22:54.500][Info   ]   XR_KHR_convert_timespec_time: Version=1
[XR] [16024] [13:22:54.500][Info   ]   XR_KHR_composition_layer_cube: Version=8
[XR] [16024] [13:22:54.500][Info   ]   XR_KHR_composition_layer_cylinder: Version=4
[XR] [16024] [13:22:54.500][Info   ]   XR_KHR_composition_layer_equirect: Version=3
[XR] [16024] [13:22:54.500][Info   ]   XR_KHR_visibility_mask: Version=2
[XR] [16024] [13:22:54.500][Info   ]   XR_KHR_composition_layer_color_scale_bias: Version=5
[XR] [16024] [13:22:54.500][Info   ]   XR_KHR_maintenance1: Version=1
[XR] [16024] [13:22:54.500][Info   ]   XR_EXT_win32_appcontainer_compatible: Version=1
[XR] [16024] [13:22:54.500][Info   ]   XR_EXT_debug_utils: Version=5
[XR] [16024] [13:22:54.500][Info   ]   XR_OCULUS_recenter_event: Version=1
[XR] [16024] [13:22:54.500][Info   ]   XR_OCULUS_audio_device_guid: Version=1
[XR] [16024] [13:22:54.500][Info   ]   XR_FB_color_space: Version=3
[XR] [16024] [13:22:54.500][Info   ]   XR_FB_display_refresh_rate: Version=1
[XR] [16024] [13:22:54.500][Info   ]   XR_META_performance_metrics: Version=2
[XR] [16024] [13:22:54.500][Info   ]   XR_META_headset_id: Version=2
[XR] [16024] [13:22:54.500][Info   ]   XR_OCULUS_ovrsession_handle: Version=1
[XR] [16024] [13:22:54.500][Info   ]   XR_EXT_hand_interaction: Version=2
[XR] [16024] [13:22:54.500][Info   ]   XR_EXT_hand_tracking: Version=4
[XR] [16024] [13:22:54.500][Info   ]   XR_FB_hand_tracking_mesh: Version=3
[XR] [16024] [13:22:54.500][Info   ]   XR_META_simultaneous_hands_and_controllers: Version=1
[XR] [16024] [13:22:54.500][Info   ]   XR_FB_hand_tracking_aim: Version=2
[XR] [16024] [13:22:54.500][Info   ]   XR_FB_hand_tracking_capsules: Version=3
[XR] [16024] [13:22:54.500][Info   ]   XR_EXT_hand_tracking_data_source: Version=1
[XR] [16024] [13:22:54.500][Info   ]   XR_META_hand_tracking_microgestures: Version=1
[XR] [16024] [13:22:54.500][Info   ]   XR_EXT_local_floor: Version=1
[XR] [16024] [13:22:54.500][Info   ]   XR_EXT_active_action_set_priority: Version=1
[XR] [16024] [13:22:54.500][Info   ]   XR_EXT_future: Version=2
[XR] [16024] [13:22:54.500][Info   ]   XR_EXT_palm_pose: Version=3
[XR] [16024] [13:22:54.500][Info   ]   XR_FB_haptic_amplitude_envelope: Version=1
[XR] [16024] [13:22:54.500][Info   ]   XR_FB_haptic_pcm: Version=1
[XR] [16024] [13:22:54.500][Info   ]   XR_FB_touch_controller_pro: Version=1
[XR] [16024] [13:22:54.500][Info   ]   XR_META_touch_controller_plus: Version=1
[XR] [16024] [13:22:54.500][Info   ]   XR_FB_touch_controller_proximity: Version=1
[XR] [16024] [13:22:54.501][Info   ]   XR_OCULUS_external_camera: Version=1
[XR] [16024] [13:22:54.501][Info   ]   XR_META_detached_controllers: Version=1
[XR] [16024] [13:22:54.501][Info   ]   XR_LOGITECH_mx_ink_stylus_interaction: Version=1
[XR] [16024] [13:22:54.501][Info   ] 
[XR] [16024] [13:22:54.501][Info   ] Available Layers: (0)
[XR] [16024] [13:22:54.501][Info   ] 
[XR] [16024] [13:22:54.501][Info   ] Runtime Name: Oculus
[XR] [16024] [13:22:54.501][Info   ] Runtime Version: 1.205.0
[XR] [16024] [13:22:54.501][Info   ] 
[XR] [16024] [13:22:54.501][Info   ] ==== OpenXR API Spec Version ====
[XR] [16024] [13:22:54.501][Info   ] 
[XR] [16024] [13:22:54.501][Info   ] XrInstance Created with OpenXR API Version: 1.1.54
[XR] [16024] [13:22:54.501][Info   ] 
[XR] [16024] [13:22:54.501][Info   ] ==== OpenXR Exception Thrown ====
[XR] [16024] [13:22:54.501][Info   ] 
[XR] [16024] [13:22:54.501][Info   ] Error: XrResult failure [XR_ERROR_FORM_FACTOR_UNAVAILABLE]
[XR] [16024] [13:22:54.501][Info   ]     Origin: result
[XR] [16024] [13:22:54.501][Info   ]     Source: C:\build\output\unity\xr.sdk.openxr\com.unity.xr.openxr\NativePlugin~\Source\unity_session.cpp:328
[XR] [16024] [13:22:54.501][Info   ] 
[XR] [16024] [13:22:54.501][Info   ] 
[XR] [16024] [13:22:54.501][Info   ] ==== Std Exception Thrown ====
[XR] [16024] [13:22:54.501][Info   ] 
[XR] [16024] [13:22:54.501][Info   ] Function: Display_Initialize
[XR] [16024] [13:22:54.501][Info   ] Message: XrResult failure [XR_ERROR_FORM_FACTOR_UNAVAILABLE]
[XR] [16024] [13:22:54.501][Info   ]     Origin: result
[XR] [16024] [13:22:54.501][Info   ]     Source: C:\build\output\unity\xr.sdk.openxr\com.unity.xr.openxr\NativePlugin~\Source\unity_session.cpp:328
[XR] [16024] [13:22:54.501][Info   ] 
[XR] [16024] [13:22:54.501][Info   ] ==== Last 20 non-XR_SUCCESS returns ====
[XR] [16024] [13:22:54.501][Info   ] [FAILURE] xrCreateDebugUtilsMessengerEXT: XR_ERROR_VALIDATION_FAILURE (1x)
[XR] [16024] [13:22:54.501][Info   ] [FAILURE] xrGetSystem: XR_ERROR_FORM_FACTOR_UNAVAILABLE (1x)
[XR] [16024] [13:22:54.501][Info   ] 
[XR] [16024] [13:22:54.501][Info   ] ==== Last 20 Events ====
[XR] [16024] [13:22:54.501][Info   ] 

==== End Unity OpenXR Diagnostic Report ====


[Subsystems] Failed to initialize subsystem OpenXR Display [error: 1]
[XR] [16024] [13:22:54.505][Info   ] 

==== Start Unity OpenXR Diagnostic Report ====


[XR] [16024] [13:22:54.505][Info   ] ==== Report Reason: System Shutdown ====


[XR] [16024] [13:22:54.505][Info   ] ==== OpenXR Settings ====
[XR] [16024] [13:22:54.505][Info   ] 
[XR] [16024] [13:22:54.505][Info   ] Symmetric Projection: False
[XR] [16024] [13:22:54.505][Info   ] Stereo Rendering Mode: SinglePassInstanced
[XR] [16024] [13:22:54.505][Info   ] Latency Optimization: PrioritizeRendering
[XR] [16024] [13:22:54.505][Info   ] Color Submission Modes: kRenderTextureFormatGroup8888
[XR] [16024] [13:22:54.505][Info   ] Depth Submission Mode: None
[XR] [16024] [13:22:54.505][Info   ] Space Warp Motion Vector Texture Format: RGBA16f
[XR] [16024] [13:22:54.505][Info   ] Optimize Buffer Discards: False
[XR] [16024] [13:22:54.505][Info   ] Multiview Render Regions Optimization Mode: None
[XR] [16024] [13:22:54.505][Info   ] Use OpenXR Predicted Time: True
[XR] [16024] [13:22:54.506][Info   ] Foveated Rendering API: SRPFoveation
[XR] [16024] [13:22:54.506][Info   ] 
[XR] [16024] [13:22:54.506][Info   ] ==== OpenXR Provider Info ====
[XR] [16024] [13:22:54.506][Info   ] 
[XR] [16024] [13:22:54.506][Info   ] Provider Version: 324c489
[XR] [16024] [13:22:54.506][Info   ] App: My project (1) #1521753221
[XR] [16024] [13:22:54.506][Info   ] Engine: 6000.5.4f1 #89146369
[XR] [16024] [13:22:54.506][Info   ] 
[XR] [16024] [13:22:54.506][Info   ] ==== OpenXR Runtime Info ====
[XR] [16024] [13:22:54.506][Info   ] 
[XR] [16024] [13:22:54.506][Info   ] Available Runtime Extensions: (43)
[XR] [16024] [13:22:54.506][Info   ]   XR_KHR_D3D11_enable: Version=11
[XR] [16024] [13:22:54.506][Info   ]   XR_KHR_D3D12_enable: Version=11
[XR] [16024] [13:22:54.506][Info   ]   XR_KHR_opengl_enable: Version=12
[XR] [16024] [13:22:54.506][Info   ]   XR_KHR_vulkan_enable: Version=10
[XR] [16024] [13:22:54.506][Info   ]   XR_KHR_vulkan_enable2: Version=4
[XR] [16024] [13:22:54.506][Info   ]   XR_KHR_composition_layer_depth: Version=6
[XR] [16024] [13:22:54.506][Info   ]   XR_KHR_win32_convert_performance_counter_time: Version=1
[XR] [16024] [13:22:54.506][Info   ]   XR_KHR_convert_timespec_time: Version=1
[XR] [16024] [13:22:54.506][Info   ]   XR_KHR_composition_layer_cube: Version=8
[XR] [16024] [13:22:54.506][Info   ]   XR_KHR_composition_layer_cylinder: Version=4
[XR] [16024] [13:22:54.506][Info   ]   XR_KHR_composition_layer_equirect: Version=3
[XR] [16024] [13:22:54.506][Info   ]   XR_KHR_visibility_mask: Version=2
[XR] [16024] [13:22:54.506][Info   ]   XR_KHR_composition_layer_color_scale_bias: Version=5
[XR] [16024] [13:22:54.506][Info   ]   XR_KHR_maintenance1: Version=1
[XR] [16024] [13:22:54.506][Info   ]   XR_EXT_win32_appcontainer_compatible: Version=1
[XR] [16024] [13:22:54.506][Info   ]   XR_EXT_debug_utils: Version=5
[XR] [16024] [13:22:54.506][Info   ]   XR_OCULUS_recenter_event: Version=1
[XR] [16024] [13:22:54.506][Info   ]   XR_OCULUS_audio_device_guid: Version=1
[XR] [16024] [13:22:54.506][Info   ]   XR_FB_color_space: Version=3
[XR] [16024] [13:22:54.506][Info   ]   XR_FB_display_refresh_rate: Version=1
[XR] [16024] [13:22:54.507][Info   ]   XR_META_performance_metrics: Version=2
[XR] [16024] [13:22:54.507][Info   ]   XR_META_headset_id: Version=2
[XR] [16024] [13:22:54.507][Info   ]   XR_OCULUS_ovrsession_handle: Version=1
[XR] [16024] [13:22:54.507][Info   ]   XR_EXT_hand_interaction: Version=2
[XR] [16024] [13:22:54.507][Info   ]   XR_EXT_hand_tracking: Version=4
[XR] [16024] [13:22:54.507][Info   ]   XR_FB_hand_tracking_mesh: Version=3
[XR] [16024] [13:22:54.507][Info   ]   XR_META_simultaneous_hands_and_controllers: Version=1
[XR] [16024] [13:22:54.507][Info   ]   XR_FB_hand_tracking_aim: Version=2
[XR] [16024] [13:22:54.507][Info   ]   XR_FB_hand_tracking_capsules: Version=3
[XR] [16024] [13:22:54.507][Info   ]   XR_EXT_hand_tracking_data_source: Version=1
[XR] [16024] [13:22:54.507][Info   ]   XR_META_hand_tracking_microgestures: Version=1
[XR] [16024] [13:22:54.507][Info   ]   XR_EXT_local_floor: Version=1
[XR] [16024] [13:22:54.507][Info   ]   XR_EXT_active_action_set_priority: Version=1
[XR] [16024] [13:22:54.507][Info   ]   XR_EXT_future: Version=2
[XR] [16024] [13:22:54.507][Info   ]   XR_EXT_palm_pose: Version=3
[XR] [16024] [13:22:54.507][Info   ]   XR_FB_haptic_amplitude_envelope: Version=1
[XR] [16024] [13:22:54.507][Info   ]   XR_FB_haptic_pcm: Version=1
[XR] [16024] [13:22:54.507][Info   ]   XR_FB_touch_controller_pro: Version=1
[XR] [16024] [13:22:54.507][Info   ]   XR_META_touch_controller_plus: Version=1
[XR] [16024] [13:22:54.507][Info   ]   XR_FB_touch_controller_proximity: Version=1
[XR] [16024] [13:22:54.507][Info   ]   XR_OCULUS_external_camera: Version=1
[XR] [16024] [13:22:54.507][Info   ]   XR_META_detached_controllers: Version=1
[XR] [16024] [13:22:54.507][Info   ]   XR_LOGITECH_mx_ink_stylus_interaction: Version=1
[XR] [16024] [13:22:54.507][Info   ] 
[XR] [16024] [13:22:54.507][Info   ] Available Layers: (0)
[XR] [16024] [13:22:54.507][Info   ] 
[XR] [16024] [13:22:54.507][Info   ] Runtime Name: Oculus
[XR] [16024] [13:22:54.507][Info   ] Runtime Version: 1.205.0
[XR] [16024] [13:22:54.507][Info   ] 
[XR] [16024] [13:22:54.507][Info   ] ==== OpenXR API Spec Version ====
[XR] [16024] [13:22:54.507][Info   ] 
[XR] [16024] [13:22:54.507][Info   ] XrInstance Created with OpenXR API Version: 1.1.54
[XR] [16024] [13:22:54.507][Info   ] 
[XR] [16024] [13:22:54.507][Info   ] ==== OpenXR Exception Thrown ====
[XR] [16024] [13:22:54.507][Info   ] 
[XR] [16024] [13:22:54.507][Info   ] Error: XrResult failure [XR_ERROR_FORM_FACTOR_UNAVAILABLE]
[XR] [16024] [13:22:54.507][Info   ]     Origin: result
[XR] [16024] [13:22:54.507][Info   ]     Source: C:\build\output\unity\xr.sdk.openxr\com.unity.xr.openxr\NativePlugin~\Source\unity_session.cpp:328
[XR] [16024] [13:22:54.507][Info   ] 
[XR] [16024] [13:22:54.507][Info   ] 
[XR] [16024] [13:22:54.507][Info   ] ==== Std Exception Thrown ====
[XR] [16024] [13:22:54.507][Info   ] 
[XR] [16024] [13:22:54.507][Info   ] Function: Display_Initialize
[XR] [16024] [13:22:54.507][Info   ] Message: XrResult failure [XR_ERROR_FORM_FACTOR_UNAVAILABLE]
[XR] [16024] [13:22:54.507][Info   ]     Origin: result
[XR] [16024] [13:22:54.507][Info   ]     Source: C:\build\output\unity\xr.sdk.openxr\com.unity.xr.openxr\NativePlugin~\Source\unity_session.cpp:328
[XR] [16024] [13:22:54.507][Info   ] 
[XR] [16024] [13:22:54.507][Info   ] ==== Last 20 non-XR_SUCCESS returns ====
[XR] [16024] [13:22:54.507][Info   ] [FAILURE] xrCreateDebugUtilsMessengerEXT: XR_ERROR_VALIDATION_FAILURE (1x)
[XR] [16024] [13:22:54.507][Info   ] [FAILURE] xrGetSystem: XR_ERROR_FORM_FACTOR_UNAVAILABLE (1x)
[XR] [16024] [13:22:54.507][Info   ] 
[XR] [16024] [13:22:54.508][Info   ] ==== Last 20 Events ====
[XR] [16024] [13:22:54.508][Info   ] 

==== End Unity OpenXR Diagnostic Report ====


MRUK Shared: No file found at C:/Users/User/AppData/LocalLow/DefaultCompany/My project (1)/mruk_config.dat. Using default save object.
UnityEngine.Debug:ExtractStackTraceNoAlloc (byte*,int,string)
UnityEngine.StackTraceUtility:ExtractStackTrace ()
UnityEngine.DebugLogHandler:Internal_Log (UnityEngine.LogType,UnityEngine.LogOption,string,UnityEngine.Object)
UnityEngine.DebugLogHandler:LogFormat (UnityEngine.LogType,UnityEngine.LogOption,UnityEngine.Object,string,object[])
UnityEngine.Debug:LogFormat (UnityEngine.LogType,UnityEngine.LogOption,UnityEngine.Object,string,object[])
Meta.XR.MRUtilityKit.MRUK:OnSharedLibLog (Meta.XR.MRUtilityKit.MRUKNativeFuncs/MrukLogLevel,char*,uint) (at ./Library/PackageCache/com.meta.xr.mrutilitykit@2979546e7179/Core/Scripts/MRUK.cs:677)
Meta.XR.MRUtilityKit.MRUK:InitializeSharedLibrary () (at ./Library/PackageCache/com.meta.xr.mrutilitykit@2979546e7179/Core/Scripts/MRUK.Shared.cs:83)

(Filename: ./Library/PackageCache/com.meta.xr.mrutilitykit@2979546e7179/Core/Scripts/MRUK.cs Line: 677)

OpenXR is not available. MRUK will not be able to use OpenXR features.
UnityEngine.Debug:ExtractStackTraceNoAlloc (byte*,int,string)
UnityEngine.StackTraceUtility:ExtractStackTrace ()
UnityEngine.DebugLogHandler:Internal_Log (UnityEngine.LogType,UnityEngine.LogOption,string,UnityEngine.Object)
UnityEngine.DebugLogHandler:LogFormat (UnityEngine.LogType,UnityEngine.Object,string,object[])
UnityEngine.Logger:Log (UnityEngine.LogType,object)
UnityEngine.Debug:Log (object)
Meta.XR.MRUtilityKit.MRUK:InitializeSharedLibrary () (at ./Library/PackageCache/com.meta.xr.mrutilitykit@2979546e7179/Core/Scripts/MRUK.Shared.cs:122)

(Filename: ./Library/PackageCache/com.meta.xr.mrutilitykit@2979546e7179/Core/Scripts/MRUK.Shared.cs Line: 122)

MRUK Shared: Graphics::initFromUnity(0x7ff825877b88)
UnityEngine.Debug:ExtractStackTraceNoAlloc (byte*,int,string)
UnityEngine.StackTraceUtility:ExtractStackTrace ()
UnityEngine.DebugLogHandler:Internal_Log (UnityEngine.LogType,UnityEngine.LogOption,string,UnityEngine.Object)
UnityEngine.DebugLogHandler:LogFormat (UnityEngine.LogType,UnityEngine.LogOption,UnityEngine.Object,string,object[])
UnityEngine.Debug:LogFormat (UnityEngine.LogType,UnityEngine.LogOption,UnityEngine.Object,string,object[])
Meta.XR.MRUtilityKit.MRUK:OnSharedLibLog (Meta.XR.MRUtilityKit.MRUKNativeFuncs/MrukLogLevel,char*,uint) (at ./Library/PackageCache/com.meta.xr.mrutilitykit@2979546e7179/Core/Scripts/MRUK.cs:677)
Meta.XR.MRUtilityKit.MRUK:InitializeSharedLibrary () (at ./Library/PackageCache/com.meta.xr.mrutilitykit@2979546e7179/Core/Scripts/MRUK.Shared.cs:128)

(Filename: ./Library/PackageCache/com.meta.xr.mrutilitykit@2979546e7179/Core/Scripts/MRUK.cs Line: 677)

MRUK Shared: onGraphicsDeviceEvent(0)
UnityEngine.Debug:ExtractStackTraceNoAlloc (byte*,int,string)
UnityEngine.StackTraceUtility:ExtractStackTrace ()
UnityEngine.DebugLogHandler:Internal_Log (UnityEngine.LogType,UnityEngine.LogOption,string,UnityEngine.Object)
UnityEngine.DebugLogHandler:LogFormat (UnityEngine.LogType,UnityEngine.LogOption,UnityEngine.Object,string,object[])
UnityEngine.Debug:LogFormat (UnityEngine.LogType,UnityEngine.LogOption,UnityEngine.Object,string,object[])
Meta.XR.MRUtilityKit.MRUK:OnSharedLibLog (Meta.XR.MRUtilityKit.MRUKNativeFuncs/MrukLogLevel,char*,uint) (at ./Library/PackageCache/com.meta.xr.mrutilitykit@2979546e7179/Core/Scripts/MRUK.cs:677)
Meta.XR.MRUtilityKit.MRUK:InitializeSharedLibrary () (at ./Library/PackageCache/com.meta.xr.mrutilitykit@2979546e7179/Core/Scripts/MRUK.Shared.cs:128)

(Filename: ./Library/PackageCache/com.meta.xr.mrutilitykit@2979546e7179/Core/Scripts/MRUK.cs Line: 677)

MRUK Shared: kUnityGfxDeviceEventInitialize, rendererType_ set to 0
UnityEngine.Debug:ExtractStackTraceNoAlloc (byte*,int,string)
UnityEngine.StackTraceUtility:ExtractStackTrace ()
UnityEngine.DebugLogHandler:Internal_Log (UnityEngine.LogType,UnityEngine.LogOption,string,UnityEngine.Object)
UnityEngine.DebugLogHandler:LogFormat (UnityEngine.LogType,UnityEngine.LogOption,UnityEngine.Object,string,object[])
UnityEngine.Debug:LogFormat (UnityEngine.LogType,UnityEngine.LogOption,UnityEngine.Object,string,object[])
Meta.XR.MRUtilityKit.MRUK:OnSharedLibLog (Meta.XR.MRUtilityKit.MRUKNativeFuncs/MrukLogLevel,char*,uint) (at ./Library/PackageCache/com.meta.xr.mrutilitykit@2979546e7179/Core/Scripts/MRUK.cs:677)
Meta.XR.MRUtilityKit.MRUK:InitializeSharedLibrary () (at ./Library/PackageCache/com.meta.xr.mrutilitykit@2979546e7179/Core/Scripts/MRUK.Shared.cs:128)

(Filename: ./Library/PackageCache/com.meta.xr.mrutilitykit@2979546e7179/Core/Scripts/MRUK.cs Line: 677)

Applying Acoustic Propagation Settings: [acoustic model = Automatic], [diffraction = True], 
UnityEngine.Debug:ExtractStackTraceNoAlloc (byte*,int,string)
UnityEngine.StackTraceUtility:ExtractStackTrace ()
UnityEngine.DebugLogHandler:Internal_Log (UnityEngine.LogType,UnityEngine.LogOption,string,UnityEngine.Object)
UnityEngine.DebugLogHandler:LogFormat (UnityEngine.LogType,UnityEngine.Object,string,object[])
UnityEngine.Logger:Log (UnityEngine.LogType,object)
UnityEngine.Debug:Log (object)
MetaXRAcousticSettings:ApplyAllSettings () (at ./Library/PackageCache/com.meta.xr.sdk.audio@baafb66e77db/Runtime/scripts/MetaXRAcousticSettings.cs:102)
MetaXRAcousticSettings:OnBeforeSceneLoadRuntimeMethod () (at ./Library/PackageCache/com.meta.xr.sdk.audio@baafb66e77db/Runtime/scripts/MetaXRAcousticSettings.cs:38)

(Filename: ./Library/PackageCache/com.meta.xr.sdk.audio@baafb66e77db/Runtime/scripts/MetaXRAcousticSettings.cs Line: 102)

Meta XR Audio Native Interface initialized with Unity plugin
UnityEngine.Debug:ExtractStackTraceNoAlloc (byte*,int,string)
UnityEngine.StackTraceUtility:ExtractStackTrace ()
UnityEngine.DebugLogHandler:Internal_Log (UnityEngine.LogType,UnityEngine.LogOption,string,UnityEngine.Object)
UnityEngine.DebugLogHandler:LogFormat (UnityEngine.LogType,UnityEngine.Object,string,object[])
UnityEngine.Logger:Log (UnityEngine.LogType,object)
UnityEngine.Debug:Log (object)
MetaXRAcousticNativeInterface:FindInterface () (at ./Library/PackageCache/com.meta.xr.sdk.audio@baafb66e77db/Runtime/scripts/MetaXRAcousticNativeInterface.cs:296)
MetaXRAcousticNativeInterface:get_Interface () (at ./Library/PackageCache/com.meta.xr.sdk.audio@baafb66e77db/Runtime/scripts/MetaXRAcousticNativeInterface.cs:248)
MetaXRAcousticSettings:ApplyAllSettings () (at ./Library/PackageCache/com.meta.xr.sdk.audio@baafb66e77db/Runtime/scripts/MetaXRAcousticSettings.cs:105)
MetaXRAcousticSettings:OnBeforeSceneLoadRuntimeMethod () (at ./Library/PackageCache/com.meta.xr.sdk.audio@baafb66e77db/Runtime/scripts/MetaXRAcousticSettings.cs:38)

(Filename: ./Library/PackageCache/com.meta.xr.sdk.audio@baafb66e77db/Runtime/scripts/MetaXRAcousticNativeInterface.cs Line: 296)

Setting spatial voice limit: 64
UnityEngine.Debug:ExtractStackTraceNoAlloc (byte*,int,string)
UnityEngine.StackTraceUtility:ExtractStackTrace ()
UnityEngine.DebugLogHandler:Internal_Log (UnityEngine.LogType,UnityEngine.LogOption,string,UnityEngine.Object)
UnityEngine.DebugLogHandler:LogFormat (UnityEngine.LogType,UnityEngine.Object,string,object[])
UnityEngine.Logger:Log (UnityEngine.LogType,object)
UnityEngine.Debug:Log (object)
MetaXRAudioSource:OnBeforeSceneLoadRuntimeMethod () (at ./Library/PackageCache/com.meta.xr.sdk.audio@baafb66e77db/Runtime/scripts/MetaXRAudioSource.cs:51)

(Filename: ./Library/PackageCache/com.meta.xr.sdk.audio@baafb66e77db/Runtime/scripts/MetaXRAudioSource.cs Line: 51)

I0730 13:22:54.784546 16024 OVRTelemetry.cpp:57] Telemetry_Init: calling startSession with engineName=Unity, pluginVersion=1.204.0
I0730 13:22:54.784651 16024 OVRTelemetry.cpp:61] Telemetry_Init: startSession completed successfully
No Meta XR Audio Room found, setting default room
UnityEngine.Debug:ExtractStackTraceNoAlloc (byte*,int,string)
UnityEngine.StackTraceUtility:ExtractStackTrace ()
UnityEngine.DebugLogHandler:Internal_Log (UnityEngine.LogType,UnityEngine.LogOption,string,UnityEngine.Object)
UnityEngine.DebugLogHandler:LogFormat (UnityEngine.LogType,UnityEngine.Object,string,object[])
UnityEngine.Logger:Log (UnityEngine.LogType,object)
UnityEngine.Debug:Log (object)
MetaXRAudioRoomAcousticProperties:CheckSceneHasRoom () (at ./Library/PackageCache/com.meta.xr.sdk.audio@baafb66e77db/Runtime/scripts/MetaXRAudioRoomAcousticProperties.cs:162)

(Filename: ./Library/PackageCache/com.meta.xr.sdk.audio@baafb66e77db/Runtime/scripts/MetaXRAudioRoomAcousticProperties.cs Line: 162)

Meta XR Audio Native Interface initialized with Unity plugin
UnityEngine.Debug:ExtractStackTraceNoAlloc (byte*,int,string)
UnityEngine.StackTraceUtility:ExtractStackTrace ()
UnityEngine.DebugLogHandler:Internal_Log (UnityEngine.LogType,UnityEngine.LogOption,string,UnityEngine.Object)
UnityEngine.DebugLogHandler:LogFormat (UnityEngine.LogType,UnityEngine.Object,string,object[])
UnityEngine.Logger:Log (UnityEngine.LogType,object)
UnityEngine.Debug:Log (object)
MetaXRAudioNativeInterface:FindInterface () (at ./Library/PackageCache/com.meta.xr.sdk.audio@baafb66e77db/Runtime/scripts/MetaXRAudioNativeInterface.cs:107)
MetaXRAudioNativeInterface:get_Interface () (at ./Library/PackageCache/com.meta.xr.sdk.audio@baafb66e77db/Runtime/scripts/MetaXRAudioNativeInterface.cs:81)
MetaXRAudioRoomAcousticProperties:Update () (at ./Library/PackageCache/com.meta.xr.sdk.audio@baafb66e77db/Runtime/scripts/MetaXRAudioRoomAcousticProperties.cs:184)
MetaXRAudioRoomAcousticProperties:CheckSceneHasRoom () (at ./Library/PackageCache/com.meta.xr.sdk.audio@baafb66e77db/Runtime/scripts/MetaXRAudioRoomAcousticProperties.cs:165)

(Filename: ./Library/PackageCache/com.meta.xr.sdk.audio@baafb66e77db/Runtime/scripts/MetaXRAudioNativeInterface.cs Line: 107)

Loaded scene 'Temp/__Backupscenes/0.backup'
	Deserialize:            149.229 ms
	Integration:            13958.376 ms
	Integration of assets:  1.434 ms
	Thread Wait Time:       -1.196 ms
	Total Operation Time:   14107.843 ms
[HRT] RulesProvider: loaded 4 remote rule(s) (schema v1).
UnityEngine.Debug:ExtractStackTraceNoAlloc (byte*,int,string)
UnityEngine.StackTraceUtility:ExtractStackTrace ()
UnityEngine.DebugLogHandler:Internal_Log (UnityEngine.LogType,UnityEngine.LogOption,string,UnityEngine.Object)
UnityEngine.DebugLogHandler:LogFormat (UnityEngine.LogType,UnityEngine.Object,string,object[])
UnityEngine.Logger:Log (UnityEngine.LogType,object)
UnityEngine.Debug:Log (object)
Meta.HandReadinessTool.Editor.HandReadinessRulesProvider:EmitSuccess (int,int) (at ./Library/PackageCache/com.meta.xr.sdk.core@c0efcbf2ba70/Editor/HandReadinessTool/HandReadinessRulesProvider.cs:175)
Meta.HandReadinessTool.Editor.HandReadinessRulesProvider/<FetchAndSwap>d__11:MoveNext () (at ./Library/PackageCache/com.meta.xr.sdk.core@c0efcbf2ba70/Editor/HandReadinessTool/HandReadinessRulesProvider.cs:125)
System.Runtime.CompilerServices.AsyncMethodBuilderCore/MoveNextRunner:InvokeMoveNext (object)
System.Threading.ExecutionContext:RunInternal (System.Threading.ExecutionContext,System.Threading.ContextCallback,object,bool)
System.Threading.ExecutionContext:Run (System.Threading.ExecutionContext,System.Threading.ContextCallback,object,bool)
System.Runtime.CompilerServices.AsyncMethodBuilderCore/MoveNextRunner:Run ()
System.Threading.Tasks.AwaitTaskContinuation:InvokeAction (object)
System.Threading.Tasks.AwaitTaskContinuation:RunCallback (System.Threading.ContextCallback,object,System.Threading.Tasks.Task&)
System.Threading.Tasks.SynchronizationContextAwaitTaskContinuation:Run (System.Threading.Tasks.Task,bool)
System.Threading.Tasks.Task:FinishContinuations ()
System.Threading.Tasks.Task:FinishStageThree ()
System.Threading.Tasks.Task`1<Meta.XR.Editor.RemoteContent.DownloadResult`1<Meta.HandReadinessTool.Editor.HandReadinessRulesProvider/RulesPayload>>:TrySetResult (Meta.XR.Editor.RemoteContent.DownloadResult`1<Meta.HandReadinessTool.Editor.HandReadinessRulesProvider/RulesPayload>)
System.Runtime.CompilerServices.AsyncTaskMethodBuilder`1<Meta.XR.Editor.RemoteContent.DownloadResult`1<Meta.HandReadinessTool.Editor.HandReadinessRulesProvider/RulesPayload>>:SetResult (Meta.XR.Editor.RemoteContent.DownloadResult`1<Meta.HandReadinessTool.Editor.HandReadinessRulesProvider/RulesPayload>)
Meta.XR.Editor.UserInterface.RemoteJsonContent`1/<Create>d__1<Meta.HandReadinessTool.Editor.HandReadinessRulesProvider/RulesPayload>:MoveNext () (at ./Library/PackageCache/com.meta.xr.sdk.core@c0efcbf2ba70/Editor/Utils/UserInterface/RemoteJsonContent.cs:56)
System.Runtime.CompilerServices.AsyncMethodBuilderCore/MoveNextRunner:InvokeMoveNext (object)
System.Threading.ExecutionContext:RunInternal (System.Threading.ExecutionContext,System.Threading.ContextCallback,object,bool)
System.Threading.ExecutionContext:Run (System.Threading.ExecutionContext,System.Threading.ContextCallback,object,bool)
System.Runtime.CompilerServices.AsyncMethodBuilderCore/MoveNextRunner:Run ()
System.Threading.Tasks.AwaitTaskContinuation:InvokeAction (object)
System.Threading.Tasks.AwaitTaskContinuation:RunCallback (System.Threading.ContextCallback,object,System.Threading.Tasks.Task&)
System.Threading.Tasks.SynchronizationContextAwaitTaskContinuation:Run (System.Threading.Tasks.Task,bool)
System.Threading.Tasks.Task:FinishContinuations ()
System.Threading.Tasks.Task:FinishStageThree ()
System.Threading.Tasks.Task`1<Meta.XR.Editor.RemoteContent.DownloadResult`1<string>>:TrySetResult (Meta.XR.Editor.RemoteContent.DownloadResult`1<string>)
System.Runtime.CompilerServices.AsyncTaskMethodBuilder`1<Meta.XR.Editor.RemoteContent.DownloadResult`1<string>>:SetResult (Meta.XR.Editor.RemoteContent.DownloadResult`1<string>)
Meta.XR.Editor.RemoteContent.RemoteJsonContentDownloader/<Fetch>d__3:MoveNext () (at ./Library/PackageCache/com.meta.xr.sdk.core@c0efcbf2ba70/Editor/Utils/RemoteContent/RemoteContentDownloader.cs:374)
System.Runtime.CompilerServices.AsyncMethodBuilderCore/MoveNextRunner:InvokeMoveNext (object)
System.Threading.ExecutionContext:RunInternal (System.Threading.ExecutionContext,System.Threading.ContextCallback,object,bool)
System.Threading.ExecutionContext:Run (System.Threading.ExecutionContext,System.Threading.ContextCallback,object,bool)
System.Runtime.CompilerServices.AsyncMethodBuilderCore/MoveNextRunner:Run ()
System.Threading.Tasks.AwaitTaskContinuation:InvokeAction (object)
System.Threading.Tasks.AwaitTaskContinuation:RunCallback (System.Threading.ContextCallback,object,System.Threading.Tasks.Task&)
System.Threading.Tasks.SynchronizationContextAwaitTaskContinuation:Run (System.Threading.Tasks.Task,bool)
System.Threading.Tasks.Task:FinishContinuations ()
System.Threading.Tasks.Task:FinishStageThree ()
System.Threading.Tasks.Task`1<Meta.XR.Editor.RemoteContent.DownloadResult`1<string>>:TrySetResult (Meta.XR.Editor.RemoteContent.DownloadResult`1<string>)
System.Runtime.CompilerServices.AsyncTaskMethodBuilder`1<Meta.XR.Editor.RemoteContent.DownloadResult`1<string>>:SetResult (Meta.XR.Editor.RemoteContent.DownloadResult`1<string>)
Meta.XR.Editor.RemoteContent.RemoteContentDownloader`1/<Fetch>d__31`1<Meta.XR.Editor.RemoteContent.RemoteJsonContentDownloader, string>:MoveNext () (at ./Library/PackageCache/com.meta.xr.sdk.core@c0efcbf2ba70/Editor/Utils/RemoteContent/RemoteContentDownloader.cs:309)
System.Runtime.CompilerServices.AsyncMethodBuilderCore/MoveNextRunner:InvokeMoveNext (object)
System.Threading.ExecutionContext:RunInternal (System.Threading.ExecutionContext,System.Threading.ContextCallback,object,bool)
System.Threading.ExecutionContext:Run (System.Threading.ExecutionContext,System.Threading.ContextCallback,object,bool)
System.Runtime.CompilerServices.AsyncMethodBuilderCore/MoveNextRunner:Run ()
System.Threading.Tasks.AwaitTaskContinuation:InvokeAction (object)
System.Threading.Tasks.AwaitTaskContinuation:RunCallback (System.Threading.ContextCallback,object,System.Threading.Tasks.Task&)
System.Threading.Tasks.SynchronizationContextAwaitTaskContinuation:Run (System.Threading.Tasks.Task,bool)
System.Threading.Tasks.Task:FinishContinuations ()
System.Threading.Tasks.Task:FinishStageThree ()
System.Threading.Tasks.Task`1<string>:TrySetResult (string)
System.Runtime.CompilerServices.AsyncTaskMethodBuilder`1<string>:SetResult (string)
Meta.XR.Editor.RemoteContent.RemoteJsonContentDownloader/<ReadFromCache>d__5`1<string>:MoveNext () (at ./Library/PackageCache/com.meta.xr.sdk.core@c0efcbf2ba70/Editor/Utils/RemoteContent/RemoteContentDownloader.cs:401)
System.Runtime.CompilerServices.AsyncMethodBuilderCore/MoveNextRunner:InvokeMoveNext (object)
System.Threading.ExecutionContext:RunInternal (System.Threading.ExecutionContext,System.Threading.ContextCallback,object,bool)
System.Threading.ExecutionContext:Run (System.Threading.ExecutionContext,System.Threading.ContextCallback,object,bool)
System.Runtime.CompilerServices.AsyncMethodBuilderCore/MoveNextRunner:Run ()
System.Threading.Tasks.SynchronizationContextAwaitTaskContinuation/<>c:<.cctor>b__7_0 (object)
UnityEngine.UnitySynchronizationContext/WorkRequest:Invoke ()
UnityEngine.UnitySynchronizationContext:Exec ()
UnityEngine.UnitySynchronizationContext:ExecuteTasks ()

(Filename: ./Library/PackageCache/com.meta.xr.sdk.core@c0efcbf2ba70/Editor/HandReadinessTool/HandReadinessRulesProvider.cs Line: 175)

[HRT] PromptProvider: loaded remote prompt (systemPrompt=4925c, references=2, schema v1).
UnityEngine.Debug:ExtractStackTraceNoAlloc (byte*,int,string)
UnityEngine.StackTraceUtility:ExtractStackTrace ()
UnityEngine.DebugLogHandler:Internal_Log (UnityEngine.LogType,UnityEngine.LogOption,string,UnityEngine.Object)
UnityEngine.DebugLogHandler:LogFormat (UnityEngine.LogType,UnityEngine.Object,string,object[])
UnityEngine.Logger:Log (UnityEngine.LogType,object)
UnityEngine.Debug:Log (object)
Meta.HandReadinessTool.Editor.HandReadinessPromptProvider:EmitSuccess (int,int,int) (at ./Library/PackageCache/com.meta.xr.sdk.core@c0efcbf2ba70/Editor/HandReadinessTool/HandReadinessPromptProvider.cs:159)
Meta.HandReadinessTool.Editor.HandReadinessPromptProvider/<FetchAndSwap>d__11:MoveNext () (at ./Library/PackageCache/com.meta.xr.sdk.core@c0efcbf2ba70/Editor/HandReadinessTool/HandReadinessPromptProvider.cs:122)
System.Runtime.CompilerServices.AsyncMethodBuilderCore/MoveNextRunner:InvokeMoveNext (object)
System.Threading.ExecutionContext:RunInternal (System.Threading.ExecutionContext,System.Threading.ContextCallback,object,bool)
System.Threading.ExecutionContext:Run (System.Threading.ExecutionContext,System.Threading.ContextCallback,object,bool)
System.Runtime.CompilerServices.AsyncMethodBuilderCore/MoveNextRunner:Run ()
System.Threading.Tasks.AwaitTaskContinuation:InvokeAction (object)
System.Threading.Tasks.AwaitTaskContinuation:RunCallback (System.Threading.ContextCallback,object,System.Threading.Tasks.Task&)
System.Threading.Tasks.SynchronizationContextAwaitTaskContinuation:Run (System.Threading.Tasks.Task,bool)
System.Threading.Tasks.Task:FinishContinuations ()
System.Threading.Tasks.Task:FinishStageThree ()
System.Threading.Tasks.Task`1<Meta.XR.Editor.RemoteContent.DownloadResult`1<Meta.HandReadinessTool.Editor.HandReadinessPromptProvider/PromptPayload>>:TrySetResult (Meta.XR.Editor.RemoteContent.DownloadResult`1<Meta.HandReadinessTool.Editor.HandReadinessPromptProvider/PromptPayload>)
System.Runtime.CompilerServices.AsyncTaskMethodBuilder`1<Meta.XR.Editor.RemoteContent.DownloadResult`1<Meta.HandReadinessTool.Editor.HandReadinessPromptProvider/PromptPayload>>:SetResult (Meta.XR.Editor.RemoteContent.DownloadResult`1<Meta.HandReadinessTool.Editor.HandReadinessPromptProvider/PromptPayload>)
Meta.XR.Editor.UserInterface.RemoteJsonContent`1/<Create>d__1<Meta.HandReadinessTool.Editor.HandReadinessPromptProvider/PromptPayload>:MoveNext () (at ./Library/PackageCache/com.meta.xr.sdk.core@c0efcbf2ba70/Editor/Utils/UserInterface/RemoteJsonContent.cs:56)
System.Runtime.CompilerServices.AsyncMethodBuilderCore/MoveNextRunner:InvokeMoveNext (object)
System.Threading.ExecutionContext:RunInternal (System.Threading.ExecutionContext,System.Threading.ContextCallback,object,bool)
System.Threading.ExecutionContext:Run (System.Threading.ExecutionContext,System.Threading.ContextCallback,object,bool)
System.Runtime.CompilerServices.AsyncMethodBuilderCore/MoveNextRunner:Run ()
System.Threading.Tasks.AwaitTaskContinuation:InvokeAction (object)
System.Threading.Tasks.AwaitTaskContinuation:RunCallback (System.Threading.ContextCallback,object,System.Threading.Tasks.Task&)
System.Threading.Tasks.SynchronizationContextAwaitTaskContinuation:Run (System.Threading.Tasks.Task,bool)
System.Threading.Tasks.Task:FinishContinuations ()
System.Threading.Tasks.Task:FinishStageThree ()
System.Threading.Tasks.Task`1<Meta.XR.Editor.RemoteContent.DownloadResult`1<string>>:TrySetResult (Meta.XR.Editor.RemoteContent.DownloadResult`1<string>)
System.Runtime.CompilerServices.AsyncTaskMethodBuilder`1<Meta.XR.Editor.RemoteContent.DownloadResult`1<string>>:SetResult (Meta.XR.Editor.RemoteContent.DownloadResult`1<string>)
Meta.XR.Editor.RemoteContent.RemoteJsonContentDownloader/<Fetch>d__3:MoveNext () (at ./Library/PackageCache/com.meta.xr.sdk.core@c0efcbf2ba70/Editor/Utils/RemoteContent/RemoteContentDownloader.cs:374)
System.Runtime.CompilerServices.AsyncMethodBuilderCore/MoveNextRunner:InvokeMoveNext (object)
System.Threading.ExecutionContext:RunInternal (System.Threading.ExecutionContext,System.Threading.ContextCallback,object,bool)
System.Threading.ExecutionContext:Run (System.Threading.ExecutionContext,System.Threading.ContextCallback,object,bool)
System.Runtime.CompilerServices.AsyncMethodBuilderCore/MoveNextRunner:Run ()
System.Threading.Tasks.AwaitTaskContinuation:InvokeAction (object)
System.Threading.Tasks.AwaitTaskContinuation:RunCallback (System.Threading.ContextCallback,object,System.Threading.Tasks.Task&)
System.Threading.Tasks.SynchronizationContextAwaitTaskContinuation:Run (System.Threading.Tasks.Task,bool)
System.Threading.Tasks.Task:FinishContinuations ()
System.Threading.Tasks.Task:FinishStageThree ()
System.Threading.Tasks.Task`1<Meta.XR.Editor.RemoteContent.DownloadResult`1<string>>:TrySetResult (Meta.XR.Editor.RemoteContent.DownloadResult`1<string>)
System.Runtime.CompilerServices.AsyncTaskMethodBuilder`1<Meta.XR.Editor.RemoteContent.DownloadResult`1<string>>:SetResult (Meta.XR.Editor.RemoteContent.DownloadResult`1<string>)
Meta.XR.Editor.RemoteContent.RemoteContentDownloader`1/<Fetch>d__31`1<Meta.XR.Editor.RemoteContent.RemoteJsonContentDownloader, string>:MoveNext () (at ./Library/PackageCache/com.meta.xr.sdk.core@c0efcbf2ba70/Editor/Utils/RemoteContent/RemoteContentDownloader.cs:309)
System.Runtime.CompilerServices.AsyncMethodBuilderCore/MoveNextRunner:InvokeMoveNext (object)
System.Threading.ExecutionContext:RunInternal (System.Threading.ExecutionContext,System.Threading.ContextCallback,object,bool)
System.Threading.ExecutionContext:Run (System.Threading.ExecutionContext,System.Threading.ContextCallback,object,bool)
System.Runtime.CompilerServices.AsyncMethodBuilderCore/MoveNextRunner:Run ()
System.Threading.Tasks.AwaitTaskContinuation:InvokeAction (object)
System.Threading.Tasks.AwaitTaskContinuation:RunCallback (System.Threading.ContextCallback,object,System.Threading.Tasks.Task&)
System.Threading.Tasks.SynchronizationContextAwaitTaskContinuation:Run (System.Threading.Tasks.Task,bool)
System.Threading.Tasks.Task:FinishContinuations ()
System.Threading.Tasks.Task:FinishStageThree ()
System.Threading.Tasks.Task`1<string>:TrySetResult (string)
System.Runtime.CompilerServices.AsyncTaskMethodBuilder`1<string>:SetResult (string)
Meta.XR.Editor.RemoteContent.RemoteJsonContentDownloader/<ReadFromCache>d__5`1<string>:MoveNext () (at ./Library/PackageCache/com.meta.xr.sdk.core@c0efcbf2ba70/Editor/Utils/RemoteContent/RemoteContentDownloader.cs:401)
System.Runtime.CompilerServices.AsyncMethodBuilderCore/MoveNextRunner:InvokeMoveNext (object)
System.Threading.ExecutionContext:RunInternal (System.Threading.ExecutionContext,System.Threading.ContextCallback,object,bool)
System.Threading.ExecutionContext:Run (System.Threading.ExecutionContext,System.Threading.ContextCallback,object,bool)
System.Runtime.CompilerServices.AsyncMethodBuilderCore/MoveNextRunner:Run ()
System.Threading.Tasks.SynchronizationContextAwaitTaskContinuation/<>c:<.cctor>b__7_0 (object)
UnityEngine.UnitySynchronizationContext/WorkRequest:Invoke ()
UnityEngine.UnitySynchronizationContext:Exec ()
UnityEngine.UnitySynchronizationContext:ExecuteTasks ()

(Filename: ./Library/PackageCache/com.meta.xr.sdk.core@c0efcbf2ba70/Editor/HandReadinessTool/HandReadinessPromptProvider.cs Line: 159)

[Licensing::Client] Successfully resolved entitlement details
Importing 'GUID: d956a18424719af428693dcac839750c - Path: Assets/XR/Settings/OpenXRPackageSettings.asset' with importer (NativeFormatImporter)
Imported 'GUID: d956a18424719af428693dcac839750c' -> (Import Result ID: '88bcd36b2460bf0f617670fadc33a49c') in 0.002 seconds [static dependencies only]. Details - ImportResultOutputID=bcd7e65b8a6f7bb17c8fdf06d3ea7ee7 DependenciesID=7abe9b0e162e57a3076ff90b0e4d5caf StaticDependenciesID=9f1635b36792e6b3964f847f8787c45e 
Refreshing native plugins compatible for Editor in 21.00 ms, found 21 plugins.
Asset Pipeline Refresh (id=c8a6688b2fe65244aaef95d049f83f82): Total: 0.155 seconds - Initiated by StopAssetImportingV2(NoUpdateAssetOptions)
[Licensing::Client] Successfully resolved entitlement details
<color=cyan>[VR Auto-Setup] Configuring OpenXR & VR Headset settings...</color>
UnityEngine.Debug:ExtractStackTraceNoAlloc (byte*,int,string)
UnityEngine.StackTraceUtility:ExtractStackTrace ()
UnityEngine.DebugLogHandler:Internal_Log (UnityEngine.LogType,UnityEngine.LogOption,string,UnityEngine.Object)
UnityEngine.DebugLogHandler:LogFormat (UnityEngine.LogType,UnityEngine.Object,string,object[])
UnityEngine.Logger:Log (UnityEngine.LogType,object)
UnityEngine.Debug:Log (object)
SolarSystemScope.VROpenXRAutoSetup:EnsureVROpenXRConfigured () (at Assets/Scripts/VROpenXRAutoSetup.cs:24)
UnityEditor.EditorApplication:Internal_CallDelayFunctions ()

(Filename: Assets/Scripts/VROpenXRAutoSetup.cs Line: 24)

<color=green>[VR Auto-Setup] Standalone PC OpenXR Manager Active!</color>
UnityEngine.Debug:ExtractStackTraceNoAlloc (byte*,int,string)
UnityEngine.StackTraceUtility:ExtractStackTrace ()
UnityEngine.DebugLogHandler:Internal_Log (UnityEngine.LogType,UnityEngine.LogOption,string,UnityEngine.Object)
UnityEngine.DebugLogHandler:LogFormat (UnityEngine.LogType,UnityEngine.Object,string,object[])
UnityEngine.Logger:Log (UnityEngine.LogType,object)
UnityEngine.Debug:Log (object)
SolarSystemScope.EditorXRSettingsUtility:EnableOpenXRForStandalone () (at Assets/Scripts/VROpenXRAutoSetup.cs:42)
SolarSystemScope.VROpenXRAutoSetup:EnsureVROpenXRConfigured () (at Assets/Scripts/VROpenXRAutoSetup.cs:29)
UnityEditor.EditorApplication:Internal_CallDelayFunctions ()

(Filename: Assets/Scripts/VROpenXRAutoSetup.cs Line: 42)

[TestRunnerTools] Callbacks registered after domain reload
UnityEngine.Debug:ExtractStackTraceNoAlloc (byte*,int,string)
UnityEngine.StackTraceUtility:ExtractStackTrace ()
UnityEngine.DebugLogHandler:Internal_Log (UnityEngine.LogType,UnityEngine.LogOption,string,UnityEngine.Object)
UnityEngine.DebugLogHandler:LogFormat (UnityEngine.LogType,UnityEngine.Object,string,object[])
UnityEngine.Logger:Log (UnityEngine.LogType,object)
UnityEngine.Debug:Log (object)
Meta.MCPBridge.Editor.TestRunnerTools:EnsureCallbacksRegistered () (at ./Library/PackageCache/com.meta.xr.sdk.core@c0efcbf2ba70/Editor/MCPBridge/TestRunnerTools.cs:108)
Meta.MCPBridge.Editor.TestRunnerTools:InitializeOnMainThread () (at ./Library/PackageCache/com.meta.xr.sdk.core@c0efcbf2ba70/Editor/MCPBridge/TestRunnerTools.cs:95)
UnityEditor.EditorApplication:Internal_CallDelayFunctions ()

(Filename: ./Library/PackageCache/com.meta.xr.sdk.core@c0efcbf2ba70/Editor/MCPBridge/TestRunnerTools.cs Line: 108)

[TestRunnerTools] Cache loaded from EditorPrefs: RunId=, IsRunning=False
UnityEngine.Debug:ExtractStackTraceNoAlloc (byte*,int,string)
UnityEngine.StackTraceUtility:ExtractStackTrace ()
UnityEngine.DebugLogHandler:Internal_Log (UnityEngine.LogType,UnityEngine.LogOption,string,UnityEngine.Object)
UnityEngine.DebugLogHandler:LogFormat (UnityEngine.LogType,UnityEngine.Object,string,object[])
UnityEngine.Logger:Log (UnityEngine.LogType,object)
UnityEngine.Debug:Log (object)
Meta.MCPBridge.Editor.TestRunnerTools:LoadCacheFromEditorPrefsUnsafe () (at ./Library/PackageCache/com.meta.xr.sdk.core@c0efcbf2ba70/Editor/MCPBridge/TestRunnerTools.cs:169)
Meta.MCPBridge.Editor.TestRunnerTools:EnsureCacheInitialized () (at ./Library/PackageCache/com.meta.xr.sdk.core@c0efcbf2ba70/Editor/MCPBridge/TestRunnerTools.cs:132)
Meta.MCPBridge.Editor.TestRunnerTools:get_IsRunning () (at ./Library/PackageCache/com.meta.xr.sdk.core@c0efcbf2ba70/Editor/MCPBridge/TestRunnerTools.cs:191)
Meta.MCPBridge.Editor.TestRunnerTools:EnsureCallbacksRegistered () (at ./Library/PackageCache/com.meta.xr.sdk.core@c0efcbf2ba70/Editor/MCPBridge/TestRunnerTools.cs:112)
Meta.MCPBridge.Editor.TestRunnerTools:InitializeOnMainThread () (at ./Library/PackageCache/com.meta.xr.sdk.core@c0efcbf2ba70/Editor/MCPBridge/TestRunnerTools.cs:95)
UnityEditor.EditorApplication:Internal_CallDelayFunctions ()

(Filename: ./Library/PackageCache/com.meta.xr.sdk.core@c0efcbf2ba70/Editor/MCPBridge/TestRunnerTools.cs Line: 169)

[Licensing::Client] Successfully resolved entitlement details
[Licensing::Client] Successfully resolved entitlement details
Invalid editor window of type: Meta.XR.Guides.Editor.GuideWindow, title: Welcome to Meta XR SDK
UnityEngine.Debug:ExtractStackTraceNoAlloc (byte*,int,string)
UnityEngine.StackTraceUtility:ExtractStackTrace ()
UnityEngine.DebugLogHandler:Internal_Log (UnityEngine.LogType,UnityEngine.LogOption,string,UnityEngine.Object)
UnityEngine.DebugLogHandler:LogFormat (UnityEngine.LogType,UnityEngine.Object,string,object[])
UnityEngine.Logger:LogFormat (UnityEngine.LogType,string,object[])
UnityEngine.Debug:LogErrorFormat (string,object[])
UnityEditor.WindowLayout:CheckWindowConsistency ()
UnityEditor.WindowLayout:MaximizePresent (UnityEditor.EditorWindow)
UnityEditor.WindowLayout:Maximize (UnityEditor.EditorWindow)
UnityEditor.EditorWindow:set_maximized (bool)
UnityEditor.DockArea/<>c__DisplayClass94_0:<WindowMaximizeStateOnDoubleClick>b__0 ()
UnityEditor.EditorApplication:Internal_CallDelayFunctions ()

Asset Pipeline Refresh (id=8a8af62b4a0c6154293b1a764eb11bcb): Total: 0.069 seconds - Initiated by RefreshV2(NoUpdateAssetOptions)
Asset Pipeline Refresh (id=fdbb22aa22b76104ea214f0b10808f95): Total: 0.038 seconds - Initiated by RefreshV2(NoUpdateAssetOptions)
Unloading 0 Unused Serialized files (Serialized files now loaded: 0)
Loaded scene 'Temp/__Backupscenes/0.backup'
	Deserialize:            214.638 ms
	Integration:            574.459 ms
	Integration of assets:  1.586 ms
	Thread Wait Time:       -1.234 ms
	Total Operation Time:   789.448 ms
Unloading 9845 unused Assets / (55.4 MB). Loaded Objects now: 16636.
Memory consumption went from 1.20 GB to 1.15 GB.
Total: 78.801600 ms (FindLiveObjects: 2.216700 ms CreateObjectMapping: 9.699300 ms MarkObjects: 44.625800 ms  DeleteObjects: 22.256600 ms)

[Licensing::Client] Successfully resolved entitlement details
Asset Pipeline Refresh (id=b476b6ef4213d8e4280dbb15b5ae8225): Total: 0.042 seconds - Initiated by RefreshV2(AllowForceSynchronousImport)
Importing 'GUID: d956a18424719af428693dcac839750c - Path: Assets/XR/Settings/OpenXRPackageSettings.asset' with importer (NativeFormatImporter)
Imported 'GUID: d956a18424719af428693dcac839750c' -> (Import Result ID: '88bcd36b2460bf0f617670fadc33a49c') in 0.002 seconds [static dependencies only]. Details - ImportResultOutputID=bcd7e65b8a6f7bb17c8fdf06d3ea7ee7 DependenciesID=7abe9b0e162e57a3076ff90b0e4d5caf StaticDependenciesID=9f1635b36792e6b3964f847f8787c45e 
Refreshing native plugins compatible for Editor in 26.68 ms, found 21 plugins.
Asset Pipeline Refresh (id=18575050e37abc9409c1ad6e7756c9e0): Total: 0.159 seconds - Initiated by StopAssetImportingV2(NoUpdateAssetOptions)
MonoPathRemapper: Attempts to remap: 102190; Successful remaps: 39424
Serialized file version minimum: 22, current 23
[LAYOUT] About to save layout C:\Users\User\InnvationChallenge\earth\My project (1)\UserSettings\Layouts\default-6000.dwlt
Cannot save invalid window Welcome to Meta XR SDK Welcome to Meta XR SDK (Meta.XR.Guides.Editor.GuideWindow) to layout.
UnityEngine.Debug:ExtractStackTraceNoAlloc (byte*,int,string)
UnityEngine.StackTraceUtility:ExtractStackTrace ()
UnityEngine.DebugLogHandler:Internal_Log (UnityEngine.LogType,UnityEngine.LogOption,string,UnityEngine.Object)
UnityEngine.DebugLogHandler:LogFormat (UnityEngine.LogType,UnityEngine.Object,string,object[])
UnityEngine.Logger:Log (UnityEngine.LogType,object)
UnityEngine.Debug:LogWarning (object)
UnityEditor.WindowLayout:SaveWindowLayout (string,bool)
UnityEditor.WindowLayout:SaveWindowLayout (string)
UnityEditor.WindowLayout:SaveCurrentLayoutPerMode (string)
UnityEditor.WindowLayout:SaveDefaultWindowPreferences ()

[LAYOUT] About to save layout C:/Users/User/AppData/Roaming/Unity/Editor-5.x/Preferences\Layouts\current\default-6000.dwlt
Cannot save invalid window Welcome to Meta XR SDK Welcome to Meta XR SDK (Meta.XR.Guides.Editor.GuideWindow) to layout.
UnityEngine.Debug:ExtractStackTraceNoAlloc (byte*,int,string)
UnityEngine.StackTraceUtility:ExtractStackTrace ()
UnityEngine.DebugLogHandler:Internal_Log (UnityEngine.LogType,UnityEngine.LogOption,string,UnityEngine.Object)
UnityEngine.DebugLogHandler:LogFormat (UnityEngine.LogType,UnityEngine.Object,string,object[])
UnityEngine.Logger:Log (UnityEngine.LogType,object)
UnityEngine.Debug:LogWarning (object)
UnityEditor.WindowLayout:SaveWindowLayout (string,bool)
UnityEditor.WindowLayout:SaveWindowLayout (string)
UnityEditor.WindowLayout:SaveCurrentLayoutPerMode (string)
UnityEditor.WindowLayout:SaveDefaultWindowPreferences ()

Killing ADB server in 0.0568307 seconds.
Input System module state changed to: ShutdownInProgress.
Input Polling Thread exited.
Input System module state changed to: Shutdown.
[Physics::Module] Cleanup current backend.
[Physics::Module] Id: 0xf2b8ea05
[Licensing::IpcConnector] LicenseClient-User-6000.5.4-notifications channel disconnected successfully.
[Licensing::IpcConnector] LicenseClient-User-6000.5.4 channel disconnected successfully.
Shut down.
AcceleratorClientConnectionCallback - disconnected - :0
Cleanup mono
CodeReloadManager destroyed
abort_threads: Failed aborting id: 0000000000001008, mono_thread_manage will ignore it

abort_threads: Failed aborting id: 000000000000449C, mono_thread_manage will ignore it

abort_threads: Failed aborting id: 0000000000001008, mono_thread_manage will ignore it

abort_threads: Failed aborting id: 000000000000449C, mono_thread_manage will ignore it

debugger-agent: Unable to listen on 3808
Checking for leaked weakptr:
  Found no leaked weakptrs.
[Package Manager] Server process was shutdown
##utp:{"type":"MemoryLeaks","version":2,"phase":"Immediate","time":1785392788214,"processId":19604,"allocatedMemory":57729366,"memoryLabels":[{"Default":335016},{"Permanent":15516},{"NewDelete":75941},{"Thread":4197560},{"Manager":820357},{"VertexData":8},{"Geometry":816},{"Texture":24},{"Shader":858632},{"Material":24},{"GfxDevice":55328},{"GfxThread":48},{"Animation":952},{"Audio":1544},{"FreeType":8},{"FontEngine":736},{"Physics":2146},{"Physics2D":16},{"Serialization":95400},{"Input":45280},{"JobScheduler":256},{"TextLib":19030},{"Mono":48},{"MonoCode":128},{"ScriptingNativeRuntime":1954292},{"BaseObject":1745802},{"Resource":1208},{"Renderer":3080},{"Transform":4685},{"File":57463},{"WebCam":616},{"Culling":32},{"Terrain":11442},{"Wind":24},{"STL":40},{"String":9750},{"StaticString":3808},{"Utility":2673450},{"PoolAlloc":2360},{"AI":80},{"TypeTree":18701},{"CodeReload":448},{"RuntimeInitializeOnLoadManager":64},{"Sprites":102},{"SpriteAtlas":120},{"GI":7816},{"Director":8296},{"CloudService":6808},{"WebRequest":12780},{"VR":52826},{"SceneManager":608},{"Video":208},{"LazyScriptCache":32},{"NativeArray":33082792},{"Camera":17},{"Secure":265},{"SerializationCache":1576},{"APIUpdating":10320},{"VirtualTexturing":57888},{"StaticSafetyDebugInfo":278528},{"NativePlugin":344170},{"Analytics":552},{"Hierarchy":1176},{"UIElements":877808},{"CoreStats":13688},{"Identifiers":6768},{"Gui":268149},{"EditorUtility":366983},{"VersionControl":8},{"Undo":931},{"AssetDatabase":9277592},{"AssetImporter":40},{"EditorGi":328},{"UnityConnect":35346},{"Upm":1988},{"UpmDiagnostics":8},{"AssetCompliance":64},{"DrivenProperties":72},{"LocalIPC":210},{"ProfilerEditor":9746},{"CoreBusinessMetrics":3478},{"Windowing":456},{"Licensing":664},{"AssetReference":32},{"IPCStream":32}]}
